{"doc.conf": ["sys.path.insert", "os.path.abspath", "os.environ.get", "re.split", "sphinx_rtd_theme.get_html_theme_path"], "os.path.abspath": [], "sys.path.insert": [], "os.environ.get": [], "doc.conf.setup": [], "re.split": [], "sphinx_rtd_theme.get_html_theme_path": [], "setup": ["json.dump", "sys.stdout.write", "re.match", "setuptools.setup", "os.path.dirname", "io.open", "os.path.join", "<builtin>.all"], "os.path.dirname": [], "os.path.join": [], "io.open": [], "re.match": [], "<builtin>.all": [], "json.dump": [], "sys.stdout.write": [], "setuptools.setup": [], "test.test_cmdline": ["mock.patch", "mock.patch.object"], "test.test_cmdline.get_mocked_stderr": ["io.BytesIO", "io.StringIO"], "io.BytesIO": [], "io.StringIO": [], "mock.patch.object": [], "test.test_cmdline.test_unknown_argument_is_error": ["dh_virtualenv.cmdline.DebhelperOptionParser.parse_args", "optparse.OptionParser.__init__", "nose.tools.eq_"], "optparse.OptionParser.__init__": [], "dh_virtualenv.cmdline.DebhelperOptionParser.parse_args": ["optparse.OptionParser._get_args", "optparse.OptionParser.has_option", "optparse.OptionParser.parse_args", "os.environ.get"], "nose.tools.eq_": [], "test.test_cmdline.test_test_debhelper_option_parsing": ["optparse.OptionParser.add_option", "dh_virtualenv.cmdline.DebhelperOptionParser.parse_args", "optparse.OptionParser.__init__", "nose.tools.eq_"], "optparse.OptionParser.add_option": [], "test.test_cmdline.test_ignore_unknown_debhelper_options": ["optparse.OptionParser.add_option", "dh_virtualenv.cmdline.DebhelperOptionParser.parse_args", "optparse.OptionParser.__init__", "nose.tools.eq_"], "test.test_cmdline.test_parser_picks_up_DH_OPTIONS_from_environ": ["dh_virtualenv.cmdline.DebhelperOptionParser.parse_args", "dh_virtualenv.cmdline.get_default_parser", "mock.patch.dict", "nose.tools.eq_"], "mock.patch.dict": [], "dh_virtualenv.cmdline.get_default_parser": ["optparse.OptionParser.add_option", "optparse.OptionParser.__init__"], "test.test_cmdline.test_get_default_parser": ["dh_virtualenv.cmdline.DebhelperOptionParser.parse_args", "dh_virtualenv.cmdline.get_default_parser", "nose.tools.eq_"], "test.test_cmdline.test_pypi_url_creates_deprecation_warning": ["<builtin>.issubclass", "dh_virtualenv.cmdline.DebhelperOptionParser.parse_args", "nose.tools.eq_", "nose.tools.ok_", "<builtin>.str", "warnings.catch_warnings", "dh_virtualenv.cmdline.get_default_parser", "<builtin>.len"], "warnings.catch_warnings": [], "<builtin>.len": [], "<builtin>.issubclass": [], "nose.tools.ok_": [], "<builtin>.str": [], "test.test_cmdline.test_no_test_creates_deprecation_warning": ["<builtin>.issubclass", "dh_virtualenv.cmdline.DebhelperOptionParser.parse_args", "nose.tools.eq_", "nose.tools.ok_", "<builtin>.str", "warnings.catch_warnings", "dh_virtualenv.cmdline.get_default_parser", "<builtin>.len"], "mock.patch": [], "test.test_cmdline.test_pypi_url_index_url_conflict": ["dh_virtualenv.cmdline.DebhelperOptionParser.parse_args", "mock.patch", "test.test_cmdline.get_mocked_stderr", "nose.tools.ok_", "dh_virtualenv.cmdline.get_default_parser"], "test.test_cmdline.test_test_flag_conflict": ["dh_virtualenv.cmdline.DebhelperOptionParser.parse_args", "mock.patch", "test.test_cmdline.get_mocked_stderr", "nose.tools.ok_", "dh_virtualenv.cmdline.get_default_parser"], "test.test_cmdline.test_pypi_url_index_url_conflict_independent_from_order": ["dh_virtualenv.cmdline.DebhelperOptionParser.parse_args", "mock.patch", "test.test_cmdline.get_mocked_stderr", "nose.tools.ok_", "dh_virtualenv.cmdline.get_default_parser"], "test.test_cmdline.test_that_default_test_option_should_be_false": ["dh_virtualenv.cmdline.DebhelperOptionParser.parse_args", "dh_virtualenv.cmdline.get_default_parser", "nose.tools.eq_"], "test.test_cmdline.test_that_test_option_can_be_true": ["dh_virtualenv.cmdline.DebhelperOptionParser.parse_args", "dh_virtualenv.cmdline.get_default_parser", "nose.tools.eq_"], "test.test_cmdline.test_that_no_test_option_has_no_effect": ["dh_virtualenv.cmdline.DebhelperOptionParser.parse_args", "dh_virtualenv.cmdline.get_default_parser", "nose.tools.eq_"], "test.test_cmdline.test_that_default_use_system_packages_option_should_be_false": ["dh_virtualenv.cmdline.DebhelperOptionParser.parse_args", "dh_virtualenv.cmdline.get_default_parser", "nose.tools.eq_"], "test.test_cmdline.test_that_use_system_packages_option_can_be_true": ["dh_virtualenv.cmdline.DebhelperOptionParser.parse_args", "dh_virtualenv.cmdline.get_default_parser", "nose.tools.eq_"], "test.test_cmdline.test_builtin_venv_and_setuptools_conflict": ["dh_virtualenv.cmdline.DebhelperOptionParser.parse_args", "mock.patch", "test.test_cmdline.get_mocked_stderr", "nose.tools.ok_", "dh_virtualenv.cmdline.get_default_parser"], "dh_virtualenv": [], "dh_virtualenv.deployment": [], "dh_virtualenv.deployment.Deployment.__init__": ["os.path.abspath", "tempfile.NamedTemporaryFile", "os.environ.get", "dh_virtualenv.deployment.Deployment.venv_bin", "os.path.join"], "tempfile.NamedTemporaryFile": [], "dh_virtualenv.deployment.Deployment.venv_bin": ["os.path.join", "os.path.abspath"], "dh_virtualenv.deployment.Deployment.from_options": ["os.environ.get", "dh_virtualenv.deployment.Deployment.__init__"], "dh_virtualenv.deployment.Deployment.clean": ["shutil.rmtree"], "shutil.rmtree": [], "dh_virtualenv.deployment.Deployment.create_virtualenv": ["subprocess.check_call"], "subprocess.check_call": [], "dh_virtualenv.deployment.Deployment.pip_preinstall": ["<builtin>.list"], "<builtin>.list": [], "dh_virtualenv.deployment.Deployment.pip": ["<builtin>.list"], "dh_virtualenv.deployment.Deployment.install_dependencies": ["dh_virtualenv.deployment.Deployment.pip_preinstall", "os.path.exists", "os.path.join", "dh_virtualenv.deployment.Deployment.pip", "subprocess.check_call"], "os.path.exists": [], "dh_virtualenv.deployment.Deployment.run_tests": ["os.path.join", "dh_virtualenv.deployment.Deployment.venv_bin", "os.path.exists", "subprocess.check_call"], "dh_virtualenv.deployment.Deployment.find_script_files": ["<builtin>.set", "subprocess.Popen"], "subprocess.Popen": [], "<builtin>.set": [], "dh_virtualenv.deployment.Deployment.fix_shebangs": ["re.escape", "dh_virtualenv.deployment.Deployment.find_script_files", "os.path.join", "subprocess.Popen", "subprocess.check_call"], "re.escape": [], "dh_virtualenv.deployment.Deployment.fix_activate_path": ["re.compile", "<builtin>.open", "dh_virtualenv.deployment.Deployment.venv_bin"], "re.compile": [], "<builtin>.open": [], "dh_virtualenv.deployment.Deployment.install_package": ["os.path.abspath", "dh_virtualenv.deployment.Deployment.pip", "subprocess.check_call"], "dh_virtualenv.deployment.Deployment.fix_local_symlinks": ["os.unlink", "os.path.isdir", "os.path.islink", "os.path.relpath", "os.listdir", "os.readlink", "os.path.isabs", "os.path.join", "os.symlink", "os.path.samefile"], "os.path.isdir": [], "os.path.samefile": [], "os.unlink": [], "os.symlink": [], "os.listdir": [], "os.path.islink": [], "os.readlink": [], "os.path.isabs": [], "os.path.relpath": [], "dh_virtualenv.cmdline": [], "optparse.OptionParser.has_option": [], "optparse.OptionParser._get_args": [], "optparse.OptionParser.parse_args": [], "dh_virtualenv.cmdline._check_for_deprecated_options": ["warnings.warn", "warnings.simplefilter", "optparse.OptionValueError", "<builtin>.getattr", "warnings.catch_warnings", "<builtin>.setattr"], "warnings.simplefilter": [], "warnings.warn": [], "optparse.OptionValueError": [], "<builtin>.getattr": [], "<builtin>.setattr": [], "dh_virtualenv.cmdline._set_builtin_venv": ["optparse.OptionValueError"], "dh_virtualenv.cmdline._set_setuptools": ["optparse.OptionValueError"], "dh_virtualenv._version": [], "test.test_deployment": ["test.test_deployment._test_bin", "os.path.abspath", "mock.patch", "test.test_deployment.temporary_dir"], "test.test_deployment._test_bin": ["os.path.join", "os.path.abspath"], "test.test_deployment.temporary_dir": ["functools.wraps"], "functools.wraps": [], "test.test_deployment.temporary_dir._inner": ["test.test_deployment.test_find_script_files_normal_shebang", "test.test_deployment.test_fix_local_symlinks_does_not_blow_up_on_missing_local", "test.test_deployment.test_fix_local_symlinks_with_relative_links", "test.test_deployment.test_fix_local_symlinks", "tempfile.mkdtemp", "shutil.rmtree", "test.test_deployment.test_find_script_files_long_shebang"], "tempfile.mkdtemp": [], "test.test_deployment.test_find_script_files_normal_shebang": ["<builtin>.sorted", "nose.tools.eq_", "dh_virtualenv.deployment.Deployment.find_script_files", "os.path.join", "<builtin>.open", "dh_virtualenv.deployment.Deployment.__init__"], "test.test_deployment.test_fix_local_symlinks_does_not_blow_up_on_missing_local": ["dh_virtualenv.deployment.Deployment.fix_local_symlinks", "dh_virtualenv.deployment.Deployment.__init__"], "test.test_deployment.test_fix_local_symlinks_with_relative_links": ["dh_virtualenv.deployment.Deployment.fix_local_symlinks", "nose.tools.eq_", "os.makedirs", "os.readlink", "os.path.join", "os.symlink", "dh_virtualenv.deployment.Deployment.__init__"], "test.test_deployment.test_fix_local_symlinks": ["dh_virtualenv.deployment.Deployment.fix_local_symlinks", "nose.tools.eq_", "os.makedirs", "os.readlink", "os.path.join", "os.symlink", "dh_virtualenv.deployment.Deployment.__init__"], "test.test_deployment.test_find_script_files_long_shebang": ["test.test_deployment.create_new_style_shebang", "<builtin>.sorted", "nose.tools.eq_", "dh_virtualenv.deployment.Deployment.find_script_files", "os.path.join", "<builtin>.open", "dh_virtualenv.deployment.Deployment.__init__"], "test.test_deployment.create_new_style_shebang": [], "test.test_deployment.test_shebangs_fix": [], "test.test_deployment.test_shebangs_fix_overridden_root": ["mock.patch.dict"], "test.test_deployment.test_shebangs_fix_special_chars_in_path": ["mock.patch.dict"], "test.test_deployment.test_shebangs_fix_new_pip_with_over_127_chars": ["test.test_deployment.check_shebangs_fix_on_new_pip", "mock.patch.dict"], "test.test_deployment.check_shebangs_fix_on_new_pip": ["test.test_deployment.create_new_style_shebang", "tempfile.NamedTemporaryFile", "nose.tools.eq_", "os.path.join", "dh_virtualenv.deployment.Deployment.fix_shebangs", "<builtin>.open", "dh_virtualenv.deployment.Deployment.__init__"], "test.test_deployment.check_shebangs_fix": ["tempfile.NamedTemporaryFile", "nose.tools.eq_", "os.path.join", "dh_virtualenv.deployment.Deployment.fix_shebangs", "<builtin>.open", "dh_virtualenv.deployment.Deployment.__init__"], "test.test_deployment.<lambda1>": [], "test.test_deployment.test_install_dependencies_with_no_requirements": ["dh_virtualenv.deployment.Deployment.install_dependencies", "dh_virtualenv.deployment.Deployment.__init__"], "test.test_deployment.<lambda2>": [], "test.test_deployment.test_install_dependencies_with_requirements": ["dh_virtualenv.deployment.Deployment.install_dependencies", "dh_virtualenv.deployment.Deployment.__init__"], "test.test_deployment.test_install_dependencies_with_preinstall": ["dh_virtualenv.deployment.Deployment.install_dependencies", "dh_virtualenv.deployment.Deployment.__init__"], "test.test_deployment.test_upgrade_pip": ["dh_virtualenv.deployment.Deployment.install_dependencies", "dh_virtualenv.deployment.Deployment.__init__"], "test.test_deployment.test_upgrade_pip_with_preinstall": ["dh_virtualenv.deployment.Deployment.install_dependencies", "dh_virtualenv.deployment.Deployment.__init__"], "test.test_deployment.<lambda3>": [], "test.test_deployment.test_install_dependencies_with_preinstall_with_requirements": ["dh_virtualenv.deployment.Deployment.install_dependencies", "dh_virtualenv.deployment.Deployment.__init__"], "test.test_deployment.test_custom_pip_tool_used_for_installation": ["dh_virtualenv.deployment.Deployment.install_package", "dh_virtualenv.deployment.Deployment.install_dependencies", "dh_virtualenv.deployment.Deployment.__init__"], "test.test_deployment.test_create_venv": ["dh_virtualenv.deployment.Deployment.create_virtualenv", "nose.tools.eq_", "dh_virtualenv.deployment.Deployment.__init__"], "test.test_deployment.test_create_venv_with_verbose": ["dh_virtualenv.deployment.Deployment.create_virtualenv", "nose.tools.eq_", "dh_virtualenv.deployment.Deployment.__init__"], "test.test_deployment.test_create_venv_with_extra_urls": ["dh_virtualenv.deployment.Deployment.create_virtualenv", "nose.tools.eq_", "dh_virtualenv.deployment.Deployment.__init__"], "test.test_deployment.test_create_venv_with_extra_virtualenv": ["dh_virtualenv.deployment.Deployment.create_virtualenv", "nose.tools.eq_", "dh_virtualenv.deployment.Deployment.__init__"], "test.test_deployment.test_create_venv_with_custom_index_url": ["dh_virtualenv.deployment.Deployment.create_virtualenv", "nose.tools.eq_", "dh_virtualenv.deployment.Deployment.__init__"], "test.test_deployment.test_create_venv_with_extra_pip_arg": ["dh_virtualenv.deployment.Deployment.create_virtualenv", "dh_virtualenv.deployment.Deployment.install_dependencies", "nose.tools.eq_", "dh_virtualenv.deployment.Deployment.__init__"], "test.test_deployment.test_create_venv_with_setuptools": ["dh_virtualenv.deployment.Deployment.create_virtualenv", "nose.tools.eq_", "dh_virtualenv.deployment.Deployment.__init__"], "test.test_deployment.test_create_venv_with_system_packages": ["dh_virtualenv.deployment.Deployment.create_virtualenv", "nose.tools.eq_", "dh_virtualenv.deployment.Deployment.__init__"], "test.test_deployment.test_venv_with_custom_python": ["dh_virtualenv.deployment.Deployment.create_virtualenv", "nose.tools.eq_", "dh_virtualenv.deployment.Deployment.__init__"], "test.test_deployment.test_create_builtin_venv_with_unsupported_options": ["dh_virtualenv.deployment.Deployment.create_virtualenv", "nose.tools.eq_", "dh_virtualenv.deployment.Deployment.__init__"], "test.test_deployment.test_install_package": ["dh_virtualenv.deployment.Deployment.install_package", "os.getcwd", "dh_virtualenv.deployment.Deployment.__init__"], "os.getcwd": [], "test.test_deployment.test_fix_activate_path": ["<builtin>.open", "tempfile.NamedTemporaryFile", "dh_virtualenv.deployment.Deployment.fix_activate_path", "nose.tools.eq_", "mock.patch", "textwrap.dedent", "dh_virtualenv.deployment.Deployment.__init__"], "textwrap.dedent": [], "test.test_deployment.<lambda4>": [], "test.test_deployment.test_custom_src_dir": ["os.path.abspath", "dh_virtualenv.deployment.Deployment.install_dependencies", "dh_virtualenv.deployment.Deployment.create_virtualenv", "dh_virtualenv.deployment.Deployment.install_package", "dh_virtualenv.deployment.Deployment.__init__"], "test.test_deployment.<lambda5>": [], "test.test_deployment.test_testrunner": ["dh_virtualenv.deployment.Deployment.run_tests", "dh_virtualenv.deployment.Deployment.__init__"], "test.test_deployment.<lambda6>": [], "test.test_deployment.test_testrunner_setuppy_not_found": ["dh_virtualenv.deployment.Deployment.run_tests", "nose.tools.eq_", "dh_virtualenv.deployment.Deployment.__init__"], "test.test_deployment.test_deployment_from_options": ["nose.tools.eq_", "dh_virtualenv.cmdline.DebhelperOptionParser.parse_args", "dh_virtualenv.cmdline.get_default_parser", "dh_virtualenv.deployment.Deployment.from_options"], "test.test_deployment.test_deployment_from_options_with_verbose": ["nose.tools.eq_", "dh_virtualenv.cmdline.DebhelperOptionParser.parse_args", "dh_virtualenv.cmdline.get_default_parser", "dh_virtualenv.deployment.Deployment.from_options"], "test.test_deployment.test_deployment_from_options_with_verbose_from_env": ["nose.tools.eq_", "dh_virtualenv.cmdline.DebhelperOptionParser.parse_args", "dh_virtualenv.cmdline.get_default_parser", "dh_virtualenv.deployment.Deployment.from_options"], "os.makedirs": [], "<builtin>.sorted": [], "tasks": ["os.path.join", "os.path.dirname", "rituals.config.set_flat_layout"], "rituals.config.set_flat_layout": [], "tasks.bdist_deb": ["os.path.exists", "os.makedirs"], "dh_virtualenv.debhelper": ["logging.getLogger"], "logging.getLogger": [], "dh_virtualenv.debhelper.DebHelper.__init__": ["<builtin>.Exception", "<builtin>.open", "<builtin>.list"], "<builtin>.Exception": [], "dh_virtualenv.debhelper.DebHelper.addsubstvar": [], "dh_virtualenv.debhelper.DebHelper.autoscript": [], "dh_virtualenv.debhelper.DebHelper.add_rtupdate": [], "dh_virtualenv.debhelper.DebHelper.save_autoscripts": ["os.path.join", "os.path.dirname", "os.path.exists", "<builtin>.open"], "dh_virtualenv.debhelper.DebHelper.save_substvars": ["os.path.exists", "<builtin>.open", "<builtin>.len"], "dh_virtualenv.debhelper.DebHelper.save_rtupdate": ["os.chmod", "os.path.exists", "<builtin>.open", "os.makedirs"], "os.chmod": [], "dh_virtualenv.debhelper.DebHelper.save": ["dh_virtualenv.debhelper.DebHelper.save_substvars", "dh_virtualenv.debhelper.DebHelper.save_rtupdate", "dh_virtualenv.debhelper.DebHelper.save_autoscripts"]}