{"test_schedule": ["time.tzset"], "time.tzset": [], "test_schedule.make_mock_job": ["mock.Mock"], "mock.Mock": [], "test_schedule.mock_datetime.__init__": [], "test_schedule.mock_datetime.__enter__": [], "test_schedule.mock_datetime.__enter__.MockDate.today": [], "test_schedule.mock_datetime.__enter__.MockDate.now": [], "test_schedule.mock_datetime.__exit__": [], "test_schedule.SchedulerTests.setUp": ["schedule.clear"], "schedule.clear": ["schedule.Scheduler.clear"], "test_schedule.SchedulerTests.test_time_units": ["schedule.Job.__init__", "datetime.datetime.now", "schedule.every", "unittest.TestCase.assertRaisesRegex", "unittest.TestCase.assertRaises"], "schedule.every": ["schedule.Scheduler.every"], "schedule.Job.__init__": ["<builtin>.set"], "unittest.TestCase.assertRaises": [], "unittest.TestCase.assertRaisesRegex": [], "datetime.datetime.now": [], "test_schedule.SchedulerTests.test_next_run_with_tag": ["schedule.next_run", "test_schedule.mock_datetime.__init__", "schedule.every", "test_schedule.make_mock_job", "schedule.Scheduler.get_next_run"], "schedule.next_run": ["schedule.Scheduler.get_next_run"], "schedule.Scheduler.get_next_run": ["schedule.Scheduler.get_jobs", "<builtin>.min"], "test_schedule.SchedulerTests.test_singular_time_units_match_plural_units": ["schedule.every"], "test_schedule.SchedulerTests.test_time_range": ["<builtin>.max", "test_schedule.mock_datetime.__init__", "schedule.every", "schedule.Job.to", "<builtin>.len", "test_schedule.make_mock_job", "<builtin>.min", "<builtin>.set", "<builtin>.range"], "schedule.Job.to": [], "<builtin>.range": [], "<builtin>.set": [], "<builtin>.len": [], "<builtin>.min": [], "<builtin>.max": [], "test_schedule.SchedulerTests.test_time_range_repr": ["test_schedule.mock_datetime.__init__", "schedule.every", "<builtin>.repr", "schedule.Job.to", "test_schedule.make_mock_job"], "<builtin>.repr": [], "test_schedule.SchedulerTests.test_at_time": ["unittest.TestCase.assertRaises", "test_schedule.make_mock_job", "schedule.every"], "test_schedule.SchedulerTests.test_at_time.<lambda1>": [], "test_schedule.SchedulerTests.test_until_time": ["schedule.run_all", "datetime.time", "schedule.every", "test_schedule.mock_datetime.__init__", "datetime.datetime", "schedule.clear", "datetime.timedelta", "<builtin>.len", "unittest.TestCase.assertRaises", "test_schedule.make_mock_job", "schedule.run_pending"], "datetime.datetime": [], "datetime.time": [], "datetime.timedelta": [], "schedule.run_pending": ["schedule.Scheduler.run_pending"], "schedule.run_all": ["schedule.Scheduler.run_all"], "test_schedule.SchedulerTests.test_weekday_at_todady": ["test_schedule.mock_datetime.__init__", "test_schedule.make_mock_job", "schedule.every"], "test_schedule.SchedulerTests.test_at_time_hour": ["test_schedule.make_mock_job", "unittest.TestCase.assertRaises", "test_schedule.mock_datetime.__init__", "schedule.every"], "test_schedule.SchedulerTests.test_at_time_minute": ["test_schedule.make_mock_job", "unittest.TestCase.assertRaises", "test_schedule.mock_datetime.__init__", "schedule.every"], "test_schedule.SchedulerTests.test_next_run_time": ["schedule.next_run", "datetime.time", "test_schedule.mock_datetime.__init__", "schedule.every", "test_schedule.make_mock_job"], "test_schedule.SchedulerTests.test_next_run_time_day_end": ["test_schedule.mock_datetime.__init__", "test_schedule.make_mock_job", "schedule.every"], "test_schedule.SchedulerTests.test_next_run_time_hour_end": ["test_schedule.mock_datetime.__init__", "test_schedule.make_mock_job", "schedule.every"], "test_schedule.SchedulerTests.test_next_run_time_minute_end": ["test_schedule.mock_datetime.__init__", "test_schedule.make_mock_job", "schedule.every"], "test_schedule.SchedulerTests.test_at_timezone": ["pytz.timezone", "test_schedule.mock_datetime.__init__", "schedule.every", "unittest.TestCase.assertRaises", "test_schedule.make_mock_job", "unittest.TestCase.skipTest"], "unittest.TestCase.skipTest": [], "pytz.timezone": [], "test_schedule.SchedulerTests.test_daylight_saving_time": ["test_schedule.mock_datetime.__init__", "test_schedule.make_mock_job", "schedule.every"], "test_schedule.SchedulerTests.test_run_all": ["schedule.run_all", "test_schedule.make_mock_job", "schedule.every"], "test_schedule.SchedulerTests.test_run_all_with_decorator": ["schedule.run_all", "schedule.repeat._schedule_decorator", "schedule.every", "test_schedule.make_mock_job", "schedule.repeat"], "schedule.repeat": [], "schedule.repeat._schedule_decorator": [], "test_schedule.SchedulerTests.test_run_all_with_decorator.job1": [], "test_schedule.SchedulerTests.test_run_all_with_decorator.job2": [], "test_schedule.SchedulerTests.test_run_all_with_decorator.job3": [], "test_schedule.SchedulerTests.test_run_all_with_decorator_args": ["schedule.run_all", "schedule.repeat._schedule_decorator", "schedule.every", "test_schedule.make_mock_job", "schedule.repeat"], "test_schedule.SchedulerTests.test_run_all_with_decorator_args.job": [], "test_schedule.SchedulerTests.test_run_all_with_decorator_defaultargs": ["schedule.run_all", "schedule.repeat._schedule_decorator", "schedule.every", "test_schedule.make_mock_job", "schedule.repeat"], "test_schedule.SchedulerTests.test_run_all_with_decorator_defaultargs.job": [], "test_schedule.SchedulerTests.test_job_func_args_are_passed_on": ["schedule.run_all", "test_schedule.make_mock_job", "schedule.every"], "test_schedule.SchedulerTests.test_to_string": ["<builtin>.str", "schedule.every"], "test_schedule.SchedulerTests.test_to_string.job_fun": [], "<builtin>.str": [], "test_schedule.SchedulerTests.test_to_repr": ["<builtin>.repr", "schedule.every"], "test_schedule.SchedulerTests.test_to_repr.job_fun": [], "test_schedule.SchedulerTests.test_to_string_lambda_job_func": ["<builtin>.str", "<builtin>.len", "schedule.every"], "test_schedule.SchedulerTests.test_to_string_lambda_job_func.<lambda1>": [], "test_schedule.SchedulerTests.test_to_string_lambda_job_func.<lambda2>": [], "test_schedule.SchedulerTests.test_repr_functools_partial_job_func": ["<builtin>.repr", "functools.partial", "schedule.every"], "test_schedule.SchedulerTests.test_repr_functools_partial_job_func.job_fun": [], "functools.partial": [], "test_schedule.SchedulerTests.test_to_string_functools_partial_job_func": ["<builtin>.str", "functools.partial", "schedule.every"], "test_schedule.SchedulerTests.test_to_string_functools_partial_job_func.job_fun": [], "test_schedule.SchedulerTests.test_run_pending": ["schedule.run_pending", "test_schedule.mock_datetime.__init__", "test_schedule.make_mock_job", "schedule.every"], "test_schedule.SchedulerTests.test_run_every_weekday_at_specific_time_today": ["schedule.run_pending", "test_schedule.mock_datetime.__init__", "test_schedule.make_mock_job", "schedule.every"], "test_schedule.SchedulerTests.test_run_every_weekday_at_specific_time_past_today": ["schedule.run_pending", "test_schedule.mock_datetime.__init__", "test_schedule.make_mock_job", "schedule.every"], "test_schedule.SchedulerTests.test_run_every_n_days_at_specific_time": ["schedule.run_pending", "test_schedule.mock_datetime.__init__", "test_schedule.make_mock_job", "schedule.every"], "test_schedule.SchedulerTests.test_next_run_property": ["schedule.next_run", "test_schedule.mock_datetime.__init__", "schedule.every", "<builtin>.len", "test_schedule.make_mock_job"], "test_schedule.SchedulerTests.test_idle_seconds": ["schedule.cancel_job", "schedule.next_run", "test_schedule.mock_datetime.__init__", "schedule.every", "schedule.idle_seconds", "test_schedule.make_mock_job"], "schedule.idle_seconds": [], "schedule.cancel_job": ["schedule.Scheduler.cancel_job"], "test_schedule.SchedulerTests.test_cancel_job": ["schedule.run_all", "schedule.cancel_job", "schedule.every", "<builtin>.len", "test_schedule.make_mock_job", "schedule.Scheduler.cancel_job"], "test_schedule.SchedulerTests.test_cancel_job.stop_job": [], "schedule.Scheduler.cancel_job": ["<builtin>.str"], "test_schedule.SchedulerTests.test_cancel_jobs": ["<builtin>.len", "schedule.run_all", "schedule.every"], "test_schedule.SchedulerTests.test_cancel_jobs.stop_job": [], "test_schedule.SchedulerTests.test_tag_type_enforcement": ["<builtin>.len", "unittest.TestCase.assertRaises", "test_schedule.make_mock_job", "schedule.every"], "test_schedule.SchedulerTests.test_get_by_tag": ["schedule.every", "schedule.clear", "<builtin>.len", "schedule.get_jobs", "test_schedule.make_mock_job"], "schedule.get_jobs": ["schedule.Scheduler.get_jobs"], "test_schedule.SchedulerTests.test_clear_by_tag": ["schedule.run_all", "schedule.every", "schedule.clear", "<builtin>.len", "test_schedule.make_mock_job"], "test_schedule.SchedulerTests.test_misconfigured_job_wont_break_scheduler": ["schedule.Scheduler.every", "schedule.Scheduler.run_pending", "schedule.Scheduler.__init__"], "schedule.Scheduler.__init__": [], "schedule.Scheduler.every": ["schedule.Job.__init__"], "schedule.Scheduler.run_pending": ["<builtin>.sorted", "schedule.Scheduler._run_job"], "schedule": ["logging.getLogger", "schedule.Scheduler.__init__"], "logging.getLogger": [], "<builtin>.sorted": [], "schedule.Scheduler._run_job": ["schedule.Scheduler.cancel_job", "<builtin>.isinstance"], "schedule.Scheduler.run_all": ["<builtin>.len", "time.sleep", "schedule.Scheduler._run_job"], "time.sleep": [], "schedule.Scheduler.get_jobs": [], "schedule.Scheduler.clear": [], "<builtin>.isinstance": [], "<builtin>.property": [], "schedule.Scheduler": ["<builtin>.property"], "schedule.Scheduler.idle_seconds": ["datetime.datetime.now"], "schedule.Job.__lt__": [], "schedule.Job.__str__": ["<builtin>.hasattr", "<builtin>.repr"], "<builtin>.hasattr": [], "schedule.Job.__repr__": ["<builtin>.dict", "<builtin>.str", "<builtin>.repr", "schedule.Job.__repr__.is_repr", "<builtin>.hasattr", "schedule.Job.__repr__.format_time"], "schedule.Job.__repr__.format_time": [], "schedule.Job.__repr__.is_repr": ["<builtin>.isinstance"], "<builtin>.dict": [], "schedule.Job.second": [], "schedule.Job.seconds": [], "schedule.Job.minute": [], "schedule.Job.minutes": [], "schedule.Job.hour": [], "schedule.Job.hours": [], "schedule.Job.day": [], "schedule.Job.days": [], "schedule.Job.week": [], "schedule.Job.weeks": [], "schedule.Job.monday": [], "schedule.Job.tuesday": [], "schedule.Job.wednesday": [], "schedule.Job.thursday": [], "schedule.Job.friday": [], "schedule.Job.saturday": [], "schedule.Job.sunday": [], "schedule.Job.tag": ["<builtin>.all", "<builtin>.TypeError", "<builtin>.isinstance"], "<builtin>.all": [], "<builtin>.TypeError": [], "schedule.Job.at": ["pytz.timezone", "datetime.time", "<builtin>.TypeError", "re.match", "<builtin>.len", "<builtin>.int", "<builtin>.isinstance"], "re.match": [], "<builtin>.int": [], "schedule.Job.until": ["schedule.Job._decode_datetimestr", "datetime.datetime.now", "<builtin>.TypeError", "datetime.datetime.combine", "<builtin>.isinstance"], "datetime.datetime.combine": [], "schedule.Job._decode_datetimestr": ["datetime.datetime.strptime"], "schedule.Job.do": ["schedule.Job._schedule_next_run", "functools.partial", "functools.update_wrapper"], "functools.update_wrapper": [], "schedule.Job._schedule_next_run": ["random.randint", "datetime.timedelta", "datetime.datetime.now"], "schedule.Job.should_run": ["datetime.datetime.now"], "schedule.Job.run": ["schedule.Job._schedule_next_run", "schedule.Job._is_overdue", "datetime.datetime.now"], "schedule.Job._is_overdue": [], "random.randint": [], "datetime.datetime.strptime": [], "setup": ["setuptools.setup", "setup.read_file"], "setup.read_file": ["codecs.open"], "codecs.open": [], "setuptools.setup": [], "docs.conf": ["os.path.abspath", "sys.path.insert"], "os.path.abspath": [], "sys.path.insert": []}