{"docs.conf": [], "tests.test_grab_charset": [], "tests.test_grab_charset.GrabCharsetDetectionTestCase.setUp": [], "tests.test_grab_charset.GrabCharsetDetectionTestCase.test_encoding_option": ["test_server.Response", "grab.client.request", "unittest.TestCase.assertEqual"], "test_server.Response": [], "grab.client.request": ["grab.util.types.resolve_entity"], "unittest.TestCase.assertEqual": [], "tests.test_grab_charset.GrabCharsetDetectionTestCase.test_encoding_lowercase": ["test_server.Response", "grab.client.request", "unittest.TestCase.assertEqual"], "tests.test_grab_charset.GrabCharsetDetectionTestCase.test_dash2_issue": ["grab.client.request", "unittest.TestCase.assertFalse", "<builtin>.chr", "test_server.Response", "unittest.TestCase.assertTrue"], "<builtin>.chr": [], "unittest.TestCase.assertFalse": [], "unittest.TestCase.assertTrue": [], "tests.test_grab_charset.GrabCharsetDetectionTestCase.test_invalid_charset": ["test_server.Response", "unittest.TestCase.assertTrue", "grab.client.request"], "tests.test_grab_charset.GrabCharsetDetectionTestCase.test_charset_html5": ["grab.document.Document.__init__", "unittest.TestCase.assertEqual"], "grab.document.Document.__init__": ["<builtin>.ValueError", "email.message.Message", "grab.document.Document.process_encoding", "<builtin>.isinstance"], "tests": [], "grab.document": ["logging.getLogger", "threading.local", "<builtin>.object"], "threading.local": [], "logging.getLogger": [], "<builtin>.object": [], "grab.document.normalize_pairs": ["<builtin>.list", "<builtin>.isinstance"], "<builtin>.isinstance": [], "<builtin>.list": [], "<builtin>.ValueError": [], "email.message.Message": [], "grab.document.Document.process_encoding": ["grab.document.Document.get_body_chunk", "unicodec.normalize_encoding_name", "unicodec.detect_content_encoding"], "grab.document.Document.__call__": ["grab.document.Document.select"], "grab.document.Document.select": ["selection.XpathSelector"], "selection.XpathSelector": [], "unicodec.normalize_encoding_name": [], "grab.document.Document.get_body_chunk": [], "unicodec.detect_content_encoding": [], "grab.document.Document.copy": ["grab.document.Document.copy", "copy.deepcopy"], "copy.deepcopy": [], "grab.document.Document.save": ["os.makedirs", "os.path.split", "contextlib.suppress", "<builtin>.open", "os.path.exists"], "os.path.split": [], "os.path.exists": [], "contextlib.suppress": [], "os.makedirs": [], "<builtin>.open": [], "grab.document.Document.status": [], "grab.document.Document.json": [], "grab.document.Document.url_details": ["urllib.parse.urlsplit", "typing.cast"], "typing.cast": [], "urllib.parse.urlsplit": [], "grab.document.Document.query_param": ["urllib.parse.parse_qs", "grab.document.Document.url_details"], "urllib.parse.parse_qs": [], "grab.document.Document.browse": ["grab.document.Document.save", "tempfile.mkstemp", "webbrowser.open"], "tempfile.mkstemp": [], "webbrowser.open": [], "grab.document.Document.__getstate__": ["<builtin>.type", "<builtin>.hasattr", "<builtin>.getattr"], "<builtin>.type": [], "<builtin>.getattr": [], "<builtin>.hasattr": [], "grab.document.Document.__setstate__": ["<builtin>.setattr"], "<builtin>.setattr": [], "grab.document.Document.text_search": ["grab.document.Document.unicode_body", "<builtin>.isinstance"], "grab.document.Document.unicode_body": ["unicodec.decode_content"], "grab.document.Document.text_assert": ["grab.document.Document.text_search", "<builtin>.str"], "<builtin>.str": [], "grab.document.Document.text_assert_any": ["grab.document.Document.text_search", "<builtin>.any", "<builtin>.map"], "<builtin>.any": [], "<builtin>.map": [], "grab.document.Document.rex_text": ["grab.document.Document.rex_search"], "grab.document.Document.rex_search": ["re.compile", "grab.document.Document.unicode_body", "<builtin>.isinstance"], "re.compile": [], "grab.document.Document.rex_assert": ["grab.document.Document.rex_search"], "grab.document.Document.pyquery": ["pyquery.PyQuery"], "pyquery.PyQuery": [], "unicodec.decode_content": [], "grab.document.Document.body": [], "grab.document.Document.tree": ["grab.document.Document.build_html_tree", "grab.document.Document.build_xml_tree"], "grab.document.Document.build_xml_tree": ["grab.document.Document._build_dom", "grab.document.Document.unicode_body"], "grab.document.Document.build_html_tree": ["grab.document.Document._build_dom", "<builtin>.str", "grab.document.Document.unicode_body", "<builtin>.isinstance"], "grab.document.Document.wrap_io": ["io.StringIO", "io.BytesIO", "<builtin>.isinstance"], "io.BytesIO": [], "io.StringIO": [], "grab.document.Document._build_dom": ["lxml.html.HTMLParser", "lxml.etree.parse", "<builtin>.hasattr", "grab.document.Document.wrap_io", "lxml.etree.XMLParser"], "lxml.html.HTMLParser": [], "lxml.etree.parse": [], "lxml.etree.XMLParser": [], "grab.document.Document.choose_form": ["grab.document.Document.select", "typing.cast"], "grab.document.Document.form": ["grab.document.Document.choose_form", "<builtin>.sorted", "typing.cast", "<builtin>.len", "<builtin>.list", "<builtin>.enumerate"], "<builtin>.len": [], "<builtin>.enumerate": [], "grab.document.Document.form.<lambda1>": [], "<builtin>.sorted": [], "grab.document.Document.get_cached_form": ["<builtin>.isinstance", "<builtin>.ValueError"], "grab.document.Document.set_input": ["grab.document.Document.choose_form_by_element", "<builtin>.getattr", "<builtin>.isinstance"], "grab.document.Document.choose_form_by_element": ["grab.document.Document.select"], "grab.document.Document.set_input_by_id": ["grab.document.Document.choose_form_by_element", "grab.document.Document.set_input", "selection.XpathSelector"], "grab.document.Document.set_input_by_number": ["grab.document.Document.set_input", "selection.XpathSelector"], "grab.document.Document.set_input_by_xpath": ["grab.document.Document.select", "grab.document.Document.set_input"], "grab.document.Document.process_extra_post": [], "grab.document.Document.clean_submit_controls": ["<builtin>.sorted", "<builtin>.set"], "<builtin>.set": [], "grab.document.Document.get_form_request": ["grab.document.normalize_pairs", "grab.document.Document.form_fields", "grab.document.Document.process_extra_post", "grab.document.Document.clean_submit_controls", "urllib.parse.urljoin", "<builtin>.list"], "grab.document.Document.form_fields": ["grab.document.Document.build_fields_to_remove", "grab.document.Document.process_form_fields", "<builtin>.getattr", "<builtin>.dict"], "urllib.parse.urljoin": [], "grab.document.Document.build_fields_to_remove": ["<builtin>.set", "<builtin>.getattr"], "grab.document.Document.process_form_fields": ["<builtin>.len", "<builtin>.list", "<builtin>.isinstance"], "<builtin>.dict": [], "grab.errors": [], "grab.errors.OriginalExceptionGrabError.__init__": ["<builtin>.len", "<builtin>.super"], "<builtin>.super": [], "grab.errors.raise_feature_is_deprecated": [], "tests.util": ["logging.getLogger", "functools.lru_cache", "os.path.dirname", "contextlib.contextmanager", "os.path.realpath"], "os.path.realpath": [], "os.path.dirname": [], "functools.lru_cache": [], "tests.util.load_test_config": ["<builtin>.open", "copy.deepcopy", "json.load", "<builtin>.Exception"], "json.load": [], "<builtin>.Exception": [], "contextlib.contextmanager": [], "tests.util.temp_dir": ["shutil.rmtree", "tempfile.mkdtemp"], "tempfile.mkdtemp": [], "shutil.rmtree": [], "tests.util.temp_file": ["platform.system", "os.unlink", "tempfile.mkstemp", "os.close"], "os.close": [], "os.unlink": [], "platform.system": [], "tests.util.BaseTestCase.setUpClass": ["tests.util.start_server"], "tests.util.start_server": ["test_server.TestServer"], "tests.util.BaseTestCase.setUp": [], "tests.util.BaseTestCase.tearDownClass": [], "test_server.TestServer": [], "grab.request": [], "grab.request.HttpRequest.__init__": ["grab.request.HttpRequest._process_timeout_param", "<builtin>.ValueError"], "grab.request.HttpRequest._process_timeout_param": ["grab.util.timeout.Timeout.__init__", "<builtin>.float", "<builtin>.isinstance"], "grab.request.HttpRequest.get_full_url": [], "grab.util.timeout.Timeout.__init__": [], "<builtin>.float": [], "grab.request.HttpRequest.compile_request_data": ["<builtin>.ValueError", "typing.cast", "<builtin>.len", "urllib3.filepost.encode_multipart_formdata", "urllib.parse.urlencode", "copy.copy", "grab.util.structures.merge_with_dict"], "copy.copy": [], "urllib.parse.urlencode": [], "urllib3.filepost.encode_multipart_formdata": [], "grab.util.structures.merge_with_dict": [], "grab.util.timeout": [], "grab.util.timeout.UndefinedParam": ["<builtin>.object"], "grab.util.timeout.Timeout.__repr__": ["<builtin>.type"], "grab.util.structures": [], "grab.util": [], "grab.base": ["typing.TypeVar"], "typing.TypeVar": [], "grab.base.BaseRequest": ["<builtin>.set"], "grab.base.BaseRequest.__repr__": [], "grab.base.BaseRequest.create_from_mapping": ["<builtin>.TypeError"], "<builtin>.TypeError": [], "grab.base.BaseExtension.__set_name__": [], "grab.base.BaseExtension": ["abc.abstractmethod"], "abc.abstractmethod": [], "grab.base.BaseExtension.reset": [], "grab.base.Retry.__init__": [], "grab.base.BaseClient": ["abc.abstractmethod"], "grab.base.BaseClient.request_class": [], "grab.base.BaseClient.default_transport_class": [], "grab.base.BaseClient.__init__": [], "grab.base.BaseClient.process_request_result": [], "grab.base.BaseClient.request": ["grab.base.BaseClient.process_request_result", "typing.cast", "<builtin>.any", "<builtin>.all", "grab.base.Retry.__init__"], "<builtin>.all": [], "grab.base.BaseClient.clone": ["copy.deepcopy"], "grab.base.BaseTransport": ["abc.abstractmethod", "contextlib.contextmanager"], "grab.base.BaseTransport.reset": [], "grab.base.BaseTransport.prepare_response": [], "grab.base.BaseTransport.wrap_transport_error": [], "grab.base.BaseTransport.request": [], "grab.base.BaseTransport.resolve_entity": ["<builtin>.issubclass", "<builtin>.TypeError", "<builtin>.isinstance"], "<builtin>.issubclass": [], "grab": [], "grab.client": [], "grab.client.HttpClient": ["grab.extensions.RedirectExtension.__init__"], "grab.extensions.RedirectExtension.__init__": ["http.cookiejar.CookieJar"], "grab.client.HttpClient.request": ["<builtin>.super", "<builtin>.isinstance"], "grab.client.HttpClient.process_request_result": ["<builtin>.all"], "grab.util.types.resolve_entity": ["typing.cast", "inspect.isclass", "<builtin>.issubclass", "<builtin>.TypeError", "<builtin>.isinstance"], "grab.util.types": ["typing.TypeVar"], "inspect.isclass": [], "grab.extensions": [], "http.cookiejar.CookieJar": [], "grab.extensions.RedirectExtension.find_redirect_url": ["typing.cast"], "grab.extensions.RedirectExtension.process_init_retry": [], "grab.extensions.RedirectExtension.reset": [], "grab.extensions.RedirectExtension.process_retry": ["grab.extensions.RedirectExtension.find_redirect_url", "urllib.parse.urljoin"], "grab.extensions.CookiesExtension.__init__": ["http.cookiejar.CookieJar"], "grab.extensions.CookiesExtension.set_cookie": [], "grab.extensions.CookiesExtension.clear": [], "grab.extensions.CookiesExtension.clone": ["grab.util.cookies.build_jar", "<builtin>.list"], "grab.util.cookies.build_jar": ["http.cookiejar.CookieJar"], "grab.extensions.CookiesExtension.update": ["urllib.parse.urlsplit", "grab.util.cookies.create_cookie"], "grab.util.cookies.create_cookie": ["<builtin>.str", "http.cookiejar.Cookie", "copy.copy"], "grab.extensions.CookiesExtension.__getstate__": ["<builtin>.list"], "grab.extensions.CookiesExtension.__setstate__": ["grab.util.cookies.build_jar", "<builtin>.setattr"], "grab.extensions.CookiesExtension.process_request_pre": ["grab.extensions.CookiesExtension.update", "grab.util.cookies.build_cookie_header", "<builtin>.ValueError"], "grab.util.cookies.build_cookie_header": ["grab.util.cookies.MockRequest.get_new_headers", "grab.util.cookies.MockRequest.__init__", "<builtin>.dict", "typing.cast"], "grab.extensions.CookiesExtension.process_response_post": [], "grab.extensions.CookiesExtension.reset": ["grab.extensions.CookiesExtension.clear"], "grab.util.cookies": [], "grab.util.cookies.MockRequest.__init__": ["urllib.parse.urlparse"], "urllib.parse.urlparse": [], "grab.util.cookies.MockRequest.get_type": [], "grab.util.cookies.MockRequest.get_host": ["urllib.parse.urlparse"], "grab.util.cookies.MockRequest.get_origin_req_host": ["grab.util.cookies.MockRequest.get_host"], "grab.util.cookies.MockRequest.get_full_url": ["urllib.parse.urlunparse", "urllib.parse.urlparse"], "urllib.parse.urlunparse": [], "grab.util.cookies.MockRequest.is_unverifiable": [], "grab.util.cookies.MockRequest.has_header": [], "grab.util.cookies.MockRequest.get_header": [], "grab.util.cookies.MockRequest.add_header": ["<builtin>.NotImplementedError"], "<builtin>.NotImplementedError": [], "grab.util.cookies.MockRequest.add_unredirected_header": [], "grab.util.cookies.MockRequest.get_new_headers": [], "grab.util.cookies.MockRequest.unverifiable": ["grab.util.cookies.MockRequest.is_unverifiable"], "grab.util.cookies.MockRequest.origin_req_host": ["grab.util.cookies.MockRequest.get_origin_req_host"], "grab.util.cookies.MockRequest.host": ["grab.util.cookies.MockRequest.get_host"], "grab.util.cookies.MockResponse.__init__": [], "grab.util.cookies.MockResponse.info": [], "http.cookiejar.Cookie": [], "grab.util.cookies.extract_response_cookies": ["http.cookiejar.CookieJar", "grab.util.cookies.MockRequest.__init__", "typing.cast", "grab.util.cookies.MockResponse.__init__", "<builtin>.list", "<builtin>.dict"], "grab.transport": ["logging.getLogger"], "grab.transport.Urllib3Transport.__init__": ["grab.transport.Urllib3Transport.reset", "logging.getLogger", "grab.transport.Urllib3Transport.build_pool", "<builtin>.super"], "grab.transport.Urllib3Transport.build_pool": ["certifi.where", "urllib3.PoolManager"], "grab.transport.Urllib3Transport.reset": [], "grab.transport.Urllib3Transport.__getstate__": [], "grab.transport.Urllib3Transport.__setstate__": ["<builtin>.setattr", "grab.transport.Urllib3Transport.build_pool"], "certifi.where": [], "urllib3.PoolManager": [], "grab.transport.Urllib3Transport": ["contextlib.contextmanager"], "grab.transport.Urllib3Transport.wrap_transport_error": ["grab.errors.OriginalExceptionGrabError.__init__"], "grab.transport.Urllib3Transport.select_pool_for_request": ["certifi.where", "urllib3.make_headers", "urllib3.contrib.socks.SOCKSProxyManager", "urllib3.ProxyManager"], "urllib3.make_headers": [], "urllib3.contrib.socks.SOCKSProxyManager": [], "urllib3.ProxyManager": [], "grab.transport.Urllib3Transport.log_request": [], "grab.transport.Urllib3Transport.request": ["grab.transport.Urllib3Transport.select_pool_for_request", "<builtin>.str", "urllib3.util.retry.Retry", "time.time", "urllib3.util.timeout.Timeout", "grab.transport.Urllib3Transport.wrap_transport_error", "grab.errors.OriginalExceptionGrabError.__init__", "grab.transport.Urllib3Transport.log_request"], "urllib3.util.retry.Retry": [], "urllib3.util.timeout.Timeout": [], "time.time": [], "grab.transport.Urllib3Transport.read_with_timeout": ["<builtin>.len", "time.time", "grab.errors.OriginalExceptionGrabError.__init__"], "grab.transport.Urllib3Transport.get_response_header_items": ["typing.cast"], "grab.transport.Urllib3Transport.prepare_response": ["grab.util.cookies.extract_response_cookies", "grab.transport.Urllib3Transport.read_with_timeout", "grab.document.Document.__init__", "grab.transport.Urllib3Transport.get_response_header_items"], "grab.grab": [], "grab.grab.Grab": ["grab.extensions.CookiesExtension.__init__"], "tests.test_grab_request": [], "tests.test_grab_request.GrabRequestTestCase.setUp": [], "tests.test_grab_request.GrabRequestTestCase.test_get_method": ["test_server.Response", "grab.client.request", "unittest.TestCase.assertEqual"], "tests.test_grab_request.GrabRequestTestCase.test_delete_method": ["test_server.Response", "grab.client.request", "unittest.TestCase.assertEqual"], "tests.test_grab_request.GrabRequestTestCase.test_put_method": ["test_server.Response", "grab.client.request", "unittest.TestCase.assertEqual"], "tests.test_grab_request.GrabRequestTestCase.test_head_with_invalid_bytes": ["test_server.Response", "grab.client.request"], "tests.test_grab_request.GrabRequestTestCase.test_head_with_invalid_bytes.callback": [], "tests.test_server": [], "tests.test_server.RawTestCase.setUp": [], "tests.test_server.RawTestCase.test_response": ["test_server.Response", "urllib.request.urlopen", "unittest.TestCase.assertEqual"], "tests.test_server.RawTestCase.test_response.callback": [], "urllib.request.urlopen": [], "tests.test_server.RawTestCase.test_sequential_responses": ["test_server.Response", "urllib.request.urlopen", "unittest.TestCase.assertEqual"], "tests.test_server.RawTestCase.test_sequential_responses.callback1": [], "tests.test_server.RawTestCase.test_sequential_responses.callback2": [], "tests.test_grab_pickle": [], "tests.test_grab_pickle.TestGrab.setUp": [], "tests.test_grab_pickle.TestGrab.test_pickle_grab": ["pickle.dumps"], "pickle.dumps": [], "tests.test_grab_redirect": [], "tests.test_grab_redirect.build_location_callback": [], "tests.test_grab_redirect.build_location_callback.callback": ["typing.cast"], "tests.test_grab_redirect.GrabRedirectTestCase.setUp": [], "tests.test_grab_redirect.GrabRedirectTestCase.test_redirect_limit": ["grab.client.request", "unittest.TestCase.assertRaises", "test_server.Response", "unittest.TestCase.assertTrue", "tests.test_grab_redirect.build_location_callback"], "tests.test_grab_redirect.GrabRedirectTestCase.test_redirect_limit.<lambda1>": ["grab.client.request"], "unittest.TestCase.assertRaises": [], "tests.test_grab_redirect.GrabRedirectTestCase.test_redirect_utf_location": ["test_server.Response", "unittest.TestCase.assertRaises", "grab.client.request"], "tests.test_grab_redirect.GrabRedirectTestCase.test_redirect_utf_location.callback": [], "tests.test_proxylist": [], "tests.test_proxylist.ProxyListTestCase.setUp": [], "tests.test_proxylist.ProxyListTestCase.generate_plist_file": ["<builtin>.open"], "tests.test_proxylist.ProxyListTestCase.test_file_proxy_source": ["tests.test_proxylist.ProxyListTestCase.generate_plist_file", "proxylist.ProxyList.from_local_file", "unittest.TestCase.assertEqual", "tests.util.temp_file"], "proxylist.ProxyList.from_local_file": [], "tests.test_proxylist.ProxyListTestCase.test_web_proxy_source": ["test_server.Response", "proxylist.ProxyList.from_network_file", "unittest.TestCase.assertEqual"], "proxylist.ProxyList.from_network_file": [], "tests.test_proxylist.ProxyListTestCase.test_get_next_proxy": ["tests.test_proxylist.ProxyListTestCase.generate_plist_file", "proxylist.ProxyList.from_local_file", "unittest.TestCase.assertEqual", "tests.util.temp_file"], "tests.test_grab_response": [], "tests.test_grab_response.TestResponse.setUp": [], "tests.test_grab_response.TestResponse.test_save": ["grab.client.request", "test_server.Response", "<builtin>.open", "tests.util.temp_dir", "unittest.TestCase.assertEqual"], "tests.test_grab_response.TestResponse.test_custom_charset": ["test_server.Response", "unittest.TestCase.assertTrue", "grab.client.request"], "tests.test_grab_response.TestResponse.test_xml_declaration": ["test_server.Response", "unittest.TestCase.assertTrue", "grab.client.request"], "tests.test_spider_misc": [], "tests.test_spider_misc.MiscTest.setUp": [], "tests.test_spider_misc.MiscTest.test_null_grab_bug": ["test_server.Response", "grab.spider.base.Spider.__init__", "grab.spider.base.Spider.run", "unittest.TestCase.assertEqual"], "tests.test_spider_misc.MiscTest.test_null_grab_bug.SimpleSpider.task_generator": ["grab.spider.task.Task.__init__"], "grab.spider.task.Task.__init__": ["grab.spider.task.Task.check_init_kwargs", "grab.request.HttpRequest.__init__", "<builtin>.setattr", "grab.spider.task.Task.process_delay_option", "<builtin>.TypeError", "<builtin>.isinstance"], "tests.test_spider_misc.MiscTest.test_null_grab_bug.SimpleSpider.task_one": ["grab.spider.task.Task.__init__"], "tests.test_spider_misc.MiscTest.test_null_grab_bug.SimpleSpider.task_two": [], "grab.spider.base.Spider.__init__": ["grab.spider.service.network.NetworkServiceThreaded.__init__", "tests.test_spider_error.SpiderErrorTestCase.test_stat_error_name_threaded_urllib3.SimpleSpider.task_generator", "tests.test_spider_queue.SpiderMemoryQueueTestCase.test_schedule.TestSpider.task_generator", "grab.spider.service.parser.ParserService.__init__", "tests.test_spider_misc.MiscTest.test_null_grab_bug.SimpleSpider.task_generator", "tests.test_spider.BasicSpiderTestCase.testz_generator.TestSpider.task_generator", "<builtin>.int", "grab.spider.queue_backend.memory.MemoryTaskQueue.__init__", "tests.test_spider_task.TestSpiderTestCase.test_task_generator_no_yield.TestSpider.task_generator", "procstat.Stat", "queue.Queue", "tests.test_spider_error.SpiderErrorTestCase.test_redirect_with_invalid_url.TestSpider.task_generator", "<builtin>.isinstance", "tests.test_spider_redirect.BasicSpiderTestCase.test_redirect_with_invalid_byte.TestSpider.task_generator", "grab.spider.service.task_generator.TaskGeneratorService.__init__", "tests.test_spider_error.SpiderErrorTestCase.test_generator_with_invalid_url.SomeSpider.task_generator", "grab.spider.base.Spider.task_generator", "tests.test_spider_queue.SpiderMongodbQueueTestCase.test_schedule.TestSpider.task_generator", "grab.spider.service.task_dispatcher.TaskDispatcherService.__init__"], "grab.spider.base.Spider.run": ["tests.test_spider.BasicSpiderTestCase.test_handler_result_invalid.TestSpider.prepare", "tests.test_spider_multiprocess.BasicSpiderTestCase.SimpleSpider.prepare", "tests.test_spider.BasicSpiderTestCase.test_fallback_handler_by_default_name.TestSpider.prepare", "tests.test_spider.BasicSpiderTestCase.test_handler_result_none.TestSpider.prepare", "time.time", "grab.spider.base.Spider.shutdown_services", "tests.test_spider_stat.BasicSpiderTestCase.test_render_stats.TestSpider.prepare", "tests.test_spider.BasicSpiderTestCase.test_fallback_handler_by_fallback_name.TestSpider.prepare", "grab.spider.base.Spider.is_idle_confirmed", "tests.test_spider_stat.BasicSpiderTestCase.test_counters_and_collections.TestSpider.prepare", "grab.spider.base.Spider.process_initial_urls", "tests.test_spider_error.SpiderErrorTestCase.test_stat_error_name_threaded_urllib3.SimpleSpider.prepare", "grab.spider.base.Spider.prepare"], "grab.spider": [], "grab.spider.base": ["secrets.SystemRandom", "logging.getLogger"], "secrets.SystemRandom": [], "queue.Queue": [], "procstat.Stat": [], "grab.spider.queue_backend.memory.MemoryTaskQueue.__init__": ["queue.PriorityQueue", "<builtin>.super"], "<builtin>.int": [], "grab.spider.service.network.NetworkServiceThreaded.__init__": ["grab.spider.service.base.BaseService.register_workers", "grab.spider.service.base.BaseService.create_worker", "<builtin>.range", "<builtin>.super"], "grab.spider.service.task_dispatcher.TaskDispatcherService.__init__": ["grab.spider.service.base.BaseService.register_workers", "queue.Queue", "grab.spider.service.base.BaseService.create_worker", "<builtin>.super"], "grab.spider.service.parser.ParserService.__init__": ["queue.Queue", "<builtin>.range", "grab.spider.service.base.BaseService.create_worker", "<builtin>.super", "grab.spider.service.base.BaseService.register_workers"], "tests.test_spider_task.TestSpiderTestCase.test_task_generator_no_yield.TestSpider.task_generator": [], "tests.test_spider_error.SpiderErrorTestCase.test_stat_error_name_threaded_urllib3.SimpleSpider.task_generator": ["grab.spider.task.Task.__init__", "grab.request.HttpRequest.__init__"], "tests.test_spider_redirect.BasicSpiderTestCase.test_redirect_with_invalid_byte.TestSpider.task_generator": ["grab.spider.task.Task.__init__"], "tests.test_spider.BasicSpiderTestCase.testz_generator.TestSpider.task_generator": ["grab.spider.task.Task.__init__", "<builtin>.range"], "tests.test_spider_queue.SpiderMemoryQueueTestCase.test_schedule.TestSpider.task_generator": ["grab.spider.task.Task.__init__"], "tests.test_spider_error.SpiderErrorTestCase.test_generator_with_invalid_url.SomeSpider.task_generator": ["grab.spider.task.Task.__init__"], "grab.spider.base.Spider.task_generator": [], "tests.test_spider_queue.SpiderMongodbQueueTestCase.test_schedule.TestSpider.task_generator": ["grab.spider.task.Task.__init__"], "tests.test_spider_error.SpiderErrorTestCase.test_redirect_with_invalid_url.TestSpider.task_generator": ["grab.spider.task.Task.__init__"], "grab.spider.service.task_generator.TaskGeneratorService.__init__": ["grab.spider.service.base.BaseService.register_workers", "grab.spider.service.base.BaseService.create_worker", "<builtin>.max", "<builtin>.super"], "grab.spider.base.Spider.collect_runtime_event": [], "grab.spider.base.Spider.setup_queue": [], "grab.spider.base.Spider.add_task": ["grab.spider.base.Spider.collect_runtime_event", "traceback.format_stack", "grab.spider.base.Spider.generate_task_priority"], "grab.spider.base.Spider.generate_task_priority": [], "traceback.format_stack": [], "grab.spider.base.Spider.stop": [], "grab.spider.base.Spider.load_proxylist": ["grab.spider.task.Task.__init__", "proxylist.ProxyList.from_network_file", "proxylist.ProxyList.from_local_file", "proxylist.ProxyList", "<builtin>.isinstance"], "proxylist.ProxyList": [], "grab.spider.base.Spider.render_stats": ["datetime.datetime.utcnow", "grab.util.metrics.format_traffic_value", "<builtin>.sorted", "time.time", "<builtin>.len", "<builtin>.divmod"], "grab.spider.base.Spider.render_stats.<lambda1>": [], "grab.spider.base.Spider.render_stats.<lambda2>": [], "grab.util.metrics.format_traffic_value": ["grab.util.metrics.in_unit"], "<builtin>.divmod": [], "datetime.datetime.utcnow": [], "grab.spider.base.Spider.prepare": [], "grab.spider.base.Spider.shutdown": [], "grab.spider.base.Spider.create_grab_instance": [], "grab.spider.base.Spider.check_task_limits": [], "grab.spider.base.Spider.process_initial_urls": ["grab.spider.task.Task.__init__", "grab.request.HttpRequest.__init__", "grab.spider.base.Spider.add_task"], "grab.spider.base.Spider.get_task_from_queue": [], "grab.spider.base.Spider.is_valid_network_response_code": [], "grab.spider.base.Spider.process_parser_error": ["traceback.format_exception", "<builtin>.str", "grab.spider.base.Spider.collect_runtime_event"], "traceback.format_exception": [], "grab.spider.base.Spider.find_task_handler": ["typing.cast", "<builtin>.getattr"], "grab.spider.base.Spider.log_network_result_stats": [], "grab.spider.base.Spider.process_grab_proxy": ["grab.spider.base.Spider.change_active_proxy", "<builtin>.Exception"], "grab.spider.base.Spider.change_active_proxy": ["typing.cast"], "grab.spider.base.Spider.get_task_queue": [], "grab.spider.base.Spider.is_idle_estimated": ["grab.spider.service.base.BaseService.is_busy", "grab.spider.service.base.BaseService.is_alive"], "grab.spider.service.base.BaseService.is_alive": ["grab.spider.service.base.BaseService.iterate_workers", "<builtin>.any"], "grab.spider.service.base.BaseService.is_busy": ["grab.spider.service.base.BaseService.iterate_workers", "<builtin>.any"], "grab.spider.base.Spider.is_idle_confirmed": ["grab.spider.base.Spider.is_idle_estimated"], "tests.test_spider.BasicSpiderTestCase.test_handler_result_invalid.TestSpider.prepare": [], "tests.test_spider_multiprocess.BasicSpiderTestCase.SimpleSpider.prepare": [], "tests.test_spider.BasicSpiderTestCase.test_fallback_handler_by_default_name.TestSpider.prepare": [], "tests.test_spider.BasicSpiderTestCase.test_handler_result_none.TestSpider.prepare": [], "tests.test_spider_stat.BasicSpiderTestCase.test_render_stats.TestSpider.prepare": [], "tests.test_spider.BasicSpiderTestCase.test_fallback_handler_by_fallback_name.TestSpider.prepare": [], "tests.test_spider_stat.BasicSpiderTestCase.test_counters_and_collections.TestSpider.prepare": [], "tests.test_spider_error.SpiderErrorTestCase.test_stat_error_name_threaded_urllib3.SimpleSpider.prepare": [], "grab.spider.base.Spider.shutdown_services": ["tests.test_spider_queue.BaseSpiderQueueTestCase.test_queue_length.CustomSpider.shutdown", "tests.test_spider_multiprocess.BasicSpiderTestCase.SimpleSpider.shutdown", "time.time", "grab.spider.base.Spider.shutdown", "<builtin>.any", "time.sleep"], "time.sleep": [], "tests.test_spider_queue.BaseSpiderQueueTestCase.test_queue_length.CustomSpider.shutdown": [], "tests.test_spider_multiprocess.BasicSpiderTestCase.SimpleSpider.shutdown": [], "grab.spider.base.Spider.log_failed_network_result": ["<builtin>.isinstance"], "grab.spider.base.Spider.log_rejected_task": ["grab.spider.base.Spider.collect_runtime_event"], "grab.spider.base.Spider.get_fallback_handler": ["typing.cast", "<builtin>.hasattr", "<builtin>.getattr"], "grab.spider.base.Spider.srv_process_service_result": ["grab.spider.base.Spider.srv_process_network_result", "grab.spider.base.Spider.process_parser_error", "<builtin>.getattr", "grab.spider.base.Spider.find_task_handler", "grab.spider.base.Spider.add_task", "<builtin>.isinstance"], "grab.spider.base.Spider.srv_process_network_result": ["grab.spider.base.Spider.log_failed_network_result", "grab.spider.base.Spider.log_network_result_stats", "grab.spider.base.Spider.is_valid_network_response_code", "grab.spider.base.Spider.add_task"], "grab.spider.base.Spider.srv_process_task": ["grab.spider.base.Spider.get_fallback_handler", "grab.client.HttpClient.request", "grab.spider.base.Spider.log_rejected_task", "grab.spider.base.Spider.create_grab_instance", "tests.test_spider.BasicSpiderTestCase.test_check_task_limits_invalid_value.TestSpider.check_task_limits", "grab.spider.base.Spider.check_task_limits", "grab.spider.base.Spider.process_grab_proxy"], "tests.test_spider.BasicSpiderTestCase.test_check_task_limits_invalid_value.TestSpider.check_task_limits": [], "grab.spider.service.task_generator": [], "<builtin>.max": [], "grab.spider.service.base.BaseService.create_worker": ["grab.spider.service.base.ServiceWorker.__init__"], "grab.spider.service.base.BaseService.register_workers": ["<builtin>.list"], "grab.spider.service.task_generator.TaskGeneratorService.worker_callback": ["grab.spider.base.Spider.get_task_queue", "<builtin>.next", "<builtin>.range", "time.sleep", "<builtin>.max"], "<builtin>.range": [], "<builtin>.next": [], "grab.spider.task": [], "grab.spider.task.Task.check_init_kwargs": [], "grab.spider.task.Task.process_delay_option": ["datetime.datetime.utcnow", "datetime.timedelta"], "grab.spider.task.Task.get": ["<builtin>.getattr"], "datetime.timedelta": [], "grab.spider.task.Task.clone": ["grab.spider.task.Task.__init__", "copy.deepcopy", "grab.spider.task.Task.process_delay_option", "<builtin>.setattr"], "grab.spider.task.Task.__repr__": [], "grab.spider.task.Task.__lt__": [], "grab.spider.task.Task.__eq__": ["<builtin>.isinstance"], "grab.spider.queue_backend.base": [], "grab.spider.queue_backend.base.BaseTaskQueue.__init__": [], "grab.spider.queue_backend.base.BaseTaskQueue.random_queue_name": ["<builtin>.str", "uuid.uuid4"], "uuid.uuid4": [], "grab.spider.queue_backend.base.BaseTaskQueue.put": [], "grab.spider.queue_backend.base.BaseTaskQueue.get": [], "grab.spider.queue_backend.base.BaseTaskQueue": ["abc.abstractmethod"], "grab.spider.queue_backend.base.BaseTaskQueue.size": [], "grab.spider.queue_backend.base.BaseTaskQueue.clear": [], "grab.spider.queue_backend.base.BaseTaskQueue.close": [], "grab.spider.interface": [], "grab.spider.service.base": ["logging.getLogger"], "grab.spider.service.base.ServiceWorker.__init__": ["grab.spider.service.base.ServiceWorker.build_thread_name", "grab.spider.service.base.ServiceWorker.worker_callback_wrapper", "threading.Thread", "threading.Event"], "grab.spider.service.base.ServiceWorker.worker_callback_wrapper": [], "threading.Thread": [], "grab.spider.service.base.ServiceWorker.build_thread_name": ["<builtin>.hasattr"], "threading.Event": [], "grab.spider.service.base.ServiceWorker.worker_callback_wrapper.wrapper": ["grab.spider.service.parser.ParserService.supervisor_callback", "grab.spider.service.task_generator.TaskGeneratorService.worker_callback", "typing.cast", "sys.exc_info", "grab.spider.service.parser.ParserService.worker_callback", "grab.spider.service.task_dispatcher.TaskDispatcherService.worker_callback"], "grab.spider.service.parser.ParserService.supervisor_callback": ["grab.spider.service.parser.ParserService.check_pool_health", "time.sleep"], "grab.spider.service.parser.ParserService.worker_callback": ["grab.spider.base.Spider.find_task_handler", "grab.spider.service.parser.ParserService.execute_task_handler"], "grab.spider.service.task_dispatcher.TaskDispatcherService.worker_callback": ["grab.spider.base.Spider.srv_process_service_result"], "sys.exc_info": [], "grab.spider.service.base.ServiceWorker.start": [], "grab.spider.service.base.ServiceWorker.stop": [], "grab.spider.service.base.ServiceWorker.process_pause_signal": [], "grab.spider.service.base.ServiceWorker.pause": ["grab.spider.service.base.ServiceWorker.is_alive"], "grab.spider.service.base.ServiceWorker.is_alive": [], "grab.spider.service.base.ServiceWorker.resume": [], "grab.spider.service.base.BaseService.__init__": [], "grab.spider.service.base.BaseService.iterate_workers": ["<builtin>.isinstance"], "grab.spider.service.base.BaseService.start": ["grab.spider.service.base.BaseService.iterate_workers"], "grab.spider.service.base.BaseService.stop": ["grab.spider.service.base.BaseService.iterate_workers"], "grab.spider.service.base.BaseService.pause": ["grab.spider.service.base.BaseService.iterate_workers"], "grab.spider.service.base.BaseService.resume": ["grab.spider.service.base.BaseService.iterate_workers"], "grab.spider.queue_backend": [], "grab.spider.queue_backend.memory": [], "queue.PriorityQueue": [], "grab.spider.queue_backend.memory.MemoryTaskQueue.put": ["fastrq.priorityqueue.PriorityQueue.put"], "fastrq.priorityqueue.PriorityQueue.put": [], "grab.spider.queue_backend.memory.MemoryTaskQueue.get": ["fastrq.priorityqueue.PriorityQueue.get", "<builtin>.enumerate", "datetime.datetime.utcnow", "grab.spider.queue_backend.memory.MemoryTaskQueue.put"], "fastrq.priorityqueue.PriorityQueue.get": [], "grab.spider.queue_backend.memory.MemoryTaskQueue.size": ["fastrq.priorityqueue.PriorityQueue.qsize", "<builtin>.len"], "fastrq.priorityqueue.PriorityQueue.qsize": [], "grab.spider.queue_backend.memory.MemoryTaskQueue.clear": ["contextlib.suppress", "fastrq.priorityqueue.PriorityQueue.get"], "grab.spider.queue_backend.memory.MemoryTaskQueue.close": [], "grab.spider.service.parser": [], "grab.spider.service.parser.ParserService.check_pool_health": ["grab.spider.service.base.BaseService.create_worker", "grab.spider.service.base.ServiceWorker.start"], "grab.spider.service.parser.ParserService.execute_task_handler": [], "grab.spider.service.task_dispatcher": [], "grab.spider.service.task_dispatcher.TaskDispatcherService.start": ["grab.spider.service.base.ServiceWorker.start"], "grab.spider.service.network": [], "grab.spider.service.network.BaseNetworkService": ["abc.abstractmethod"], "grab.spider.service.network.BaseNetworkService.get_active_threads_number": [], "grab.spider.service.network.NetworkServiceThreaded.get_active_threads_number": ["grab.spider.service.base.BaseService.iterate_workers", "<builtin>.sum"], "<builtin>.sum": [], "grab.spider.service.network.NetworkServiceThreaded.worker_callback": ["grab.spider.base.Spider.get_task_from_queue", "grab.spider.base.Spider.srv_process_task", "time.sleep"], "grab.util.metrics": [], "grab.util.metrics.in_unit": ["<builtin>.round", "<builtin>.float"], "<builtin>.round": [], "grab.spider.service": [], "grab.spider.errors": [], "tests.test_grab_get_request": [], "tests.test_grab_get_request.GrabSimpleTestCase.setUp": [], "tests.test_grab_get_request.GrabSimpleTestCase.test_get": ["test_server.Response", "unittest.TestCase.assertTrue", "grab.client.request"], "tests.test_grab_get_request.GrabSimpleTestCase.test_body_content": ["test_server.Response", "grab.client.request", "unittest.TestCase.assertEqual"], "tests.test_grab_get_request.GrabSimpleTestCase.test_status_code": ["test_server.Response", "grab.client.request", "unittest.TestCase.assertEqual"], "tests.test_grab_get_request.GrabSimpleTestCase.test_parsing_response_headers": ["test_server.Response", "unittest.TestCase.assertTrue", "grab.client.request"], "tests.test_grab_functions": [], "tests.test_grab_functions.RequestFuncTestCase.test_request_custom_grab": ["unittest.TestCase.assertTrue", "grab.client.request", "<builtin>.isinstance"], "tests.test_grab_functions.RequestFuncTestCase.test_request_custom_grab.DummyHttpClient.request": ["grab.document.Document.__init__"], "tests.test_grab_proxy": [], "tests.test_grab_proxy.TestProxy.setUpClass": ["test_server.TestServer", "<builtin>.range", "<builtin>.super"], "tests.test_grab_proxy.TestProxy.tearDownClass": ["<builtin>.super"], "tests.test_grab_proxy.TestProxy.setUp": ["<builtin>.super"], "tests.test_grab_proxy.TestProxy.test_proxy_option": ["test_server.Response", "grab.client.request", "unittest.TestCase.assertEqual"], "tests.test_ext_form": [], "tests.test_ext_form.TestHtmlForms.setUp": ["grab.document.Document.__init__"], "tests.test_ext_form.TestHtmlForms.test_choose_form1": ["grab.document.Document.choose_form", "unittest.TestCase.assertRaises", "grab.document.Document.get_cached_form", "unittest.TestCase.assertEqual"], "tests.test_ext_form.TestHtmlForms.test_choose_form2": ["grab.document.Document.choose_form", "grab.document.Document.__init__", "grab.document.Document.get_cached_form", "unittest.TestCase.assertEqual"], "tests.test_ext_form.TestHtmlForms.test_choose_form3": ["grab.document.Document.choose_form", "grab.document.Document.__init__", "grab.document.Document.get_cached_form", "unittest.TestCase.assertEqual"], "tests.test_ext_form.TestHtmlForms.test_choose_form4": ["grab.document.Document.choose_form", "grab.document.Document.__init__", "grab.document.Document.get_cached_form", "unittest.TestCase.assertEqual"], "tests.test_ext_form.TestHtmlForms.assert_equal_qs": ["urllib.parse.parse_qsl", "<builtin>.set", "unittest.TestCase.assertEqual"], "urllib.parse.parse_qsl": [], "tests.test_ext_form.TestHtmlForms.test_submit": ["test_server.Response", "tests.test_ext_form.TestHtmlForms.assert_equal_qs", "grab.client.request"], "tests.test_ext_form.TestHtmlForms.test_submit_remove_from_post_argument": ["test_server.Response", "tests.test_ext_form.TestHtmlForms.assert_equal_qs", "grab.client.request"], "tests.test_ext_form.TestHtmlForms.test_set_methods1": ["test_server.Response", "unittest.TestCase.assertRaises", "grab.client.request", "unittest.TestCase.assertEqual"], "tests.test_ext_form.TestHtmlForms.test_set_methods1.<lambda1>": [], "tests.test_ext_form.TestHtmlForms.test_set_methods2": ["test_server.Response", "grab.client.request", "unittest.TestCase.assertEqual"], "tests.test_ext_form.TestHtmlForms.test_set_methods3": ["test_server.Response", "grab.client.request", "unittest.TestCase.assertEqual"], "tests.test_ext_form.TestHtmlForms.test_html_without_forms": ["test_server.Response", "unittest.TestCase.assertRaises", "grab.client.request"], "tests.test_ext_form.TestHtmlForms.test_html_without_forms.<lambda1>": [], "tests.test_ext_form.TestHtmlForms.test_disabled_radio": ["test_server.Response", "grab.client.request"], "tests.test_ext_form.TestJustAnotherChunkHtmlForms.setUp": ["grab.document.Document.__init__"], "tests.test_ext_form.TestJustAnotherChunkHtmlForms.test_set_input_by_xpath_regex": ["test_server.Response", "grab.client.request", "unittest.TestCase.assertEqual"], "tests.test_ext_form.TestJustAnotherChunkHtmlForms.test_unicode_textarea_form": ["test_server.Response", "unittest.TestCase.assertTrue", "grab.client.request"], "tests.test_ext_form.TestJustAnotherChunkHtmlForms.test_field_disabled": ["grab.document.Document.__init__", "<builtin>.set", "grab.document.Document.form_fields", "unittest.TestCase.assertEqual"], "tests.test_ext_form.TestJustAnotherChunkHtmlForms.test_checkbox_checked_but_disabled": ["grab.document.Document.__init__", "unittest.TestCase.assertTrue", "grab.document.Document.form_fields"], "tests.test_ext_form.TestJustAnotherChunkHtmlForms.test_checkbox_no_checked": ["grab.document.Document.__init__", "unittest.TestCase.assertTrue", "grab.document.Document.form_fields"], "tests.test_ext_form.TestJustAnotherChunkHtmlForms.test_checkbox_one_checked": ["grab.document.Document.__init__", "grab.document.Document.form_fields", "unittest.TestCase.assertEqual"], "tests.test_ext_form.TestJustAnotherChunkHtmlForms.test_checkbox_multi_checked": ["grab.document.Document.__init__", "grab.document.Document.form_fields", "unittest.TestCase.assertEqual"], "tests.test_ext_form.TestJustAnotherChunkHtmlForms.test_select_disabled": ["grab.document.Document.__init__", "unittest.TestCase.assertTrue", "grab.document.Document.form_fields"], "tests.test_ext_form.TestJustAnotherChunkHtmlForms.test_select_not_multiple": ["grab.document.Document.__init__", "grab.document.Document.form_fields", "unittest.TestCase.assertEqual"], "tests.test_ext_form.TestJustAnotherChunkHtmlForms.test_select_multiple_no_options": ["grab.document.Document.__init__", "unittest.TestCase.assertTrue", "grab.document.Document.form_fields"], "tests.test_ext_form.TestJustAnotherChunkHtmlForms.test_select_multiple_one_selected": ["grab.document.Document.__init__", "grab.document.Document.form_fields", "unittest.TestCase.assertEqual"], "tests.test_ext_form.TestJustAnotherChunkHtmlForms.test_select_multiple_multi_selected": ["grab.document.Document.__init__", "grab.document.Document.form_fields", "unittest.TestCase.assertEqual"], "tests.test_request": [], "tests.test_request.HttpRequestTestCase.test_constructor_timeout_not_specified": ["unittest.TestCase.assertTrue", "grab.request.HttpRequest.__init__", "<builtin>.isinstance"], "tests.test_request.HttpRequestTestCase.test_constructor_timeout_not_specified_default_values": ["grab.request.HttpRequest.__init__", "unittest.TestCase.assertEqual"], "tests.test_request.HttpRequestTestCase.test_constructor_timeout_integer": ["grab.request.HttpRequest.__init__", "unittest.TestCase.assertEqual"], "tests.test_request.HttpRequestTestCase.test_constructor_timeout_object": ["grab.util.timeout.Timeout.__init__", "grab.request.HttpRequest.__init__", "unittest.TestCase.assertEqual"], "tests.test_ext_lxml": [], "tests.test_ext_lxml.LXMLExtensionTest.setUpClass": ["<builtin>.super"], "tests.test_ext_lxml.LXMLExtensionTest.tearDownClass": ["<builtin>.super"], "tests.test_ext_lxml.LXMLExtensionTest.setUp": ["grab.document.Document.__init__", "lxml.html.fromstring"], "lxml.html.fromstring": [], "tests.test_ext_lxml.LXMLExtensionTest.test_lxml_text_content_fail": ["typing.cast", "unittest.TestCase.assertEqual"], "tests.test_ext_lxml.LXMLExtensionTest.test_lxml_xpath": ["typing.cast", "unittest.TestCase.assertEqual"], "tests.test_ext_lxml.LXMLExtensionTest.test_xpath": ["grab.document.Document.select", "unittest.TestCase.assertRaises", "unittest.TestCase.assertEqual"], "tests.test_ext_lxml.LXMLExtensionTest.test_xpath.<lambda1>": ["grab.document.Document.select"], "tests.test_ext_lxml.LXMLExtensionTest.test_xpath_text": ["grab.document.Document.select", "unittest.TestCase.assertRaises", "unittest.TestCase.assertEqual"], "tests.test_ext_lxml.LXMLExtensionTest.test_xpath_text.<lambda1>": ["grab.document.Document.select"], "tests.test_ext_lxml.LXMLExtensionTest.test_xpath_text.<lambda2>": ["grab.document.Document.select"], "tests.test_ext_lxml.LXMLExtensionTest.test_xpath_number": ["grab.document.Document.select", "unittest.TestCase.assertRaises", "unittest.TestCase.assertEqual"], "tests.test_ext_lxml.LXMLExtensionTest.test_xpath_number.<lambda1>": ["grab.document.Document.select"], "tests.test_ext_lxml.LXMLExtensionTest.test_xpath_list": ["grab.document.Document.select", "unittest.TestCase.assertEqual"], "tests.test_ext_lxml.LXMLExtensionTest.test_css_list": ["unittest.TestCase.assertEqual"], "tests.test_ext_lxml.LXMLExtensionTest.test_xpath_exists": ["grab.document.Document.select", "unittest.TestCase.assertTrue", "unittest.TestCase.assertFalse"], "tests.test_ext_lxml.LXMLExtensionTest.test_cdata_issue": ["test_server.Response", "typing.cast", "grab.client.request", "unittest.TestCase.assertEqual"], "tests.test_ext_lxml.LXMLExtensionTest.test_xml_declaration": ["test_server.Response", "grab.client.request", "unittest.TestCase.assertEqual"], "tests.test_ext_lxml.LXMLExtensionTest.test_empty_document": ["test_server.Response", "grab.client.request"], "tests.test_ext_pyquery": [], "tests.test_ext_pyquery.ExtensionPyqueryTestCase.setUp": [], "tests.test_ext_pyquery.ExtensionPyqueryTestCase.test_pyquery_handler": ["test_server.Response", "grab.client.request", "unittest.TestCase.assertEqual"], "tests.test_ext_pyquery.ExtensionPyqueryTestCase.test_national_utf_symbol": ["test_server.Response", "grab.client.request", "unittest.TestCase.assertEqual"], "tests.test_grab_document": [], "tests.test_grab_document.GrabDocumentTestCase.setUp": [], "tests.test_grab_document.GrabDocumentTestCase.test_document_copy_works": ["test_server.Response", "grab.client.request", "unittest.TestCase.assertEqual"], "tests.test_grab_document.GrabDocumentTestCase.test_normalize_pairs_dict": ["grab.document.normalize_pairs", "unittest.TestCase.assertEqual"], "tests.test_grab_document.GrabDocumentTestCase.test_normalize_pairs_list": ["grab.document.normalize_pairs", "unittest.TestCase.assertEqual"], "tests.test_spider_redirect": [], "tests.test_spider_redirect.BasicSpiderTestCase.setUp": [], "tests.test_spider_redirect.BasicSpiderTestCase.test_redirect_with_invalid_byte": ["grab.spider.base.Spider.run", "<builtin>.len", "test_server.Response", "grab.spider.base.Spider.__init__", "unittest.TestCase.assertTrue", "unittest.TestCase.assertEqual"], "tests.test_spider_redirect.BasicSpiderTestCase.test_redirect_with_invalid_byte.callback": [], "tests.test_spider_redirect.BasicSpiderTestCase.test_redirect_with_invalid_byte.TestSpider.task_page": [], "tests.test_spider_task": [], "tests.test_spider_task.SimpleSpider.task_baz": [], "tests.test_spider_task.TestSpiderTestCase.setUp": [], "tests.test_spider_task.TestSpiderTestCase.test_task_priority": ["unittest.TestCase.assertRaises", "grab.spider.task.Task.__init__", "grab.spider.base.Spider.__init__", "unittest.TestCase.assertTrue", "grab.spider.base.Spider.add_task", "unittest.TestCase.assertEqual"], "tests.test_spider_task.TestSpiderTestCase.test_task_priority.<lambda1>": ["grab.spider.base.Spider.__init__"], "tests.test_spider_task.TestSpiderTestCase.test_task_clone": ["grab.spider.base.Spider.__init__", "grab.spider.base.Spider.add_task", "grab.spider.task.Task.__init__", "grab.spider.task.Task.clone"], "tests.test_spider_task.TestSpiderTestCase.test_task_clone_with_url_param": ["grab.spider.task.Task.__init__", "grab.spider.task.Task.clone", "unittest.TestCase.assertEqual"], "tests.test_spider_task.TestSpiderTestCase.test_task_useragent": ["grab.spider.task.Task.clone", "grab.spider.base.Spider.run", "grab.request.HttpRequest.__init__", "grab.spider.task.Task.__init__", "test_server.Response", "grab.spider.base.Spider.__init__", "grab.spider.base.Spider.add_task", "unittest.TestCase.assertEqual"], "tests.test_spider_task.TestSpiderTestCase.test_task_nohandler_error": ["unittest.TestCase.assertRaises", "grab.spider.task.Task.__init__", "test_server.Response", "grab.spider.base.Spider.__init__", "grab.spider.base.Spider.add_task"], "tests.test_spider_task.TestSpiderTestCase.test_task_raw": ["grab.spider.base.Spider.run", "grab.spider.task.Task.__init__", "<builtin>.len", "test_server.Response", "grab.spider.base.Spider.__init__", "grab.spider.base.Spider.add_task", "unittest.TestCase.assertEqual"], "tests.test_spider_task.TestSpiderTestCase.test_task_raw.TestSpider.task_page": ["grab.spider.base.Spider.collect_runtime_event", "<builtin>.str"], "tests.test_spider_task.TestSpiderTestCase.test_task_callback": ["tests.test_spider_task.TestSpiderTestCase.test_task_callback.FuncWithState.__init__", "grab.spider.base.Spider.run", "<builtin>.sorted", "grab.spider.task.Task.__init__", "test_server.Response", "grab.spider.base.Spider.__init__", "grab.spider.base.Spider.add_task", "unittest.TestCase.assertEqual"], "tests.test_spider_task.TestSpiderTestCase.test_task_callback.TestSpider.task_page": [], "tests.test_spider_task.TestSpiderTestCase.test_task_callback.FuncWithState.__init__": [], "tests.test_spider_task.TestSpiderTestCase.test_task_callback.FuncWithState.__call__": [], "tests.test_spider_task.TestSpiderTestCase.test_task_invalid_name": ["unittest.TestCase.assertRaises"], "tests.test_spider_task.TestSpiderTestCase.test_task_constructor_invalid_args": ["grab.spider.task.Task.__init__", "unittest.TestCase.assertRaises", "grab.request.HttpRequest.__init__"], "tests.test_spider_task.TestSpiderTestCase.test_task_comparison": ["grab.spider.task.Task.__init__", "unittest.TestCase.assertTrue"], "tests.test_spider_task.TestSpiderTestCase.test_task_get_fallback_handler": ["grab.spider.task.Task.__init__", "grab.spider.base.Spider.__init__", "grab.spider.base.Spider.get_fallback_handler", "unittest.TestCase.assertEqual"], "tests.test_spider_task.TestSpiderTestCase.test_task_get_fallback_handler.TestSpider.do_smth": [], "tests.test_spider_task.TestSpiderTestCase.test_task_get_fallback_handler.TestSpider.task_bar_fallback": [], "tests.test_spider_task.TestSpiderTestCase.test_add_task_invalid_url_no_error": ["grab.spider.base.Spider.__init__", "grab.spider.base.Spider.add_task", "grab.spider.task.Task.__init__", "unittest.TestCase.assertEqual"], "tests.test_spider_task.TestSpiderTestCase.test_add_task_invalid_url_raise_error": ["unittest.TestCase.assertRaises", "grab.spider.task.Task.__init__", "grab.spider.base.Spider.__init__", "grab.spider.base.Spider.add_task", "unittest.TestCase.assertEqual"], "tests.test_spider_task.TestSpiderTestCase.test_worker_restored": ["grab.spider.base.Spider.run", "grab.spider.task.Task.__init__", "<builtin>.range", "test_server.Response", "grab.spider.base.Spider.__init__", "unittest.TestCase.assertTrue", "grab.spider.base.Spider.add_task"], "tests.test_spider_task.TestSpiderTestCase.test_worker_restored.TestSpider.task_page": [], "tests.test_spider_task.TestSpiderTestCase.test_task_clone_post_request": ["grab.spider.base.Spider.run", "grab.request.HttpRequest.__init__", "grab.spider.task.Task.__init__", "test_server.Response", "grab.spider.base.Spider.__init__", "grab.spider.base.Spider.add_task", "unittest.TestCase.assertEqual"], "tests.test_spider_task.TestSpiderTestCase.test_task_clone_post_request.TestSpider.task_foo": ["grab.spider.task.Task.get", "grab.spider.task.Task.clone"], "tests.test_spider_task.TestSpiderTestCase.test_response_not_valid": ["grab.spider.base.Spider.run", "grab.spider.task.Task.__init__", "test_server.Response", "grab.spider.base.Spider.__init__", "grab.spider.base.Spider.add_task", "unittest.TestCase.assertEqual"], "tests.test_spider_task.TestSpiderTestCase.test_response_not_valid.SomeSimpleSpider.task_page": [], "tests.test_spider_task.TestSpiderTestCase.test_task_generator_no_yield": ["grab.spider.base.Spider.run", "grab.spider.task.Task.__init__", "test_server.Response", "grab.spider.base.Spider.__init__", "grab.spider.base.Spider.add_task", "unittest.TestCase.assertEqual"], "tests.test_spider_task.TestSpiderTestCase.test_task_generator_no_yield.TestSpider.task_page": [], "tests.test_spider_task.TestSpiderTestCase.test_initial_urls": ["test_server.Response", "grab.spider.base.Spider.__init__", "grab.spider.base.Spider.run", "unittest.TestCase.assertEqual"], "tests.test_spider_task.TestSpiderTestCase.test_initial_urls.TestSpider.task_initial": [], "tests.test_spider_task.TestSpiderTestCase.test_constructor_positional_args_name_ok": ["grab.spider.task.Task.__init__", "unittest.TestCase.assertTrue", "grab.request.HttpRequest.__init__"], "tests.test_grab_url_processing": [], "tests.test_grab_url_processing.GrabUrlProcessingTestCase.setUp": [], "tests.test_grab_url_processing.GrabUrlProcessingTestCase.test_nonascii_path": ["test_server.Response", "grab.client.request", "unittest.TestCase.assertEqual"], "tests.test_grab_url_processing.GrabUrlProcessingTestCase.test_nonascii_query": ["test_server.Response", "grab.client.request", "unittest.TestCase.assertEqual"], "tests.test_grab_url_processing.GrabUrlProcessingTestCase.test_null_byte_url": ["test_server.Response", "grab.client.request", "unittest.TestCase.assertEqual"], "tests.test_grab_url_processing.GrabUrlProcessingTestCase.test_urllib3_idna_error": ["<builtin>.str", "unittest.TestCase.assertRaises", "grab.client.request", "unittest.TestCase.assertTrue"], "tests.test_grab_response_body_processing": [], "tests.test_grab_response_body_processing.CustomDocument.get_bytes_body": [], "tests.test_grab_response_body_processing.GrabSimpleTestCase.setUp": [], "tests.test_grab_response_body_processing.GrabSimpleTestCase.test_body": ["test_server.Response", "grab.client.HttpClient.request", "unittest.TestCase.assertEqual"], "tests.test_grab_response_body_processing.GrabSimpleTestCase.test_external_set_document_body": ["grab.client.HttpClient.request", "unittest.TestCase.assertRaises"], "tests.test_grab_response_body_processing.GrabSimpleTestCase.test_empty_response": ["test_server.Response", "grab.client.HttpClient.request", "unittest.TestCase.assertTrue"], "tests.test_grab_response_body_processing.GrabSimpleTestCase.test_doc_tree_notags_document": ["grab.document.Document.select", "grab.document.Document.__init__", "unittest.TestCase.assertEqual"], "tests.test_grab_response_body_processing.GrabSimpleTestCase.test_github_html_processing": ["grab.client.HttpClient.request", "unittest.TestCase.assertTrue", "os.path.join", "urllib.parse.urljoin", "test_server.Response", "<builtin>.open", "<builtin>.list"], "os.path.join": [], "tests.test_grab_response_body_processing.GrabSimpleTestCase.test_explicit_custom_charset": ["grab.document.Document.select", "grab.document.Document.__init__", "unittest.TestCase.assertEqual"], "tests.test_grab_response_body_processing.GrabSimpleTestCase.test_json": ["test_server.Response", "grab.client.HttpClient.request", "unittest.TestCase.assertEqual"], "tests.test_spider_stat": [], "tests.test_spider_stat.BasicSpiderTestCase.setUp": [], "tests.test_spider_stat.BasicSpiderTestCase.test_counters_and_collections": ["grab.spider.base.Spider.run", "grab.spider.task.Task.__init__", "<builtin>.len", "test_server.Response", "grab.spider.base.Spider.__init__", "grab.spider.base.Spider.add_task", "unittest.TestCase.assertEqual"], "tests.test_spider_stat.BasicSpiderTestCase.test_counters_and_collections.TestSpider.task_page_valid": [], "tests.test_spider_stat.BasicSpiderTestCase.test_counters_and_collections.TestSpider.task_page_fail": ["<builtin>.Exception"], "tests.test_spider_stat.BasicSpiderTestCase.test_render_stats": ["grab.spider.base.Spider.run", "grab.spider.task.Task.__init__", "test_server.Response", "grab.spider.base.Spider.__init__", "grab.spider.base.Spider.render_stats", "grab.spider.base.Spider.add_task"], "tests.test_spider_stat.BasicSpiderTestCase.test_render_stats.TestSpider.task_page": [], "tests.test_grab_error": [], "tests.test_grab_error.GrabErrorTestCase.test_original_exceptions_urllib2": ["unittest.TestCase.assertTrue", "grab.client.request", "<builtin>.isinstance"], "tests.test_urllib3": [], "tests.test_urllib3.GrabApiTestCase.setUp": [], "tests.test_urllib3.GrabApiTestCase.test_urllib3_idna_error": ["unittest.TestCase.assertRaises", "urllib3.PoolManager"], "tests.test_urllib3.GrabApiTestCase.test_invalid_url": ["unittest.TestCase.assertRaises", "grab.client.request"], "tests.test_spider_queue": ["pytest.mark.skip", "pytest.mark.skipif"], "pytest.mark.skip": [], "pytest.mark.skipif": [], "tests.test_spider_queue.SimpleSpider.task_page": ["grab.spider.base.Spider.collect_runtime_event", "<builtin>.str"], "tests.test_spider_queue.BaseSpiderQueueTestCase": ["abc.abstractmethod"], "tests.test_spider_queue.BaseSpiderQueueTestCase.build_task_queue": [], "tests.test_spider_queue.BaseSpiderQueueTestCase.test_basic_priority": ["grab.spider.base.Spider.run", "<builtin>.sorted", "grab.spider.task.Task.__init__", "tests.test_spider_queue.BaseSpiderQueueTestCase.build_task_queue", "test_server.Response", "grab.spider.base.Spider.__init__", "grab.spider.base.Spider.add_task", "unittest.TestCase.assertEqual"], "tests.test_spider_queue.BaseSpiderQueueTestCase.test_basic_priority.<lambda1>": [], "tests.test_spider_queue.BaseSpiderQueueTestCase.test_queue_length": ["grab.spider.base.Spider.run", "tests.test_spider_queue.BaseSpiderQueueTestCase.test_queue_length.CustomSpider.__init__", "grab.spider.task.Task.__init__", "<builtin>.range", "tests.test_spider_queue.BaseSpiderQueueTestCase.build_task_queue", "test_server.Response", "grab.spider.base.Spider.add_task", "unittest.TestCase.assertEqual"], "tests.test_spider_queue.BaseSpiderQueueTestCase.test_queue_length.CustomSpider.__init__": ["<builtin>.super"], "tests.test_spider_queue.BaseSpiderQueueTestCase.test_task_queue_render_stats": ["grab.spider.base.Spider.__init__", "grab.spider.base.Spider.render_stats"], "tests.test_spider_queue.BaseSpiderQueueTestCase.test_clear": ["grab.spider.task.Task.__init__", "<builtin>.range", "tests.test_spider_queue.BaseSpiderQueueTestCase.build_task_queue", "grab.spider.base.Spider.__init__", "grab.spider.base.Spider.add_task", "unittest.TestCase.assertEqual"], "tests.test_spider_queue.SpiderMemoryQueueTestCase.build_task_queue": ["grab.spider.queue_backend.memory.MemoryTaskQueue.__init__"], "tests.test_spider_queue.SpiderMemoryQueueTestCase.test_schedule": ["test_server.Response", "grab.spider.base.Spider.__init__", "grab.spider.base.Spider.run", "unittest.TestCase.assertEqual"], "tests.test_spider_queue.SpiderMemoryQueueTestCase.test_schedule.TestSpider.task_page": ["grab.spider.base.Spider.collect_runtime_event"], "tests.test_spider_queue.SpiderMemoryQueueTestCase.test_schedule_list_clear": ["typing.cast", "grab.spider.task.Task.__init__", "<builtin>.len", "<builtin>.range", "grab.spider.base.Spider.__init__", "grab.spider.base.Spider.add_task", "unittest.TestCase.assertEqual"], "tests.test_spider_queue.SpiderMongodbQueueTestCase.build_task_queue": ["tests.util.load_test_config", "grab.spider.queue_backend.mongodb.MongodbTaskQueue.__init__"], "grab.spider.queue_backend.mongodb.MongodbTaskQueue.__init__": ["pymongo.MongoClient", "grab.spider.queue_backend.base.BaseTaskQueue.random_queue_name", "<builtin>.super"], "tests.test_spider_queue.SpiderMongodbQueueTestCase.test_schedule": ["grab.spider.base.Spider.run", "typing.cast", "unittest.TestCase.assertEqual", "test_server.Response", "grab.spider.base.Spider.__init__", "tests.test_spider_queue.SpiderMongodbQueueTestCase.build_task_queue"], "tests.test_spider_queue.SpiderMongodbQueueTestCase.test_schedule.TestSpider.task_page": ["grab.spider.base.Spider.collect_runtime_event"], "tests.test_spider_queue.SpiderMongodbQueueTestCase.test_clear_collection": ["grab.spider.base.Spider.__init__", "tests.test_spider_queue.SpiderMongodbQueueTestCase.build_task_queue"], "tests.test_spider_queue.SpiderRedisQueueTestCase.build_task_queue": ["grab.spider.queue_backend.redis.RedisTaskQueue.__init__", "tests.util.load_test_config"], "grab.spider.queue_backend.redis.RedisTaskQueue.__init__": ["logging.debug", "grab.spider.queue_backend.redis.CustomPriorityQueue.__init__", "grab.spider.queue_backend.base.BaseTaskQueue.random_queue_name", "<builtin>.super"], "tests.test_spider_queue.SpiderRedisQueueTestCase.test_delay_error": ["tests.test_spider_queue.SpiderRedisQueueTestCase.build_task_queue", "grab.spider.base.Spider.__init__", "unittest.TestCase.assertRaises", "grab.spider.task.Task.__init__"], "grab.spider.queue_backend.redis": ["secrets.SystemRandom"], "grab.spider.queue_backend.redis.CustomPriorityQueue.__init__": ["<builtin>.super"], "grab.spider.queue_backend.redis.CustomPriorityQueue.connect": ["redis.Redis"], "redis.Redis": [], "grab.spider.queue_backend.redis.CustomPriorityQueue.clear": ["fastrq.priorityqueue.PriorityQueue._redis.delete"], "fastrq.priorityqueue.PriorityQueue._redis.delete": [], "logging.debug": [], "grab.spider.queue_backend.redis.RedisTaskQueue.put": ["fastrq.priorityqueue.PriorityQueue.push", "time.time", "pickle.dumps"], "fastrq.priorityqueue.PriorityQueue.push": [], "grab.spider.queue_backend.redis.RedisTaskQueue.get": ["pickle.loads", "typing.cast", "fastrq.priorityqueue.PriorityQueue.pop", "queue.Empty"], "fastrq.priorityqueue.PriorityQueue.pop": [], "queue.Empty": [], "pickle.loads": [], "grab.spider.queue_backend.redis.RedisTaskQueue.size": ["<builtin>.len"], "grab.spider.queue_backend.redis.RedisTaskQueue.clear": ["grab.spider.queue_backend.redis.CustomPriorityQueue.clear"], "grab.spider.queue_backend.redis.RedisTaskQueue.close": [], "grab.spider.queue_backend.mongodb": ["logging.getLogger"], "pymongo.MongoClient": [], "grab.spider.queue_backend.mongodb.MongodbTaskQueue.size": [], "grab.spider.queue_backend.mongodb.MongodbTaskQueue.put": ["bson.Binary", "datetime.datetime.utcnow", "pickle.dumps"], "bson.Binary": [], "grab.spider.queue_backend.mongodb.MongodbTaskQueue.get": ["pickle.loads", "typing.cast", "queue.Empty"], "grab.spider.queue_backend.mongodb.MongodbTaskQueue.clear": [], "grab.spider.queue_backend.mongodb.MongodbTaskQueue.close": [], "tests.test_ext_rex": [], "tests.test_ext_rex.ExtensionRexTestCase.setUp": ["grab.document.Document.__init__"], "tests.test_ext_rex.ExtensionRexTestCase.test_rex1": ["re.compile", "grab.document.Document.rex_search", "unittest.TestCase.assertEqual"], "tests.test_ext_rex.ExtensionRexTestCase.test_rex2": ["re.compile", "grab.document.Document.rex_search", "unittest.TestCase.assertEqual"], "tests.test_ext_rex.ExtensionRexTestCase.test_rex3": ["re.compile", "unittest.TestCase.assertRaises"], "tests.test_ext_rex.ExtensionRexTestCase.test_rex3.<lambda1>": ["grab.document.Document.rex_search"], "tests.test_ext_rex.ExtensionRexTestCase.test_rex4": ["re.compile", "grab.document.Document.rex_search", "unittest.TestCase.assertEqual"], "tests.test_ext_rex.ExtensionRexTestCase.test_rex5": ["re.compile", "unittest.TestCase.assertRaises"], "tests.test_ext_rex.ExtensionRexTestCase.test_rex5.<lambda1>": ["grab.document.Document.rex_search"], "tests.test_ext_rex.ExtensionRexTestCase.test_assert_rex": ["re.compile", "grab.document.Document.rex_assert"], "tests.test_ext_rex.ExtensionRexTestCase.test_assert_rex_text": ["grab.document.Document.rex_text", "unittest.TestCase.assertEqual"], "tests.test_grab_cookies": [], "tests.test_grab_cookies.TestCookies.setUp": [], "tests.test_grab_cookies.TestCookies.test_parsing_response_cookies": ["test_server.Response", "unittest.TestCase.assertTrue", "grab.client.request", "<builtin>.any"], "tests.test_grab_cookies.TestCookies.test_multiple_cookies": ["test_server.Response", "grab.client.request", "unittest.TestCase.assertEqual"], "tests.test_grab_cookies.TestCookies.test_session": ["grab.extensions.CookiesExtension.clear", "grab.client.HttpClient.request", "unittest.TestCase.assertFalse", "<builtin>.any", "test_server.Response", "unittest.TestCase.assertTrue", "unittest.TestCase.assertEqual"], "tests.test_grab_cookies.TestCookies.test_redirect_session": ["test_server.Response", "grab.client.HttpClient.request", "unittest.TestCase.assertTrue", "<builtin>.any"], "tests.test_grab_cookies.TestCookies.test_path": ["test_server.Response", "grab.client.HttpClient.request", "unittest.TestCase.assertEqual", "<builtin>.len"], "tests.test_grab_cookies.TestCookies.test_unicode_cookie": ["test_server.Response", "grab.client.request"], "tests.test_grab_cookies.TestCookies.test_unicode_cookie.callback": [], "tests.test_grab_post_request": [], "tests.test_grab_post_request.TestPostFeature.setUp": [], "tests.test_grab_post_request.TestPostFeature.test_post": ["test_server.Response", "grab.client.request", "unittest.TestCase.assertEqual"], "tests.test_grab_post_request.TestPostFeature.test_multipart_post": ["test_server.Response", "unittest.TestCase.assertTrue", "grab.client.request"], "tests.test_grab_post_request.TestPostFeature.test_put": ["test_server.Response", "grab.client.request", "unittest.TestCase.assertEqual"], "tests.test_grab_post_request.TestPostFeature.test_patch": ["test_server.Response", "grab.client.request", "unittest.TestCase.assertEqual"], "tests.test_grab_post_request.TestPostFeature.test_empty_post": ["test_server.Response", "grab.client.request", "unittest.TestCase.assertEqual"], "tests.test_spider": [], "tests.test_spider.SimpleSpider.task_baz": ["grab.spider.base.Spider.collect_runtime_event"], "tests.test_spider.BasicSpiderTestCase.setUp": [], "tests.test_spider.BasicSpiderTestCase.test_spider": ["grab.spider.base.Spider.run", "grab.spider.task.Task.__init__", "test_server.Response", "grab.spider.base.Spider.__init__", "grab.spider.base.Spider.add_task", "unittest.TestCase.assertEqual"], "tests.test_spider.BasicSpiderTestCase.test_network_limit": ["grab.spider.base.Spider.run", "grab.util.timeout.Timeout.__init__", "grab.request.HttpRequest.__init__", "grab.spider.task.Task.__init__", "test_server.Response", "grab.spider.base.Spider.__init__", "grab.spider.base.Spider.add_task", "unittest.TestCase.assertEqual"], "tests.test_spider.BasicSpiderTestCase.test_task_limit": ["grab.spider.base.Spider.run", "grab.util.timeout.Timeout.__init__", "grab.request.HttpRequest.__init__", "grab.spider.task.Task.__init__", "test_server.Response", "grab.spider.base.Spider.__init__", "grab.spider.base.Spider.add_task", "unittest.TestCase.assertEqual"], "tests.test_spider.BasicSpiderTestCase.test_task_retry": ["grab.spider.base.Spider.run", "grab.spider.task.Task.__init__", "test_server.Response", "grab.spider.base.Spider.__init__", "grab.spider.base.Spider.add_task", "unittest.TestCase.assertEqual"], "tests.test_spider.BasicSpiderTestCase.testz_generator": ["test_server.Response", "grab.spider.base.Spider.__init__", "grab.spider.base.Spider.run", "unittest.TestCase.assertEqual"], "tests.test_spider.BasicSpiderTestCase.testz_generator.TestSpider.task_page": [], "tests.test_spider.BasicSpiderTestCase.test_handler_result_none": ["tests.test_spider.BasicSpiderTestCase.test_handler_result_none.TestSpider.__init__", "grab.spider.base.Spider.run", "grab.spider.task.Task.__init__", "test_server.Response", "grab.spider.base.Spider.add_task"], "tests.test_spider.BasicSpiderTestCase.test_handler_result_none.TestSpider.__init__": ["<builtin>.super"], "tests.test_spider.BasicSpiderTestCase.test_handler_result_none.TestSpider.task_page": [], "tests.test_spider.BasicSpiderTestCase.test_fallback_handler_by_default_name": ["grab.spider.base.Spider.run", "grab.spider.task.Task.__init__", "test_server.Response", "tests.test_spider.BasicSpiderTestCase.test_fallback_handler_by_default_name.TestSpider.__init__", "grab.spider.base.Spider.add_task", "unittest.TestCase.assertEqual"], "tests.test_spider.BasicSpiderTestCase.test_fallback_handler_by_default_name.TestSpider.__init__": ["<builtin>.super"], "tests.test_spider.BasicSpiderTestCase.test_fallback_handler_by_default_name.TestSpider.task_page": [], "tests.test_spider.BasicSpiderTestCase.test_fallback_handler_by_default_name.TestSpider.task_page_fallback": [], "tests.test_spider.BasicSpiderTestCase.test_fallback_handler_by_fallback_name": ["grab.spider.base.Spider.run", "tests.test_spider.BasicSpiderTestCase.test_fallback_handler_by_fallback_name.TestSpider.__init__", "grab.spider.task.Task.__init__", "test_server.Response", "grab.spider.base.Spider.add_task", "unittest.TestCase.assertEqual"], "tests.test_spider.BasicSpiderTestCase.test_fallback_handler_by_fallback_name.TestSpider.__init__": ["<builtin>.super"], "tests.test_spider.BasicSpiderTestCase.test_fallback_handler_by_fallback_name.TestSpider.task_page": [], "tests.test_spider.BasicSpiderTestCase.test_fallback_handler_by_fallback_name.TestSpider.fallback_zz": [], "tests.test_spider.BasicSpiderTestCase.test_check_task_limits_invalid_value": ["grab.spider.base.Spider.__init__", "grab.spider.base.Spider.add_task", "unittest.TestCase.assertRaises", "grab.spider.task.Task.__init__"], "tests.test_spider.BasicSpiderTestCase.test_check_task_limits_invalid_value.TestSpider.task_page": [], "tests.test_spider.BasicSpiderTestCase.test_handler_result_invalid": ["unittest.TestCase.assertRaises", "grab.spider.task.Task.__init__", "test_server.Response", "tests.test_spider.BasicSpiderTestCase.test_handler_result_invalid.TestSpider.__init__", "grab.spider.base.Spider.add_task"], "tests.test_spider.BasicSpiderTestCase.test_handler_result_invalid.TestSpider.__init__": ["<builtin>.super"], "tests.test_spider.BasicSpiderTestCase.test_handler_result_invalid.TestSpider.task_page": [], "tests.test_spider.BasicSpiderTestCase.test_task_queue_clear": ["grab.spider.base.Spider.run", "grab.spider.task.Task.__init__", "<builtin>.range", "test_server.Response", "grab.spider.base.Spider.__init__", "grab.spider.base.Spider.add_task", "unittest.TestCase.assertEqual"], "tests.test_spider.BasicSpiderTestCase.test_task_queue_clear.TestSpider.task_page": ["grab.spider.base.Spider.stop"], "tests.test_spider.BasicSpiderTestCase.test_fatal_error": ["unittest.TestCase.assertRaises", "grab.spider.task.Task.__init__", "test_server.Response", "grab.spider.base.Spider.__init__", "grab.spider.base.Spider.add_task"], "tests.test_spider.BasicSpiderTestCase.test_fatal_error.TestSpider.task_page": [], "tests.test_spider_error": [], "tests.test_spider_error.SpiderErrorTestCase.setUp": [], "tests.test_spider_error.SpiderErrorTestCase.test_generator_with_invalid_url": ["grab.spider.base.Spider.__init__", "grab.spider.base.Spider.run"], "tests.test_spider_error.SpiderErrorTestCase.test_redirect_with_invalid_url": ["test_server.Response", "tests.test_spider_error.SpiderErrorTestCase.test_redirect_with_invalid_url.TestSpider.__init__", "grab.spider.base.Spider.run"], "tests.test_spider_error.SpiderErrorTestCase.test_redirect_with_invalid_url.TestSpider.__init__": ["<builtin>.super"], "tests.test_spider_error.SpiderErrorTestCase.test_redirect_with_invalid_url.TestSpider.task_page": [], "tests.test_spider_error.SpiderErrorTestCase.test_stat_error_name_threaded_urllib3": ["test_server.Response", "grab.spider.base.Spider.__init__", "unittest.TestCase.assertTrue", "grab.spider.base.Spider.run"], "tests.test_spider_error.SpiderErrorTestCase.test_stat_error_name_threaded_urllib3.SimpleSpider.task_page": [], "tests.test_spider_multiprocess": [], "tests.test_spider_multiprocess.BasicSpiderTestCase.SimpleSpider.__init__": ["<builtin>.super"], "tests.test_spider_multiprocess.BasicSpiderTestCase.SimpleSpider.task_page": ["grab.spider.task.Task.__init__"], "tests.test_spider_multiprocess.BasicSpiderTestCase.SimpleSpider.task_page2": [], "tests.test_spider_multiprocess.BasicSpiderTestCase.setUp": [], "tests.test_spider_multiprocess.BasicSpiderTestCase.test_spider_nonmp_changes": ["grab.spider.base.Spider.run", "grab.spider.task.Task.__init__", "tests.test_spider_multiprocess.BasicSpiderTestCase.SimpleSpider.__init__", "test_server.Response", "grab.spider.base.Spider.add_task", "unittest.TestCase.assertEqual"], "tests.test_ext_text": [], "tests.test_ext_text.TextExtensionTest.setUp": ["grab.document.Document.__init__"], "tests.test_ext_text.TextExtensionTest.test_search": ["grab.document.Document.text_search", "unittest.TestCase.assertTrue", "unittest.TestCase.assertFalse"], "tests.test_ext_text.TextExtensionTest.test_assert_substring": ["grab.document.Document.text_assert", "unittest.TestCase.assertRaises"], "tests.test_ext_text.TextExtensionTest.test_assert_substrings": ["unittest.TestCase.assertRaises", "grab.document.Document.text_assert_any"], "tests.test_grab_xml_processing": [], "tests.test_grab_xml_processing.GrabXMLProcessingTestCase.setUp": [], "tests.test_grab_xml_processing.GrabXMLProcessingTestCase.test_xml_with_declaration": ["test_server.Response", "unittest.TestCase.assertTrue", "grab.client.request"], "tests.test_grab_xml_processing.GrabXMLProcessingTestCase.test_declaration_bug": ["grab.document.Document.select", "grab.document.Document.rex_search", "grab.document.Document.text_search", "grab.document.Document.__init__", "unittest.TestCase.assertTrue", "unittest.TestCase.assertEqual"], "tests.test_xml_security": [], "tests.test_xml_security.GrabSimpleTestCase.setUp": [], "tests.test_xml_security.GrabSimpleTestCase.test_lxml_security_bug": ["lxml.etree.parse", "typing.cast", "io.BytesIO", "os.path.join", "<builtin>.open", "tests.util.temp_dir", "unittest.TestCase.assertEqual"], "tests.test_grab_charset_issue": [], "tests.test_grab_charset_issue.LXMLExtensionTest.setUp": [], "tests.test_grab_charset_issue.LXMLExtensionTest.test_dash_issue": ["grab.client.request", "unittest.TestCase.assertFalse", "<builtin>.chr", "test_server.Response", "unittest.TestCase.assertTrue"], "tests.test_grab_charset_issue.LXMLExtensionTest.test_invalid_charset": ["test_server.Response", "grab.client.request"], "tests.test_util_types": [], "tests.test_util_types.ResolveHttpClientEntityTestCase.test_resolve_entity_default": ["unittest.TestCase.assertTrue", "grab.util.types.resolve_entity", "<builtin>.isinstance"], "tests.test_util_types.ResolveHttpClientEntityTestCase.test_resolve_entity_none_nodefault": ["unittest.TestCase.assertRaises", "grab.util.types.resolve_entity"], "tests.test_util_types.ResolveHttpClientEntityTestCase.test_resolve_entity_instance": ["unittest.TestCase.assertTrue", "grab.util.types.resolve_entity", "<builtin>.isinstance"], "tests.test_util_types.ResolveHttpClientEntityTestCase.test_resolve_entity_class": ["unittest.TestCase.assertTrue", "grab.util.types.resolve_entity", "<builtin>.isinstance"], "tests.test_util_types.ResolveTransportEntityTestCase.test_resolve_transport_entity_default": ["unittest.TestCase.assertTrue", "<builtin>.isinstance"], "tests.test_util_types.ResolveTransportEntityTestCase.test_resolve_transport_entity_none_nodefault": ["unittest.TestCase.assertRaises"], "tests.test_util_types.ResolveTransportEntityTestCase.test_resolve_transport_entity_instance": ["unittest.TestCase.assertTrue", "<builtin>.isinstance", "grab.transport.Urllib3Transport.__init__"], "tests.test_util_types.ResolveTransportEntityTestCase.test_resolve_transport_entity_class": ["unittest.TestCase.assertTrue", "<builtin>.isinstance"], "tests.test_grab_upload_file": [], "tests.test_grab_timeout": [], "tests.test_grab_timeout.GrabTimeoutCase.setUp": [], "tests.test_grab_timeout.GrabTimeoutCase.test_timeout_raises": ["test_server.Response", "unittest.TestCase.assertRaises", "grab.client.request"], "tests.test_grab_timeout.GrabTimeoutCase.test_timeout_enough_to_complete": ["test_server.Response", "grab.client.request"], "tests.test_grab_transport": [], "tests.test_grab_transport.TestTransportTestCase.test_default_transport": ["unittest.TestCase.assertTrue", "<builtin>.isinstance"], "tests.test_grab_api": [], "tests.test_grab_api.GrabApiTestCase.setUp": [], "tests.test_grab_api.GrabApiTestCase.test_clone": ["test_server.Response", "grab.client.HttpClient.request", "unittest.TestCase.assertTrue"], "tests.test_grab_api.GrabApiTestCase.test_empty_clone": [], "tests.test_grab_api.GrabApiTestCase.test_document": ["grab.document.Document.__init__", "unittest.TestCase.assertTrue"], "tests.test_grab_api.GrabApiTestCase.test_document_invalid_input": ["unittest.TestCase.assertRaises"], "tests.test_spider_proxy": [], "tests.test_spider_proxy.SimpleSpider.task_baz": ["grab.spider.base.Spider.collect_runtime_event", "<builtin>.str", "<builtin>.int"], "tests.test_spider_proxy.TestSpiderProxyCase.setUpClass": ["test_server.TestServer", "<builtin>.range", "<builtin>.super"], "tests.test_spider_proxy.TestSpiderProxyCase.tearDownClass": ["<builtin>.super"], "tests.test_spider_proxy.TestSpiderProxyCase.setUp": ["<builtin>.super"], "tests.test_spider_proxy.TestSpiderProxyCase.test_setup_proxylist5": ["grab.spider.base.Spider.__init__", "<builtin>.str", "grab.spider.base.Spider.run", "tests.util.temp_file", "grab.spider.base.Spider.load_proxylist", "<builtin>.set", "grab.request.HttpRequest.__init__", "grab.spider.task.Task.__init__", "<builtin>.len", "<builtin>.range", "test_server.Response", "<builtin>.open", "grab.spider.base.Spider.add_task", "unittest.TestCase.assertEqual"], "grab.response": [], "grab.util.html": ["re.compile"], "grab.util.html.find_base_url": ["html.unescape"], "html.unescape": []}