{"delegator": [], "delegator.pid_exists": ["os.kill"], "os.kill": [], "delegator.Command.__init__": ["<builtin>.super"], "<builtin>.super": [], "delegator.Command.__repr__": [], "delegator.Command._popen_args": [], "delegator.Command._default_popen_kwargs": ["os.environ.copy"], "os.environ.copy": [], "delegator.Command._default_pexpect_kwargs": ["os.environ.copy", "locale.getdefaultlocale"], "locale.getdefaultlocale": [], "delegator.Command._uses_subprocess": ["<builtin>.isinstance"], "<builtin>.isinstance": [], "delegator.Command._uses_pexpect": ["<builtin>.isinstance"], "delegator.Command.std_out": [], "delegator.Command.ok": [], "delegator.Command._pexpect_out": [], "delegator.Command.out": [], "delegator.Command.std_err": [], "delegator.Command.err": [], "delegator.Command.pid": ["<builtin>.hasattr"], "<builtin>.hasattr": [], "delegator.Command.is_alive": ["delegator.pid_exists"], "delegator.Command.return_code": [], "delegator.Command.std_in": [], "delegator.Command.run": ["pexpect.popen_spawn.PopenSpawn"], "pexpect.popen_spawn.PopenSpawn": [], "delegator.Command.expect": ["<builtin>.RuntimeError"], "<builtin>.RuntimeError": [], "delegator.Command.send": ["<builtin>.RuntimeError"], "delegator.Command.terminate": [], "delegator.Command.kill": [], "delegator.Command.block": [], "delegator.Command.pipe": ["delegator.Command.block", "delegator.Command.run", "delegator.Command.send", "delegator.Command.__init__"], "delegator._expand_args": ["<builtin>.isinstance", "shlex.shlex", "<builtin>.list", "<builtin>.map"], "shlex.shlex": [], "<builtin>.map": [], "<builtin>.list": [], "delegator.chain": ["delegator.Command.send", "delegator._expand_args", "delegator.run"], "delegator.run": ["delegator.Command.run", "delegator.Command.block", "delegator.Command.__init__"], "setup": ["setuptools.setup", "os.system", "sys.exit", "os.path.dirname", "os.path.join", "codecs.open", "os.path.abspath", "os.dirname"], "os.dirname": [], "os.path.dirname": [], "os.path.abspath": [], "os.path.join": [], "codecs.open": [], "os.system": [], "sys.exit": [], "setuptools.setup": [], "tests.test_chain": [], "tests.test_chain.test_chain": ["delegator.chain"]}