{"decouple": ["decouple.AutoConfig.__init__"], "decouple.<lambda1>": [], "decouple.<lambda2>": [], "decouple.strtobool": ["<builtin>.ValueError", "<builtin>.isinstance"], "<builtin>.isinstance": [], "<builtin>.ValueError": [], "decouple.Config.__init__": [], "decouple.Config._cast_boolean": ["decouple.strtobool", "<builtin>.str", "<builtin>.bool"], "<builtin>.str": [], "<builtin>.bool": [], "decouple.Config._cast_do_nothing": [], "decouple.Config.get": ["decouple.Config._cast_do_nothing", "decouple.Config._cast_boolean", "<builtin>.isinstance"], "decouple.Config.__call__": ["decouple.Config.get"], "decouple.RepositoryEmpty.__init__": [], "decouple.RepositoryEmpty.__contains__": [], "decouple.RepositoryEmpty.__getitem__": [], "decouple.RepositoryIni.__init__": ["decouple.<lambda1>", "decouple.<lambda2>", "ConfigParser.SafeConfigParser", "configparser.ConfigParser", "io.open"], "ConfigParser.SafeConfigParser": [], "configparser.ConfigParser": [], "io.open": [], "decouple.RepositoryIni.__contains__": [], "decouple.RepositoryIni.__getitem__": [], "decouple.RepositoryEnv.__init__": ["io.open", "<builtin>.len"], "<builtin>.len": [], "decouple.RepositoryEnv.__contains__": [], "decouple.RepositoryEnv.__getitem__": [], "decouple.RepositorySecret.__init__": ["io.open", "os.path.join", "os.listdir"], "os.listdir": [], "os.path.join": [], "decouple.RepositorySecret.__contains__": [], "decouple.RepositorySecret.__getitem__": [], "collections.OrderedDict": [], "decouple.AutoConfig": ["collections.OrderedDict"], "decouple.AutoConfig.__init__": [], "decouple.AutoConfig._find_file": ["os.path.abspath", "os.path.isfile", "os.path.join", "os.path.dirname", "decouple.AutoConfig._find_file"], "os.path.isfile": [], "os.path.dirname": [], "os.path.abspath": [], "decouple.AutoConfig._load": ["os.path.basename", "decouple.AutoConfig._find_file", "os.path.abspath", "decouple.Config.__init__"], "os.path.basename": [], "decouple.AutoConfig._caller_path": ["sys._getframe", "os.path.dirname"], "sys._getframe": [], "decouple.AutoConfig.__call__": ["decouple.AutoConfig._caller_path", "decouple.Config.__init__", "decouple.AutoConfig._load"], "decouple.Csv.__init__": [], "decouple.Csv.__call__": ["shlex.shlex", "decouple.Csv.__call__.<lambda1>"], "decouple.Csv.__call__.<lambda1>": [], "shlex.shlex": [], "decouple.Choices.__init__": [], "decouple.Choices.__call__": ["<builtin>.ValueError"], "setup": ["os.path.dirname", "os.path.join", "<builtin>.open", "setuptools.setup"], "<builtin>.open": [], "setuptools.setup": [], "tests.test_autoconfig": [], "tests.test_autoconfig.test_autoconfig_env": ["decouple.AutoConfig.__init__", "os.path.dirname", "os.path.join", "mock.patch.object"], "mock.patch.object": [], "tests.test_autoconfig.test_autoconfig_ini": ["decouple.AutoConfig.__init__", "os.path.dirname", "os.path.join", "mock.patch.object"], "tests.test_autoconfig.test_autoconfig_ini_in_subdir": ["os.chdir", "decouple.AutoConfig.__init__", "mock.patch.object", "os.path.join", "os.path.dirname"], "os.chdir": [], "tests.test_autoconfig.test_autoconfig_none": ["decouple.AutoConfig.__init__", "os.path.dirname", "os.path.join", "mock.patch"], "mock.patch": [], "tests.test_autoconfig.test_autoconfig_exception": ["decouple.AutoConfig.__init__", "<builtin>.Exception", "mock.patch"], "<builtin>.Exception": [], "tests.test_autoconfig.test_autoconfig_is_not_a_file": ["decouple.AutoConfig.__init__", "mock.patch"], "tests.test_autoconfig.test_autoconfig_search_path": ["decouple.AutoConfig.__init__", "os.path.dirname", "os.path.join"], "tests.test_autoconfig.test_autoconfig_empty_repository": ["pytest.raises", "decouple.AutoConfig.__init__", "os.path.join", "os.path.dirname", "<builtin>.isinstance"], "pytest.raises": [], "tests.test_autoconfig.test_autoconfig_ini_default_encoding": ["mock.mock_open", "mock.patch", "decouple.AutoConfig.__init__", "mock.patch.object", "os.path.join", "os.path.dirname"], "mock.mock_open": [], "tests.test_autoconfig.test_autoconfig_env_default_encoding": ["mock.mock_open", "mock.patch", "decouple.AutoConfig.__init__", "mock.patch.object", "os.path.join", "os.path.dirname"], "tests.test_strtobool": ["pytest.mark.parametrize"], "pytest.mark.parametrize": [], "tests.test_strtobool.test_true_values": ["decouple.strtobool"], "tests.test_strtobool.test_false_values": ["decouple.strtobool"], "tests.test_strtobool.test_invalid": ["pytest.raises", "decouple.strtobool"], "tests": [], "tests.test_helper_csv": [], "tests.test_helper_csv.test_csv": ["decouple.Csv.__init__"], "tests.test_helper_csv.test_csv.<lambda1>": [], "tests.test_helper_csv.test_csv_quoted_parse": ["decouple.Csv.__init__"], "tests.test_helper_csv.test_csv_none": ["decouple.Csv.__init__"], "tests.test_secrets": [], "tests.test_secrets.test_secrets": ["os.path.dirname", "os.path.join", "decouple.Config.__init__", "decouple.RepositorySecret.__init__"], "tests.test_secrets.test_no_secret_but_present_in_os_environ": ["os.path.dirname", "os.path.join", "decouple.Config.__init__", "decouple.RepositorySecret.__init__"], "tests.test_secrets.test_secret_overriden_by_environ": ["os.path.dirname", "os.path.join", "decouple.Config.__init__", "decouple.RepositorySecret.__init__"], "tests.test_ini": ["pytest.fixture"], "pytest.fixture": [], "tests.test_ini.config": ["decouple.RepositoryIni.__init__", "io.BytesIO", "mock.patch", "io.StringIO", "decouple.Config.__init__"], "io.StringIO": [], "io.BytesIO": [], "tests.test_ini.test_ini_comment": ["pytest.raises"], "tests.test_ini.test_ini_percent_escape": [], "tests.test_ini.test_ini_interpolation": [], "tests.test_ini.test_ini_bool_true": [], "tests.test_ini.test_ini_bool_false": [], "tests.test_ini.test_init_undefined": ["pytest.raises"], "tests.test_ini.test_ini_default_none": [], "tests.test_ini.test_ini_default_bool": [], "tests.test_ini.test_ini_default": [], "tests.test_ini.test_ini_default_invalid_bool": ["pytest.raises"], "tests.test_ini.test_ini_empty": [], "tests.test_ini.test_ini_support_space": [], "tests.test_ini.test_ini_os_environ": [], "tests.test_ini.test_ini_undefined_but_present_in_os_environ": [], "tests.test_ini.test_ini_empty_string_means_false": [], "tests.test_helper_choices": [], "tests.test_helper_choices.test_default_cast_with_flat_list": ["pytest.raises", "decouple.Choices.__init__"], "tests.test_helper_choices.test_cast_to_int_with_flat_list": ["pytest.raises", "decouple.Choices.__init__"], "tests.test_helper_choices.test_default_with_django_like_choices": ["pytest.raises", "decouple.Choices.__init__"], "tests.test_helper_choices.test_cast_to_int_with_django_like_choices": ["pytest.raises", "decouple.Choices.__init__"], "tests.test_helper_choices.test_default_cast_with_booth_flat_list_and_django_like_choices": ["pytest.raises", "decouple.Choices.__init__"], "tests.test_helper_choices.test_cast_to_int_with_booth_flat_list_and_django_like_choices": ["pytest.raises", "decouple.Choices.__init__"], "tests.test_env": ["pytest.fixture"], "tests.test_env.config": ["decouple.RepositoryEnv.__init__", "io.BytesIO", "mock.patch", "io.StringIO", "decouple.Config.__init__"], "tests.test_env.test_env_comment": ["pytest.raises"], "tests.test_env.test_env_percent_not_escaped": [], "tests.test_env.test_env_no_interpolation": [], "tests.test_env.test_env_bool_true": [], "tests.test_env.test_env_bool_false": [], "tests.test_env.test_env_os_environ": [], "tests.test_env.test_env_undefined_but_present_in_os_environ": [], "tests.test_env.test_env_undefined": ["pytest.raises"], "tests.test_env.test_env_default_none": [], "tests.test_env.test_env_empty": [], "tests.test_env.test_env_support_space": [], "tests.test_env.test_env_empty_string_means_false": [], "tests.test_env.test_env_with_quote": [], "tests.autoconfig.ini.project.subdir.empty": []}