{"setup": ["setuptools.setup"], "setuptools.setup": [], "docs.conf": ["sphinx_rtd_theme.get_html_theme_path", "docs.conf.find_version"], "docs.conf.read": ["os.path.abspath", "os.path.join", "os.path.dirname", "<builtin>.open"], "os.path.dirname": [], "os.path.abspath": [], "os.path.join": [], "<builtin>.open": [], "docs.conf.find_version": ["re.search", "docs.conf.read", "<builtin>.RuntimeError"], "re.search": [], "<builtin>.RuntimeError": [], "sphinx_rtd_theme.get_html_theme_path": [], "jwt.algorithms": [], "jwt.algorithms.get_default_algorithms": ["jwt.algorithms.HMACAlgorithm.__init__"], "jwt.algorithms.HMACAlgorithm.__init__": [], "jwt.algorithms.Algorithm.compute_hash_digest": ["<builtin>.issubclass", "cryptography.hazmat.backends.default_backend", "cryptography.hazmat.primitives.hashes.Hash", "<builtin>.getattr", "<builtin>.isinstance", "<builtin>.bytes"], "<builtin>.getattr": [], "<builtin>.isinstance": [], "<builtin>.issubclass": [], "cryptography.hazmat.backends.default_backend": [], "cryptography.hazmat.primitives.hashes.Hash": [], "<builtin>.bytes": [], "jwt.algorithms.Algorithm.prepare_key": [], "jwt.algorithms.Algorithm.sign": [], "jwt.algorithms.Algorithm.verify": [], "jwt.algorithms.Algorithm.to_jwk": [], "jwt.algorithms.Algorithm.from_jwk": [], "jwt.algorithms.NoneAlgorithm.prepare_key": [], "jwt.algorithms.NoneAlgorithm.sign": [], "jwt.algorithms.NoneAlgorithm.verify": [], "jwt.algorithms.HMACAlgorithm.prepare_key": ["jwt.utils.is_ssh_key", "jwt.utils.is_pem_format", "jwt.utils.force_bytes"], "jwt.utils.force_bytes": ["<builtin>.TypeError", "<builtin>.isinstance"], "jwt.utils.is_pem_format": ["<builtin>.bool"], "jwt.utils.is_ssh_key": ["<builtin>.len", "<builtin>.any"], "jwt.algorithms.HMACAlgorithm.to_jwk": ["json.dumps", "jwt.utils.base64url_encode", "jwt.utils.force_bytes"], "jwt.utils.base64url_encode": ["base64.urlsafe_b64encode"], "json.dumps": [], "jwt.algorithms.HMACAlgorithm.from_jwk": ["json.loads", "jwt.utils.base64url_decode", "<builtin>.isinstance"], "json.loads": [], "jwt.utils.base64url_decode": ["<builtin>.len", "base64.urlsafe_b64decode", "jwt.utils.force_bytes"], "jwt.algorithms.HMACAlgorithm.sign": ["hmac.new"], "hmac.new": [], "jwt.algorithms.HMACAlgorithm.verify": ["hmac.compare_digest", "jwt.algorithms.HMACAlgorithm.sign"], "hmac.compare_digest": [], "jwt.algorithms.RSAAlgorithm.__init__": [], "jwt.algorithms.RSAAlgorithm.prepare_key": ["jwt.utils.force_bytes", "<builtin>.TypeError", "cryptography.hazmat.primitives.serialization.load_pem_public_key", "cryptography.hazmat.primitives.serialization.load_ssh_public_key", "<builtin>.isinstance", "cryptography.hazmat.primitives.serialization.load_pem_private_key"], "<builtin>.TypeError": [], "cryptography.hazmat.primitives.serialization.load_ssh_public_key": [], "cryptography.hazmat.primitives.serialization.load_pem_private_key": [], "cryptography.hazmat.primitives.serialization.load_pem_public_key": [], "jwt.algorithms.RSAAlgorithm.to_jwk": ["jwt.utils.to_base64url_uint", "json.dumps", "<builtin>.getattr"], "jwt.utils.to_base64url_uint": ["<builtin>.ValueError", "<builtin>.len", "jwt.utils.bytes_from_int", "jwt.utils.base64url_encode"], "jwt.algorithms.RSAAlgorithm.from_jwk": ["json.loads", "cryptography.hazmat.primitives.asymmetric.rsa.RSAPublicNumbers", "cryptography.hazmat.primitives.asymmetric.rsa.RSAPrivateNumbers", "jwt.utils.from_base64url_uint", "<builtin>.isinstance", "cryptography.hazmat.primitives.asymmetric.rsa.rsa_recover_prime_factors", "<builtin>.all", "cryptography.hazmat.primitives.asymmetric.rsa.rsa_crt_iqmp", "cryptography.hazmat.primitives.asymmetric.rsa.rsa_crt_dmp1", "<builtin>.any", "cryptography.hazmat.primitives.asymmetric.rsa.rsa_crt_dmq1"], "<builtin>.any": [], "<builtin>.all": [], "jwt.utils.from_base64url_uint": ["jwt.utils.base64url_decode", "jwt.utils.force_bytes"], "cryptography.hazmat.primitives.asymmetric.rsa.RSAPublicNumbers": [], "cryptography.hazmat.primitives.asymmetric.rsa.RSAPrivateNumbers": [], "cryptography.hazmat.primitives.asymmetric.rsa.rsa_recover_prime_factors": [], "cryptography.hazmat.primitives.asymmetric.rsa.rsa_crt_dmp1": [], "cryptography.hazmat.primitives.asymmetric.rsa.rsa_crt_dmq1": [], "cryptography.hazmat.primitives.asymmetric.rsa.rsa_crt_iqmp": [], "jwt.algorithms.RSAAlgorithm.sign": ["cryptography.hazmat.primitives.asymmetric.padding.PKCS1v15"], "cryptography.hazmat.primitives.asymmetric.padding.PKCS1v15": [], "jwt.algorithms.RSAAlgorithm.verify": ["cryptography.hazmat.primitives.asymmetric.padding.PKCS1v15"], "jwt.algorithms.ECAlgorithm.__init__": [], "jwt.algorithms.ECAlgorithm.prepare_key": ["jwt.utils.force_bytes", "<builtin>.TypeError", "cryptography.hazmat.primitives.serialization.load_pem_public_key", "cryptography.hazmat.primitives.serialization.load_ssh_public_key", "<builtin>.isinstance", "cryptography.hazmat.primitives.serialization.load_pem_private_key"], "jwt.algorithms.ECAlgorithm.sign": ["cryptography.hazmat.primitives.asymmetric.ec.ECDSA", "jwt.utils.der_to_raw_signature"], "cryptography.hazmat.primitives.asymmetric.ec.ECDSA": [], "jwt.utils.der_to_raw_signature": ["cryptography.hazmat.primitives.asymmetric.utils.decode_dss_signature", "jwt.utils.number_to_bytes"], "jwt.algorithms.ECAlgorithm.verify": ["jwt.utils.raw_to_der_signature", "cryptography.hazmat.primitives.asymmetric.ec.ECDSA", "<builtin>.isinstance"], "jwt.utils.raw_to_der_signature": ["<builtin>.len", "<builtin>.bytes", "cryptography.hazmat.primitives.asymmetric.utils.encode_dss_signature", "jwt.utils.bytes_to_number", "<builtin>.ValueError"], "jwt.algorithms.ECAlgorithm.to_jwk": ["jwt.utils.to_base64url_uint", "json.dumps", "<builtin>.isinstance"], "jwt.algorithms.ECAlgorithm.from_jwk": ["json.loads", "cryptography.hazmat.primitives.asymmetric.ec.SECP521R1", "<builtin>.len", "cryptography.hazmat.primitives.asymmetric.ec.SECP256R1", "cryptography.hazmat.primitives.asymmetric.ec.EllipticCurvePublicNumbers", "<builtin>.isinstance", "cryptography.hazmat.primitives.asymmetric.ec.SECP384R1", "cryptography.hazmat.primitives.asymmetric.ec.EllipticCurvePrivateNumbers", "cryptography.hazmat.primitives.asymmetric.ec.SECP256K1", "jwt.utils.base64url_decode"], "<builtin>.len": [], "cryptography.hazmat.primitives.asymmetric.ec.SECP256R1": [], "cryptography.hazmat.primitives.asymmetric.ec.SECP384R1": [], "cryptography.hazmat.primitives.asymmetric.ec.SECP521R1": [], "cryptography.hazmat.primitives.asymmetric.ec.SECP256K1": [], "cryptography.hazmat.primitives.asymmetric.ec.EllipticCurvePublicNumbers": [], "cryptography.hazmat.primitives.asymmetric.ec.EllipticCurvePrivateNumbers": [], "jwt.algorithms.RSAPSSAlgorithm.sign": ["cryptography.hazmat.primitives.asymmetric.padding.MGF1", "cryptography.hazmat.primitives.asymmetric.padding.PSS"], "cryptography.hazmat.primitives.asymmetric.padding.MGF1": [], "cryptography.hazmat.primitives.asymmetric.padding.PSS": [], "jwt.algorithms.RSAPSSAlgorithm.verify": ["cryptography.hazmat.primitives.asymmetric.padding.MGF1", "cryptography.hazmat.primitives.asymmetric.padding.PSS"], "jwt.algorithms.OKPAlgorithm.__init__": [], "jwt.algorithms.OKPAlgorithm.prepare_key": ["cryptography.hazmat.primitives.serialization.load_pem_private_key", "<builtin>.isinstance", "cryptography.hazmat.primitives.serialization.load_pem_public_key", "cryptography.hazmat.primitives.serialization.load_ssh_public_key"], "jwt.algorithms.OKPAlgorithm.sign": ["<builtin>.type", "<builtin>.bytes"], "<builtin>.type": [], "jwt.algorithms.OKPAlgorithm.verify": ["<builtin>.isinstance", "<builtin>.type", "<builtin>.bytes"], "jwt.algorithms.OKPAlgorithm.to_jwk": ["json.dumps", "cryptography.hazmat.primitives.serialization.NoEncryption", "jwt.utils.force_bytes", "<builtin>.isinstance", "jwt.utils.base64url_encode"], "cryptography.hazmat.primitives.serialization.NoEncryption": [], "jwt.algorithms.OKPAlgorithm.from_jwk": ["cryptography.hazmat.primitives.asymmetric.ed25519.Ed25519PrivateKey.from_private_bytes", "json.loads", "cryptography.hazmat.primitives.asymmetric.ed448.Ed448PublicKey.from_public_bytes", "cryptography.hazmat.primitives.asymmetric.ed448.Ed448PrivateKey.from_private_bytes", "cryptography.hazmat.primitives.asymmetric.ed25519.Ed25519PublicKey.from_public_bytes", "<builtin>.isinstance", "jwt.utils.base64url_decode"], "cryptography.hazmat.primitives.asymmetric.ed25519.Ed25519PublicKey.from_public_bytes": [], "cryptography.hazmat.primitives.asymmetric.ed448.Ed448PublicKey.from_public_bytes": [], "cryptography.hazmat.primitives.asymmetric.ed25519.Ed25519PrivateKey.from_private_bytes": [], "cryptography.hazmat.primitives.asymmetric.ed448.Ed448PrivateKey.from_private_bytes": [], "jwt.exceptions": [], "jwt.exceptions.MissingRequiredClaimError.__init__": [], "jwt.exceptions.MissingRequiredClaimError.__str__": [], "jwt": [], "jwt.api_jws": ["jwt.api_jws.PyJWS.__init__"], "jwt.api_jws.PyJWS.__init__": ["jwt.api_jws.PyJWS._get_default_options", "<builtin>.list", "<builtin>.set", "jwt.algorithms.get_default_algorithms"], "<builtin>.set": [], "<builtin>.list": [], "jwt.api_jws.PyJWS._get_default_options": [], "jwt.api_jws.PyJWS.register_algorithm": ["<builtin>.ValueError", "<builtin>.TypeError", "<builtin>.isinstance"], "<builtin>.ValueError": [], "jwt.api_jws.PyJWS.unregister_algorithm": ["<builtin>.KeyError"], "<builtin>.KeyError": [], "jwt.api_jws.PyJWS.get_algorithms": ["<builtin>.list"], "jwt.api_jws.PyJWS.get_algorithm_by_name": ["<builtin>.NotImplementedError"], "<builtin>.NotImplementedError": [], "jwt.api_jws.PyJWS.encode": ["json.dumps", "jwt.api_jws.PyJWS._validate_headers", "jwt.api_jws.PyJWS.get_algorithm_by_name", "jwt.utils.base64url_encode"], "jwt.api_jws.PyJWS._validate_headers": ["jwt.api_jws.PyJWS._validate_kid"], "jwt.api_jws.PyJWS.decode_complete": ["jwt.api_jws.PyJWS._load", "<builtin>.tuple", "warnings.warn", "jwt.api_jws.PyJWS._verify_signature"], "<builtin>.tuple": [], "warnings.warn": [], "jwt.api_jws.PyJWS._load": ["jwt.utils.base64url_decode", "json.loads", "<builtin>.isinstance"], "jwt.api_jws.PyJWS._verify_signature": ["jwt.api_jws.PyJWS.get_algorithm_by_name"], "jwt.api_jws.PyJWS.decode": ["<builtin>.tuple", "warnings.warn", "jwt.api_jws.PyJWS.decode_complete"], "jwt.api_jws.PyJWS.get_unverified_header": ["jwt.api_jws.PyJWS._load", "jwt.api_jws.PyJWS._validate_headers"], "jwt.api_jws.PyJWS._validate_kid": ["<builtin>.isinstance"], "jwt.utils": ["re.compile"], "base64.urlsafe_b64decode": [], "base64.urlsafe_b64encode": [], "jwt.utils.bytes_from_int": [], "jwt.utils.number_to_bytes": ["binascii.a2b_hex"], "binascii.a2b_hex": [], "jwt.utils.bytes_to_number": ["binascii.b2a_hex", "<builtin>.int"], "binascii.b2a_hex": [], "<builtin>.int": [], "cryptography.hazmat.primitives.asymmetric.utils.decode_dss_signature": [], "cryptography.hazmat.primitives.asymmetric.utils.encode_dss_signature": [], "re.compile": [], "<builtin>.bool": [], "jwt.warnings": [], "jwt.api_jwt": ["jwt.api_jwt.PyJWT.__init__"], "jwt.api_jwt.PyJWT.__init__": ["jwt.api_jwt.PyJWT._get_default_options"], "jwt.api_jwt.PyJWT._get_default_options": [], "jwt.api_jwt.PyJWT.encode": ["jwt.api_jwt.PyJWT._encode_payload", "calendar.timegm", "<builtin>.TypeError", "<builtin>.isinstance"], "calendar.timegm": [], "jwt.api_jwt.PyJWT._encode_payload": ["json.dumps"], "jwt.api_jwt.PyJWT.decode_complete": ["jwt.api_jwt.PyJWT._validate_claims", "warnings.warn", "<builtin>.dict", "<builtin>.tuple", "jwt.api_jwt.PyJWT._decode_payload", "tests.test_compressed_jwt.CompressedPyJWT._decode_payload"], "<builtin>.dict": [], "jwt.api_jwt.PyJWT._decode_payload": ["json.loads", "<builtin>.isinstance"], "tests.test_compressed_jwt.CompressedPyJWT._decode_payload": ["json.loads", "zlib.decompress"], "jwt.api_jwt.PyJWT._validate_claims": ["jwt.api_jwt.PyJWT._validate_nbf", "jwt.api_jwt.PyJWT._validate_exp", "<builtin>.TypeError", "jwt.api_jwt.PyJWT._validate_required_claims", "jwt.api_jwt.PyJWT._validate_iat", "<builtin>.isinstance", "jwt.api_jwt.PyJWT._validate_aud", "jwt.api_jwt.PyJWT._validate_iss", "datetime.datetime.now"], "jwt.api_jwt.PyJWT.decode": ["jwt.api_jwt.PyJWT.decode_complete", "<builtin>.tuple", "warnings.warn"], "jwt.api_jwt.PyJWT._validate_required_claims": ["jwt.exceptions.MissingRequiredClaimError.__init__"], "datetime.datetime.now": [], "jwt.api_jwt.PyJWT._validate_iat": ["<builtin>.int"], "jwt.api_jwt.PyJWT._validate_nbf": ["<builtin>.int"], "jwt.api_jwt.PyJWT._validate_exp": ["<builtin>.int"], "jwt.api_jwt.PyJWT._validate_iss": ["jwt.exceptions.MissingRequiredClaimError.__init__"], "jwt.api_jwt.PyJWT._validate_aud": ["jwt.exceptions.MissingRequiredClaimError.__init__", "<builtin>.any", "<builtin>.all", "<builtin>.isinstance"], "jwt.jwks_client": [], "jwt.jwks_client.PyJWKClient.__init__": ["functools.lru_cache", "jwt.jwk_set_cache.JWKSetCache.__init__"], "jwt.jwk_set_cache.JWKSetCache.__init__": [], "functools.lru_cache": [], "jwt.jwks_client.PyJWKClient.fetch_data": ["jwt.jwk_set_cache.JWKSetCache.put", "json.load"], "json.load": [], "jwt.jwk_set_cache.JWKSetCache.put": ["jwt.api_jwk.PyJWTSetWithTimestamp.__init__"], "jwt.jwks_client.PyJWKClient.get_jwk_set": ["jwt.api_jwk.PyJWKSet.from_dict", "jwt.jwks_client.PyJWKClient.fetch_data", "jwt.jwk_set_cache.JWKSetCache.get", "<builtin>.isinstance"], "jwt.jwk_set_cache.JWKSetCache.get": ["jwt.jwk_set_cache.JWKSetCache.is_expired", "jwt.api_jwk.PyJWTSetWithTimestamp.get_jwk_set"], "jwt.api_jwk.PyJWKSet.from_dict": ["jwt.api_jwk.PyJWKSet.__init__"], "jwt.jwks_client.PyJWKClient.get_signing_keys": ["jwt.jwks_client.PyJWKClient.get_jwk_set"], "jwt.jwks_client.PyJWKClient.get_signing_key": ["jwt.jwks_client.PyJWKClient.get_signing_keys", "jwt.jwks_client.PyJWKClient.match_kid"], "jwt.jwks_client.PyJWKClient.match_kid": [], "jwt.jwks_client.PyJWKClient.get_signing_key_from_jwt": ["jwt.api_jwt.PyJWT.decode_complete", "jwt.jwks_client.PyJWKClient.get_signing_key"], "jwt.jwk_set_cache": [], "jwt.api_jwk.PyJWTSetWithTimestamp.__init__": ["time.monotonic"], "jwt.jwk_set_cache.JWKSetCache.is_expired": ["jwt.api_jwk.PyJWTSetWithTimestamp.get_timestamp", "time.monotonic"], "jwt.api_jwk.PyJWTSetWithTimestamp.get_jwk_set": [], "time.monotonic": [], "jwt.api_jwk.PyJWTSetWithTimestamp.get_timestamp": [], "jwt.api_jwk": [], "jwt.api_jwk.PyJWK.__init__": ["<builtin>.isinstance", "jwt.algorithms.get_default_algorithms"], "jwt.api_jwk.PyJWK.from_dict": ["jwt.api_jwk.PyJWK.__init__"], "jwt.api_jwk.PyJWK.from_json": ["jwt.api_jwk.PyJWK.from_dict", "json.loads"], "jwt.api_jwk.PyJWK.key_type": [], "jwt.api_jwk.PyJWK.key_id": [], "jwt.api_jwk.PyJWK.public_key_use": [], "jwt.api_jwk.PyJWKSet.__init__": ["jwt.api_jwk.PyJWK.__init__", "<builtin>.isinstance", "<builtin>.len"], "jwt.api_jwk.PyJWKSet.from_json": ["jwt.api_jwk.PyJWKSet.from_dict", "json.loads"], "jwt.api_jwk.PyJWKSet.__getitem__": ["<builtin>.KeyError"], "jwt.types": [], "jwt.help": ["jwt.help.main"], "jwt.help.info": ["platform.system", "platform.python_version", "platform.release", "platform.python_implementation"], "platform.system": [], "platform.release": [], "platform.python_implementation": [], "platform.python_version": [], "jwt.help.main": ["json.dumps", "<builtin>.print", "jwt.help.info"], "<builtin>.print": [], "tests.test_utils": ["pytest.mark.parametrize"], "pytest.mark.parametrize": [], "tests.test_utils.test_to_base64url_uint": ["jwt.utils.to_base64url_uint"], "tests.test_utils.test_from_base64url_uint": ["jwt.utils.from_base64url_uint"], "tests.test_utils.test_force_bytes_raises_error_on_invalid_object": ["jwt.utils.force_bytes", "pytest.raises"], "pytest.raises": [], "tests.keys": ["os.path.abspath", "os.path.dirname"], "tests.keys.decode_value": ["jwt.utils.base64url_decode"], "tests.keys.load_hmac_key": ["json.load", "os.path.join", "jwt.utils.base64url_decode", "<builtin>.open"], "tests.keys.load_rsa_key": ["os.path.join", "jwt.algorithms.RSAAlgorithm.from_jwk", "<builtin>.open"], "tests.keys.load_rsa_pub_key": ["os.path.join", "jwt.algorithms.RSAAlgorithm.from_jwk", "<builtin>.open"], "tests.keys.load_ec_key": ["json.load", "<builtin>.open", "cryptography.hazmat.primitives.asymmetric.ec.EllipticCurvePrivateNumbers", "tests.keys.decode_value", "os.path.join", "tests.keys.load_ec_pub_key_p_521"], "tests.keys.load_ec_pub_key_p_521": ["cryptography.hazmat.primitives.asymmetric.ec.SECP521R1", "json.load", "cryptography.hazmat.primitives.asymmetric.ec.EllipticCurvePublicNumbers", "<builtin>.open", "tests.keys.decode_value", "os.path.join"], "tests.test_compressed_jwt": [], "zlib.decompress": [], "tests.test_compressed_jwt.test_decodes_complete_valid_jwt_with_compressed_payload": ["jwt.api_jwt.PyJWT.decode_complete", "jwt.api_jwt.PyJWT.__init__"], "tests.test_exceptions": [], "tests.test_exceptions.test_missing_required_claim_error_has_proper_str": ["jwt.exceptions.MissingRequiredClaimError.__init__", "<builtin>.str"], "<builtin>.str": [], "tests.test_api_jwt": ["pytest.fixture"], "pytest.fixture": [], "tests.test_api_jwt.jwt": ["jwt.api_jwt.PyJWT.__init__"], "tests.test_api_jwt.payload": ["tests.utils.utc_timestamp"], "tests.utils.utc_timestamp": ["datetime.datetime.now", "calendar.timegm"], "tests.test_api_jwt.TestJWT.test_decodes_valid_jwt": [], "tests.test_api_jwt.TestJWT.test_decodes_complete_valid_jwt": [], "tests.test_api_jwt.TestJWT.test_load_verify_valid_jwt": [], "tests.test_api_jwt.TestJWT.test_decode_invalid_payload_string": ["<builtin>.str", "pytest.raises"], "tests.test_api_jwt.TestJWT.test_decode_with_non_mapping_payload_throws_exception": ["<builtin>.str", "pytest.raises"], "tests.test_api_jwt.TestJWT.test_decode_with_invalid_audience_param_throws_exception": ["<builtin>.str", "pytest.raises"], "tests.test_api_jwt.TestJWT.test_decode_with_nonlist_aud_claim_throws_exception": ["<builtin>.str", "pytest.raises"], "tests.test_api_jwt.TestJWT.test_decode_with_invalid_aud_list_member_throws_exception": ["<builtin>.str", "pytest.raises"], "tests.test_api_jwt.TestJWT.test_encode_bad_type": ["<builtin>.list", "<builtin>.tuple", "pytest.raises", "<builtin>.set"], "tests.test_api_jwt.TestJWT.test_encode_bad_type.<lambda1>": [], "tests.test_api_jwt.TestJWT.test_encode_with_typ": ["json.loads", "jwt.utils.base64url_decode"], "tests.test_api_jwt.TestJWT.test_decode_raises_exception_if_exp_is_not_int": ["<builtin>.str", "pytest.raises"], "tests.test_api_jwt.TestJWT.test_decode_raises_exception_if_iat_is_not_int": ["pytest.raises"], "tests.test_api_jwt.TestJWT.test_decode_raises_exception_if_iat_is_greater_than_now": ["pytest.raises", "tests.utils.utc_timestamp"], "tests.test_api_jwt.TestJWT.test_decode_works_if_iat_is_str_of_a_number": [], "tests.test_api_jwt.TestJWT.test_decode_raises_exception_if_nbf_is_not_int": ["pytest.raises"], "tests.test_api_jwt.TestJWT.test_decode_raises_exception_if_aud_is_none": [], "tests.test_api_jwt.TestJWT.test_encode_datetime": ["datetime.datetime.now", "calendar.timegm"], "tests.test_api_jwt.TestJWT": ["tests.utils.crypto_required"], "tests.utils.crypto_required": ["pytest.mark.skipif"], "tests.test_api_jwt.TestJWT.test_decodes_valid_es256_jwt": ["<builtin>.open", "tests.utils.key_path"], "tests.utils.key_path": ["os.path.realpath", "os.path.join", "os.path.dirname"], "tests.test_api_jwt.TestJWT.test_decodes_valid_rs384_jwt": ["<builtin>.open", "tests.utils.key_path"], "tests.test_api_jwt.TestJWT.test_decode_with_expiration": ["pytest.raises", "tests.utils.utc_timestamp"], "tests.test_api_jwt.TestJWT.test_decode_with_notbefore": ["pytest.raises", "tests.utils.utc_timestamp"], "tests.test_api_jwt.TestJWT.test_decode_skip_expiration_verification": ["time.time"], "time.time": [], "tests.test_api_jwt.TestJWT.test_decode_skip_notbefore_verification": ["time.time"], "tests.test_api_jwt.TestJWT.test_decode_with_expiration_with_leeway": ["datetime.timedelta", "pytest.raises", "tests.utils.utc_timestamp"], "datetime.timedelta": [], "tests.test_api_jwt.TestJWT.test_decode_with_notbefore_with_leeway": ["pytest.raises", "tests.utils.utc_timestamp"], "tests.test_api_jwt.TestJWT.test_check_audience_when_valid": [], "tests.test_api_jwt.TestJWT.test_check_audience_list_when_valid": [], "tests.test_api_jwt.TestJWT.test_check_audience_none_specified": ["pytest.raises"], "tests.test_api_jwt.TestJWT.test_raise_exception_invalid_audience_list": ["pytest.raises"], "tests.test_api_jwt.TestJWT.test_check_audience_in_array_when_valid": [], "tests.test_api_jwt.TestJWT.test_raise_exception_invalid_audience": ["pytest.raises"], "tests.test_api_jwt.TestJWT.test_raise_exception_audience_as_bytes": ["pytest.raises"], "tests.test_api_jwt.TestJWT.test_raise_exception_invalid_audience_in_array": ["pytest.raises"], "tests.test_api_jwt.TestJWT.test_raise_exception_token_without_issuer": ["pytest.raises"], "tests.test_api_jwt.TestJWT.test_raise_exception_token_without_audience": ["pytest.raises"], "tests.test_api_jwt.TestJWT.test_raise_exception_token_with_aud_none_and_without_audience": ["pytest.raises"], "tests.test_api_jwt.TestJWT.test_check_issuer_when_valid": [], "tests.test_api_jwt.TestJWT.test_raise_exception_invalid_issuer": ["pytest.raises"], "tests.test_api_jwt.TestJWT.test_skip_check_audience": [], "tests.test_api_jwt.TestJWT.test_skip_check_exp": ["datetime.datetime.now", "datetime.timedelta"], "tests.test_api_jwt.TestJWT.test_decode_should_raise_error_if_exp_required_but_not_present": ["pytest.raises"], "tests.test_api_jwt.TestJWT.test_decode_should_raise_error_if_iat_required_but_not_present": ["pytest.raises"], "tests.test_api_jwt.TestJWT.test_decode_should_raise_error_if_nbf_required_but_not_present": ["pytest.raises"], "tests.test_api_jwt.TestJWT.test_skip_check_signature": [], "tests.test_api_jwt.TestJWT.test_skip_check_iat": ["datetime.datetime.now", "datetime.timedelta"], "tests.test_api_jwt.TestJWT.test_skip_check_nbf": ["datetime.datetime.now", "datetime.timedelta"], "tests.test_api_jwt.TestJWT.test_custom_json_encoder": ["decimal.Decimal", "pytest.raises"], "tests.test_api_jwt.TestJWT.test_custom_json_encoder.CustomJSONEncoder.default": ["<builtin>.super", "<builtin>.isinstance"], "<builtin>.super": [], "decimal.Decimal": [], "tests.test_api_jwt.TestJWT.test_decode_with_verify_exp_option": ["pytest.raises", "tests.utils.utc_timestamp"], "tests.test_api_jwt.TestJWT.test_decode_with_verify_exp_option_and_signature_off": ["pytest.raises", "tests.utils.utc_timestamp"], "tests.test_api_jwt.TestJWT.test_decode_with_optional_algorithms": ["<builtin>.str", "pytest.raises"], "tests.test_api_jwt.TestJWT.test_decode_no_algorithms_verify_signature_false": [], "tests.test_api_jwt.TestJWT.test_decode_legacy_verify_warning": ["pytest.deprecated_call"], "pytest.deprecated_call": [], "tests.test_api_jwt.TestJWT.test_decode_no_options_mutation": [], "tests.test_api_jwt.TestJWT.test_decode_warns_on_unsupported_kwarg": ["<builtin>.len", "<builtin>.str", "pytest.warns"], "pytest.warns": [], "tests.test_api_jwt.TestJWT.test_decode_complete_warns_on_unsupported_kwarg": ["<builtin>.len", "<builtin>.str", "pytest.warns"], "tests": [], "tests.utils": [], "os.path.realpath": [], "tests.utils.no_crypto_required": ["pytest.mark.skipif"], "pytest.mark.skipif": [], "tests.test_algorithms": [], "tests.test_algorithms.TestAlgorithms.test_algorithm_should_throw_exception_if_prepare_key_not_impl": ["jwt.algorithms.ECAlgorithm.prepare_key", "jwt.algorithms.OKPAlgorithm.prepare_key", "jwt.algorithms.NoneAlgorithm.prepare_key", "jwt.algorithms.HMACAlgorithm.prepare_key", "jwt.algorithms.RSAAlgorithm.prepare_key", "jwt.algorithms.Algorithm.prepare_key", "pytest.raises"], "tests.test_algorithms.TestAlgorithms.test_algorithm_should_throw_exception_if_sign_not_impl": ["jwt.algorithms.NoneAlgorithm.sign", "jwt.algorithms.OKPAlgorithm.sign", "jwt.algorithms.RSAPSSAlgorithm.sign", "jwt.algorithms.HMACAlgorithm.sign", "jwt.algorithms.Algorithm.sign", "jwt.algorithms.RSAAlgorithm.sign", "jwt.algorithms.ECAlgorithm.sign", "pytest.raises"], "tests.test_algorithms.TestAlgorithms.test_algorithm_should_throw_exception_if_verify_not_impl": ["jwt.algorithms.RSAPSSAlgorithm.verify", "jwt.algorithms.RSAAlgorithm.verify", "jwt.algorithms.ECAlgorithm.verify", "jwt.algorithms.HMACAlgorithm.verify", "jwt.algorithms.OKPAlgorithm.verify", "jwt.algorithms.NoneAlgorithm.verify", "jwt.algorithms.Algorithm.verify", "pytest.raises"], "tests.test_algorithms.TestAlgorithms.test_algorithm_should_throw_exception_if_to_jwk_not_impl": ["jwt.algorithms.HMACAlgorithm.from_jwk", "jwt.algorithms.ECAlgorithm.from_jwk", "jwt.algorithms.RSAAlgorithm.from_jwk", "jwt.algorithms.OKPAlgorithm.from_jwk", "jwt.algorithms.Algorithm.from_jwk", "pytest.raises"], "tests.test_algorithms.TestAlgorithms.test_algorithm_should_throw_exception_if_from_jwk_not_impl": ["jwt.algorithms.OKPAlgorithm.to_jwk", "jwt.algorithms.ECAlgorithm.to_jwk", "jwt.algorithms.Algorithm.to_jwk", "jwt.algorithms.RSAAlgorithm.to_jwk", "jwt.algorithms.HMACAlgorithm.to_jwk", "pytest.raises"], "tests.test_algorithms.TestAlgorithms.test_algorithm_should_throw_exception_if_compute_hash_digest_not_impl": ["jwt.algorithms.Algorithm.compute_hash_digest", "pytest.raises"], "tests.test_algorithms.TestAlgorithms.test_none_algorithm_should_throw_exception_if_key_is_not_none": ["jwt.algorithms.NoneAlgorithm.prepare_key", "pytest.raises"], "tests.test_algorithms.TestAlgorithms.test_hmac_should_reject_nonstring_key": ["<builtin>.object", "jwt.algorithms.HMACAlgorithm.__init__", "jwt.algorithms.HMACAlgorithm.prepare_key", "<builtin>.str", "pytest.raises"], "<builtin>.object": [], "tests.test_algorithms.TestAlgorithms.test_hmac_should_accept_unicode_key": ["jwt.algorithms.HMACAlgorithm.__init__", "jwt.algorithms.HMACAlgorithm.prepare_key"], "tests.test_algorithms.TestAlgorithms": ["tests.utils.crypto_required", "pytest.mark.parametrize"], "tests.test_algorithms.TestAlgorithms.test_hmac_should_throw_exception": ["jwt.algorithms.HMACAlgorithm.__init__", "<builtin>.open", "jwt.algorithms.HMACAlgorithm.prepare_key", "tests.utils.key_path", "pytest.raises"], "tests.test_algorithms.TestAlgorithms.test_hmac_jwk_should_parse_and_verify": ["jwt.algorithms.HMACAlgorithm.__init__", "jwt.algorithms.HMACAlgorithm.sign", "<builtin>.open", "jwt.algorithms.HMACAlgorithm.verify", "jwt.algorithms.HMACAlgorithm.from_jwk", "tests.utils.key_path"], "tests.test_algorithms.TestAlgorithms.test_hmac_to_jwk_returns_correct_values": ["jwt.algorithms.HMACAlgorithm.__init__", "jwt.algorithms.HMACAlgorithm.to_jwk", "json.loads"], "tests.test_algorithms.TestAlgorithms.test_hmac_from_jwk_should_raise_exception_if_not_hmac_key": ["jwt.algorithms.HMACAlgorithm.__init__", "<builtin>.open", "jwt.algorithms.HMACAlgorithm.from_jwk", "tests.utils.key_path", "pytest.raises"], "tests.test_algorithms.TestAlgorithms.test_rsa_should_parse_pem_public_key": ["jwt.algorithms.RSAAlgorithm.prepare_key", "<builtin>.open", "jwt.algorithms.RSAAlgorithm.__init__", "tests.utils.key_path"], "tests.test_algorithms.TestAlgorithms.test_rsa_should_accept_pem_private_key_bytes": ["jwt.algorithms.RSAAlgorithm.prepare_key", "<builtin>.open", "jwt.algorithms.RSAAlgorithm.__init__", "tests.utils.key_path"], "tests.test_algorithms.TestAlgorithms.test_rsa_should_accept_unicode_key": ["jwt.algorithms.RSAAlgorithm.prepare_key", "<builtin>.open", "jwt.algorithms.RSAAlgorithm.__init__", "tests.utils.key_path"], "tests.test_algorithms.TestAlgorithms.test_rsa_should_reject_non_string_key": ["jwt.algorithms.RSAAlgorithm.prepare_key", "jwt.algorithms.RSAAlgorithm.__init__", "pytest.raises"], "tests.test_algorithms.TestAlgorithms.test_rsa_verify_should_return_false_if_signature_invalid": ["jwt.algorithms.RSAPSSAlgorithm.verify", "jwt.algorithms.RSAAlgorithm.verify", "base64.b64decode", "jwt.algorithms.RSAAlgorithm.__init__", "<builtin>.open", "jwt.algorithms.RSAAlgorithm.prepare_key", "tests.utils.key_path"], "base64.b64decode": [], "tests.test_algorithms.TestAlgorithms.test_ec_jwk_public_and_private_keys_should_parse_and_verify": ["<builtin>.open", "jwt.algorithms.ECAlgorithm.verify", "jwt.algorithms.ECAlgorithm.from_jwk", "tests.utils.key_path", "jwt.algorithms.ECAlgorithm.__init__", "jwt.algorithms.ECAlgorithm.sign"], "tests.test_algorithms.TestAlgorithms.test_ec_jwk_fails_on_invalid_json": ["jwt.algorithms.ECAlgorithm.from_jwk", "pytest.raises", "jwt.algorithms.ECAlgorithm.__init__"], "tests.test_algorithms.TestAlgorithms.test_ec_private_key_to_jwk_works_with_from_jwk": ["jwt.algorithms.ECAlgorithm.prepare_key", "jwt.algorithms.ECAlgorithm.to_jwk", "<builtin>.open", "jwt.algorithms.ECAlgorithm.from_jwk", "tests.utils.key_path", "jwt.algorithms.ECAlgorithm.__init__"], "tests.test_algorithms.TestAlgorithms.test_ec_public_key_to_jwk_works_with_from_jwk": ["jwt.algorithms.ECAlgorithm.prepare_key", "jwt.algorithms.ECAlgorithm.to_jwk", "<builtin>.open", "jwt.algorithms.ECAlgorithm.from_jwk", "tests.utils.key_path", "jwt.algorithms.ECAlgorithm.__init__"], "tests.test_algorithms.TestAlgorithms.test_ec_to_jwk_returns_correct_values_for_public_key": ["json.loads", "jwt.algorithms.ECAlgorithm.prepare_key", "jwt.algorithms.ECAlgorithm.to_jwk", "<builtin>.open", "tests.utils.key_path", "jwt.algorithms.ECAlgorithm.__init__"], "tests.test_algorithms.TestAlgorithms.test_ec_to_jwk_returns_correct_values_for_private_key": ["json.loads", "jwt.algorithms.ECAlgorithm.prepare_key", "jwt.algorithms.ECAlgorithm.to_jwk", "<builtin>.open", "tests.utils.key_path", "jwt.algorithms.ECAlgorithm.__init__"], "tests.test_algorithms.TestAlgorithms.test_ec_to_jwk_raises_exception_on_invalid_key": ["jwt.algorithms.ECAlgorithm.to_jwk", "pytest.raises", "jwt.algorithms.ECAlgorithm.__init__"], "tests.test_algorithms.TestAlgorithms.test_ec_to_jwk_with_valid_curves": ["json.loads", "jwt.algorithms.ECAlgorithm.to_jwk", "<builtin>.open", "jwt.algorithms.ECAlgorithm.from_jwk", "tests.utils.key_path", "jwt.algorithms.ECAlgorithm.__init__"], "tests.test_algorithms.TestAlgorithms.test_ec_to_jwk_with_invalid_curve": ["jwt.algorithms.ECAlgorithm.prepare_key", "jwt.algorithms.ECAlgorithm.to_jwk", "<builtin>.open", "tests.utils.key_path", "jwt.algorithms.ECAlgorithm.__init__", "pytest.raises"], "tests.test_algorithms.TestAlgorithms.test_rsa_jwk_public_and_private_keys_should_parse_and_verify": ["jwt.algorithms.RSAPSSAlgorithm.verify", "jwt.algorithms.RSAAlgorithm.verify", "jwt.algorithms.RSAPSSAlgorithm.sign", "jwt.algorithms.RSAAlgorithm.__init__", "<builtin>.open", "jwt.algorithms.RSAAlgorithm.from_jwk", "tests.utils.key_path", "jwt.algorithms.RSAAlgorithm.sign"], "tests.test_algorithms.TestAlgorithms.test_rsa_private_key_to_jwk_works_with_from_jwk": ["jwt.algorithms.RSAAlgorithm.__init__", "<builtin>.open", "jwt.algorithms.RSAAlgorithm.to_jwk", "jwt.algorithms.RSAAlgorithm.prepare_key", "jwt.algorithms.RSAAlgorithm.from_jwk", "tests.utils.key_path"], "tests.test_algorithms.TestAlgorithms.test_rsa_public_key_to_jwk_works_with_from_jwk": ["jwt.algorithms.RSAAlgorithm.__init__", "<builtin>.open", "jwt.algorithms.RSAAlgorithm.to_jwk", "jwt.algorithms.RSAAlgorithm.prepare_key", "jwt.algorithms.RSAAlgorithm.from_jwk", "tests.utils.key_path"], "tests.test_algorithms.TestAlgorithms.test_rsa_jwk_private_key_with_other_primes_is_invalid": ["json.dumps", "json.loads", "jwt.algorithms.RSAAlgorithm.__init__", "<builtin>.open", "jwt.algorithms.RSAAlgorithm.from_jwk", "tests.utils.key_path", "pytest.raises"], "tests.test_algorithms.TestAlgorithms.test_rsa_jwk_private_key_with_missing_values_is_invalid": ["json.dumps", "json.loads", "jwt.algorithms.RSAAlgorithm.__init__", "<builtin>.open", "jwt.algorithms.RSAAlgorithm.from_jwk", "tests.utils.key_path", "pytest.raises"], "tests.test_algorithms.TestAlgorithms.test_rsa_jwk_private_key_can_recover_prime_factors": ["json.dumps", "json.loads", "jwt.algorithms.RSAAlgorithm.__init__", "<builtin>.open", "jwt.algorithms.RSAAlgorithm.from_jwk", "tests.utils.key_path"], "tests.test_algorithms.TestAlgorithms.test_rsa_jwk_private_key_with_missing_required_values_is_invalid": ["json.dumps", "json.loads", "jwt.algorithms.RSAAlgorithm.__init__", "<builtin>.open", "jwt.algorithms.RSAAlgorithm.from_jwk", "tests.utils.key_path", "pytest.raises"], "tests.test_algorithms.TestAlgorithms.test_rsa_jwk_raises_exception_if_not_a_valid_key": ["jwt.algorithms.RSAAlgorithm.__init__", "jwt.algorithms.RSAAlgorithm.from_jwk", "pytest.raises"], "tests.test_algorithms.TestAlgorithms.test_rsa_to_jwk_returns_correct_values_for_public_key": ["json.loads", "jwt.algorithms.RSAAlgorithm.__init__", "<builtin>.open", "jwt.algorithms.RSAAlgorithm.to_jwk", "jwt.algorithms.RSAAlgorithm.prepare_key", "tests.utils.key_path"], "tests.test_algorithms.TestAlgorithms.test_rsa_to_jwk_returns_correct_values_for_private_key": ["json.loads", "jwt.algorithms.RSAAlgorithm.__init__", "<builtin>.open", "jwt.algorithms.RSAAlgorithm.to_jwk", "jwt.algorithms.RSAAlgorithm.prepare_key", "tests.utils.key_path"], "tests.test_algorithms.TestAlgorithms.test_rsa_to_jwk_raises_exception_on_invalid_key": ["jwt.algorithms.RSAAlgorithm.to_jwk", "jwt.algorithms.RSAAlgorithm.__init__", "pytest.raises"], "tests.test_algorithms.TestAlgorithms.test_rsa_from_jwk_raises_exception_on_invalid_key": ["jwt.algorithms.RSAAlgorithm.__init__", "<builtin>.open", "jwt.algorithms.RSAAlgorithm.from_jwk", "tests.utils.key_path", "pytest.raises"], "tests.test_algorithms.TestAlgorithms.test_ec_should_reject_non_string_key": ["jwt.algorithms.ECAlgorithm.prepare_key", "pytest.raises", "jwt.algorithms.ECAlgorithm.__init__"], "tests.test_algorithms.TestAlgorithms.test_ec_should_accept_pem_private_key_bytes": ["jwt.algorithms.ECAlgorithm.prepare_key", "<builtin>.open", "tests.utils.key_path", "jwt.algorithms.ECAlgorithm.__init__"], "tests.test_algorithms.TestAlgorithms.test_ec_should_accept_ssh_public_key_bytes": ["jwt.algorithms.ECAlgorithm.prepare_key", "<builtin>.open", "tests.utils.key_path", "jwt.algorithms.ECAlgorithm.__init__"], "tests.test_algorithms.TestAlgorithms.test_ec_verify_should_return_false_if_signature_invalid": ["jwt.algorithms.ECAlgorithm.prepare_key", "base64.b64decode", "<builtin>.open", "jwt.algorithms.ECAlgorithm.verify", "tests.utils.key_path", "jwt.algorithms.ECAlgorithm.__init__"], "tests.test_algorithms.TestAlgorithms.test_ec_verify_should_return_false_if_signature_wrong_length": ["jwt.algorithms.ECAlgorithm.prepare_key", "base64.b64decode", "<builtin>.open", "jwt.algorithms.ECAlgorithm.verify", "tests.utils.key_path", "jwt.algorithms.ECAlgorithm.__init__"], "tests.test_algorithms.TestAlgorithms.test_ec_should_throw_exception_on_wrong_key": ["jwt.algorithms.ECAlgorithm.prepare_key", "<builtin>.open", "tests.utils.key_path", "jwt.algorithms.ECAlgorithm.__init__", "pytest.raises"], "tests.test_algorithms.TestAlgorithms.test_rsa_pss_sign_then_verify_should_return_true": ["jwt.algorithms.RSAPSSAlgorithm.verify", "jwt.algorithms.RSAPSSAlgorithm.sign", "jwt.algorithms.RSAAlgorithm.__init__", "<builtin>.open", "jwt.algorithms.RSAAlgorithm.prepare_key", "tests.utils.key_path"], "tests.test_algorithms.TestAlgorithms.test_rsa_pss_verify_should_return_false_if_signature_invalid": ["jwt.algorithms.RSAPSSAlgorithm.verify", "base64.b64decode", "jwt.algorithms.RSAAlgorithm.__init__", "<builtin>.open", "jwt.algorithms.RSAAlgorithm.prepare_key", "tests.utils.key_path"], "tests.test_algorithms.TestAlgorithmsRFC7520.test_hmac_verify_should_return_true_for_test_vector": ["jwt.algorithms.HMACAlgorithm.__init__", "jwt.algorithms.HMACAlgorithm.prepare_key", "jwt.algorithms.HMACAlgorithm.verify", "jwt.utils.base64url_decode", "tests.keys.load_hmac_key"], "tests.test_algorithms.TestAlgorithmsRFC7520": ["tests.utils.crypto_required"], "tests.test_algorithms.TestAlgorithmsRFC7520.test_rsa_verify_should_return_true_for_test_vector": ["tests.keys.load_rsa_pub_key", "jwt.algorithms.RSAPSSAlgorithm.verify", "jwt.algorithms.RSAAlgorithm.verify", "jwt.algorithms.RSAAlgorithm.__init__", "jwt.algorithms.RSAAlgorithm.prepare_key", "jwt.utils.base64url_decode"], "tests.test_algorithms.TestAlgorithmsRFC7520.test_rsapss_verify_should_return_true_for_test_vector": ["tests.keys.load_rsa_pub_key", "jwt.algorithms.RSAPSSAlgorithm.verify", "jwt.algorithms.RSAAlgorithm.__init__", "jwt.algorithms.RSAAlgorithm.prepare_key", "jwt.utils.base64url_decode"], "tests.test_algorithms.TestAlgorithmsRFC7520.test_ec_verify_should_return_true_for_test_vector": ["jwt.algorithms.ECAlgorithm.prepare_key", "<builtin>.open", "jwt.algorithms.ECAlgorithm.verify", "jwt.algorithms.ECAlgorithm.from_jwk", "tests.utils.key_path", "jwt.algorithms.ECAlgorithm.__init__", "tests.keys.load_ec_pub_key_p_521", "jwt.utils.base64url_decode"], "tests.test_algorithms.TestOKPAlgorithms.test_okp_ed25519_should_reject_non_string_key": ["jwt.algorithms.OKPAlgorithm.prepare_key", "<builtin>.open", "jwt.algorithms.OKPAlgorithm.__init__", "tests.utils.key_path", "pytest.raises"], "tests.test_algorithms.TestOKPAlgorithms.test_okp_ed25519_should_accept_unicode_key": ["jwt.algorithms.OKPAlgorithm.prepare_key", "jwt.algorithms.OKPAlgorithm.__init__", "<builtin>.open", "tests.utils.key_path"], "tests.test_algorithms.TestOKPAlgorithms.test_okp_ed25519_sign_should_generate_correct_signature_value": ["jwt.algorithms.OKPAlgorithm.prepare_key", "base64.b64decode", "jwt.algorithms.OKPAlgorithm.sign", "<builtin>.open", "jwt.algorithms.OKPAlgorithm.__init__", "jwt.algorithms.OKPAlgorithm.verify", "tests.utils.key_path"], "tests.test_algorithms.TestOKPAlgorithms.test_okp_ed25519_verify_should_return_false_if_signature_invalid": ["jwt.algorithms.OKPAlgorithm.prepare_key", "base64.b64decode", "<builtin>.open", "jwt.algorithms.OKPAlgorithm.__init__", "jwt.algorithms.OKPAlgorithm.verify", "tests.utils.key_path"], "tests.test_algorithms.TestOKPAlgorithms.test_okp_ed25519_verify_should_return_true_if_signature_valid": ["jwt.algorithms.OKPAlgorithm.prepare_key", "base64.b64decode", "<builtin>.open", "jwt.algorithms.OKPAlgorithm.__init__", "jwt.algorithms.OKPAlgorithm.verify", "tests.utils.key_path"], "tests.test_algorithms.TestOKPAlgorithms.test_okp_ed25519_prepare_key_should_be_idempotent": ["jwt.algorithms.OKPAlgorithm.prepare_key", "jwt.algorithms.OKPAlgorithm.__init__", "<builtin>.open", "tests.utils.key_path"], "tests.test_algorithms.TestOKPAlgorithms.test_okp_ed25519_jwk_private_key_should_parse_and_verify": ["jwt.algorithms.OKPAlgorithm.sign", "<builtin>.open", "jwt.algorithms.OKPAlgorithm.__init__", "jwt.algorithms.OKPAlgorithm.verify", "jwt.algorithms.OKPAlgorithm.from_jwk", "tests.utils.key_path"], "tests.test_algorithms.TestOKPAlgorithms.test_okp_ed25519_jwk_private_key_should_parse_and_verify_with_private_key_as_is": ["jwt.algorithms.OKPAlgorithm.sign", "<builtin>.open", "jwt.algorithms.OKPAlgorithm.__init__", "jwt.algorithms.OKPAlgorithm.verify", "jwt.algorithms.OKPAlgorithm.from_jwk", "tests.utils.key_path"], "tests.test_algorithms.TestOKPAlgorithms.test_okp_ed25519_jwk_public_key_should_parse_and_verify": ["jwt.algorithms.OKPAlgorithm.sign", "<builtin>.open", "jwt.algorithms.OKPAlgorithm.__init__", "jwt.algorithms.OKPAlgorithm.verify", "jwt.algorithms.OKPAlgorithm.from_jwk", "tests.utils.key_path"], "tests.test_algorithms.TestOKPAlgorithms.test_okp_ed25519_jwk_fails_on_invalid_json": ["json.loads", "<builtin>.open", "jwt.algorithms.OKPAlgorithm.__init__", "jwt.algorithms.OKPAlgorithm.from_jwk", "tests.utils.key_path", "pytest.raises"], "tests.test_algorithms.TestOKPAlgorithms.test_okp_ed25519_to_jwk_works_with_from_jwk": ["jwt.algorithms.OKPAlgorithm.sign", "<builtin>.open", "jwt.algorithms.OKPAlgorithm.__init__", "jwt.algorithms.OKPAlgorithm.verify", "jwt.algorithms.OKPAlgorithm.from_jwk", "tests.utils.key_path", "jwt.algorithms.OKPAlgorithm.to_jwk"], "tests.test_algorithms.TestOKPAlgorithms.test_okp_to_jwk_raises_exception_on_invalid_key": ["jwt.algorithms.OKPAlgorithm.to_jwk", "jwt.algorithms.OKPAlgorithm.__init__", "pytest.raises"], "tests.test_algorithms.TestOKPAlgorithms.test_okp_ed448_jwk_private_key_should_parse_and_verify": ["jwt.algorithms.OKPAlgorithm.sign", "<builtin>.open", "jwt.algorithms.OKPAlgorithm.__init__", "jwt.algorithms.OKPAlgorithm.verify", "jwt.algorithms.OKPAlgorithm.from_jwk", "tests.utils.key_path"], "tests.test_algorithms.TestOKPAlgorithms.test_okp_ed448_jwk_private_key_should_parse_and_verify_with_private_key_as_is": ["jwt.algorithms.OKPAlgorithm.sign", "<builtin>.open", "jwt.algorithms.OKPAlgorithm.__init__", "jwt.algorithms.OKPAlgorithm.verify", "jwt.algorithms.OKPAlgorithm.from_jwk", "tests.utils.key_path"], "tests.test_algorithms.TestOKPAlgorithms.test_okp_ed448_jwk_public_key_should_parse_and_verify": ["jwt.algorithms.OKPAlgorithm.sign", "<builtin>.open", "jwt.algorithms.OKPAlgorithm.__init__", "jwt.algorithms.OKPAlgorithm.verify", "jwt.algorithms.OKPAlgorithm.from_jwk", "tests.utils.key_path"], "tests.test_algorithms.TestOKPAlgorithms.test_okp_ed448_jwk_fails_on_invalid_json": ["json.loads", "<builtin>.open", "jwt.algorithms.OKPAlgorithm.__init__", "jwt.algorithms.OKPAlgorithm.from_jwk", "tests.utils.key_path", "pytest.raises"], "tests.test_algorithms.TestOKPAlgorithms.test_okp_ed448_to_jwk_works_with_from_jwk": ["jwt.algorithms.OKPAlgorithm.sign", "<builtin>.open", "jwt.algorithms.OKPAlgorithm.__init__", "jwt.algorithms.OKPAlgorithm.verify", "jwt.algorithms.OKPAlgorithm.from_jwk", "tests.utils.key_path", "jwt.algorithms.OKPAlgorithm.to_jwk"], "tests.test_algorithms.TestOKPAlgorithms": ["tests.utils.crypto_required"], "tests.test_algorithms.TestOKPAlgorithms.test_rsa_can_compute_digest": ["jwt.algorithms.Algorithm.compute_hash_digest", "base64.b64decode", "jwt.algorithms.RSAAlgorithm.__init__"], "tests.test_algorithms.TestOKPAlgorithms.test_hmac_can_compute_digest": ["jwt.algorithms.HMACAlgorithm.__init__", "base64.b64decode", "jwt.algorithms.Algorithm.compute_hash_digest"], "tests.test_jwt": [], "tests.test_jwt.test_encode_decode": ["tests.utils.utc_timestamp"], "tests.test_api_jws": ["pytest.fixture"], "tests.test_api_jws.jws": ["jwt.api_jws.PyJWS.__init__"], "tests.test_api_jws.payload": [], "tests.test_api_jws.TestJWS.test_register_algo_does_not_allow_duplicate_registration": ["pytest.raises"], "tests.test_api_jws.TestJWS.test_register_algo_rejects_non_algorithm_obj": ["pytest.raises"], "tests.test_api_jws.TestJWS.test_unregister_algo_removes_algorithm": [], "tests.test_api_jws.TestJWS.test_unregister_algo_throws_error_if_not_registered": ["pytest.raises"], "tests.test_api_jws.TestJWS.test_algo_parameter_removes_alg_from_algorithms_list": ["jwt.api_jws.PyJWS.get_algorithms", "jwt.api_jws.PyJWS.__init__"], "tests.test_api_jws.TestJWS.test_override_options": ["jwt.api_jws.PyJWS.__init__"], "tests.test_api_jws.TestJWS.test_non_object_options_dont_persist": [], "tests.test_api_jws.TestJWS.test_options_must_be_dict": ["<builtin>.object", "pytest.raises"], "tests.test_api_jws.TestJWS.test_encode_decode": [], "tests.test_api_jws.TestJWS.test_decode_fails_when_alg_is_not_on_method_algorithms_param": ["pytest.raises"], "tests.test_api_jws.TestJWS.test_decode_works_with_unicode_token": [], "tests.test_api_jws.TestJWS.test_decode_missing_segments_throws_exception": ["<builtin>.str", "pytest.raises"], "tests.test_api_jws.TestJWS.test_decode_invalid_token_type_is_none": ["<builtin>.str", "pytest.raises"], "tests.test_api_jws.TestJWS.test_decode_invalid_token_type_is_int": ["<builtin>.str", "pytest.raises"], "tests.test_api_jws.TestJWS.test_decode_with_non_mapping_header_throws_exception": ["<builtin>.str", "pytest.raises"], "tests.test_api_jws.TestJWS.test_encode_algorithm_param_should_be_case_sensitive": ["<builtin>.str", "pytest.raises"], "tests.test_api_jws.TestJWS.test_encode_with_headers_alg_none": ["<builtin>.str", "pytest.raises"], "tests.test_api_jws.TestJWS": ["tests.utils.no_crypto_required", "tests.utils.crypto_required", "pytest.mark.parametrize"], "tests.test_api_jws.TestJWS.test_encode_with_headers_alg_es256": ["cryptography.hazmat.primitives.serialization.load_pem_private_key", "<builtin>.open", "cryptography.hazmat.primitives.serialization.load_pem_public_key", "tests.utils.key_path"], "tests.test_api_jws.TestJWS.test_encode_with_alg_hs256_and_headers_alg_es256": ["cryptography.hazmat.primitives.serialization.load_pem_private_key", "<builtin>.open", "cryptography.hazmat.primitives.serialization.load_pem_public_key", "tests.utils.key_path"], "tests.test_api_jws.TestJWS.test_decode_algorithm_param_should_be_case_sensitive": ["<builtin>.str", "pytest.raises"], "tests.test_api_jws.TestJWS.test_bad_secret": ["<builtin>.str", "pytest.raises"], "tests.test_api_jws.TestJWS.test_decodes_valid_jws": [], "tests.test_api_jws.TestJWS.test_decodes_complete_valid_jws": [], "tests.test_api_jws.TestJWS.test_decodes_valid_es384_jws": ["json.loads", "<builtin>.open", "tests.utils.key_path"], "tests.test_api_jws.TestJWS.test_decodes_valid_rs384_jws": ["json.loads", "<builtin>.open", "tests.utils.key_path"], "tests.test_api_jws.TestJWS.test_load_verify_valid_jws": [], "tests.test_api_jws.TestJWS.test_allow_skip_verification": [], "tests.test_api_jws.TestJWS.test_decode_with_optional_algorithms": ["<builtin>.str", "pytest.raises"], "tests.test_api_jws.TestJWS.test_decode_no_algorithms_verify_signature_false": [], "tests.test_api_jws.TestJWS.test_load_no_verification": [], "tests.test_api_jws.TestJWS.test_no_secret": ["pytest.raises"], "tests.test_api_jws.TestJWS.test_verify_signature_with_no_secret": ["<builtin>.str", "pytest.raises"], "tests.test_api_jws.TestJWS.test_verify_signature_with_no_algo_header_throws_exception": ["pytest.raises"], "tests.test_api_jws.TestJWS.test_invalid_crypto_alg": ["pytest.raises"], "tests.test_api_jws.TestJWS.test_missing_crypto_library_better_error_messages": ["<builtin>.str", "pytest.raises"], "tests.test_api_jws.TestJWS.test_unicode_secret": [], "tests.test_api_jws.TestJWS.test_nonascii_secret": [], "tests.test_api_jws.TestJWS.test_bytes_secret": [], "tests.test_api_jws.TestJWS.test_sorting_of_headers": ["jwt.utils.base64url_decode"], "tests.test_api_jws.TestJWS.test_decode_invalid_header_padding": ["<builtin>.str", "pytest.raises"], "tests.test_api_jws.TestJWS.test_decode_invalid_header_string": ["<builtin>.str", "pytest.raises"], "tests.test_api_jws.TestJWS.test_decode_invalid_payload_padding": ["<builtin>.str", "pytest.raises"], "tests.test_api_jws.TestJWS.test_decode_invalid_crypto_padding": ["<builtin>.str", "pytest.raises"], "tests.test_api_jws.TestJWS.test_decode_with_algo_none_should_fail": ["pytest.raises"], "tests.test_api_jws.TestJWS.test_decode_with_algo_none_and_verify_false_should_pass": [], "tests.test_api_jws.TestJWS.test_get_unverified_header_returns_header_values": [], "tests.test_api_jws.TestJWS.test_get_unverified_header_fails_on_bad_header_types": ["<builtin>.str", "pytest.raises"], "tests.test_api_jws.TestJWS.test_encode_decode_rsa_related_algorithms": ["cryptography.hazmat.primitives.serialization.load_pem_private_key", "<builtin>.open", "tests.utils.key_path", "cryptography.hazmat.primitives.serialization.load_ssh_public_key"], "tests.test_api_jws.TestJWS.test_rsa_related_algorithms": ["jwt.api_jws.PyJWS.get_algorithms", "jwt.api_jws.PyJWS.__init__"], "tests.test_api_jws.TestJWS.test_encode_decode_ecdsa_related_algorithms": ["cryptography.hazmat.primitives.serialization.load_pem_private_key", "<builtin>.open", "cryptography.hazmat.primitives.serialization.load_pem_public_key", "tests.utils.key_path"], "tests.test_api_jws.TestJWS.test_ecdsa_related_algorithms": ["jwt.api_jws.PyJWS.get_algorithms", "jwt.api_jws.PyJWS.__init__"], "tests.test_api_jws.TestJWS.test_skip_check_signature": [], "tests.test_api_jws.TestJWS.test_decode_options_must_be_dict": ["<builtin>.object", "pytest.raises"], "tests.test_api_jws.TestJWS.test_custom_json_encoder": ["json.loads", "jwt.utils.base64url_decode", "decimal.Decimal", "pytest.raises"], "tests.test_api_jws.TestJWS.test_custom_json_encoder.CustomJSONEncoder.default": ["<builtin>.super", "<builtin>.isinstance"], "tests.test_api_jws.TestJWS.test_encode_headers_parameter_adds_headers": ["jwt.utils.base64url_decode", "json.loads", "<builtin>.isinstance"], "tests.test_api_jws.TestJWS.test_encode_with_typ": ["json.loads", "jwt.utils.base64url_decode"], "tests.test_api_jws.TestJWS.test_encode_with_typ_empty_string": ["json.loads", "jwt.utils.base64url_decode"], "tests.test_api_jws.TestJWS.test_encode_with_typ_none": ["json.loads", "jwt.utils.base64url_decode"], "tests.test_api_jws.TestJWS.test_encode_with_typ_without_keywords": ["json.loads", "jwt.utils.base64url_decode"], "tests.test_api_jws.TestJWS.test_encode_fails_on_invalid_kid_types": ["<builtin>.str", "pytest.raises"], "tests.test_api_jws.TestJWS.test_encode_decode_with_detached_content": [], "tests.test_api_jws.TestJWS.test_encode_detached_content_with_b64_header": ["json.loads", "jwt.utils.base64url_decode"], "tests.test_api_jws.TestJWS.test_decode_detached_content_without_proper_argument": ["<builtin>.str", "pytest.raises"], "tests.test_api_jws.TestJWS.test_decode_warns_on_unsupported_kwarg": ["<builtin>.len", "<builtin>.str", "pytest.warns"], "tests.test_api_jws.TestJWS.test_decode_complete_warns_on_unuspported_kwarg": ["<builtin>.len", "<builtin>.str", "pytest.warns"], "tests.test_api_jwk": [], "tests.test_api_jwk.TestPyJWK": ["tests.utils.crypto_required"], "tests.test_api_jwk.TestPyJWK.test_should_load_key_from_jwk_data_dict": ["json.loads", "jwt.algorithms.RSAAlgorithm.__init__", "<builtin>.open", "jwt.api_jwk.PyJWK.from_dict", "jwt.algorithms.RSAAlgorithm.to_jwk", "jwt.algorithms.RSAAlgorithm.from_jwk", "tests.utils.key_path"], "tests.test_api_jwk.TestPyJWK.test_should_load_key_from_jwk_data_json_string": ["json.dumps", "json.loads", "jwt.algorithms.RSAAlgorithm.__init__", "<builtin>.open", "jwt.algorithms.RSAAlgorithm.to_jwk", "jwt.algorithms.RSAAlgorithm.from_jwk", "tests.utils.key_path", "jwt.api_jwk.PyJWK.from_json"], "tests.test_api_jwk.TestPyJWK.test_should_load_key_without_alg_from_dict": ["json.loads", "<builtin>.open", "jwt.api_jwk.PyJWK.from_dict", "<builtin>.isinstance", "tests.utils.key_path"], "tests.test_api_jwk.TestPyJWK.test_should_load_key_from_dict_with_algorithm": ["json.loads", "<builtin>.open", "jwt.api_jwk.PyJWK.from_dict", "<builtin>.isinstance", "tests.utils.key_path"], "tests.test_api_jwk.TestPyJWK.test_should_load_key_ec_p256_from_dict": ["json.loads", "<builtin>.open", "jwt.api_jwk.PyJWK.from_dict", "<builtin>.isinstance", "tests.utils.key_path"], "tests.test_api_jwk.TestPyJWK.test_should_load_key_ec_p384_from_dict": ["json.loads", "<builtin>.open", "jwt.api_jwk.PyJWK.from_dict", "<builtin>.isinstance", "tests.utils.key_path"], "tests.test_api_jwk.TestPyJWK.test_should_load_key_ec_p521_from_dict": ["json.loads", "<builtin>.open", "jwt.api_jwk.PyJWK.from_dict", "<builtin>.isinstance", "tests.utils.key_path"], "tests.test_api_jwk.TestPyJWK.test_should_load_key_ec_secp256k1_from_dict": ["json.loads", "<builtin>.open", "jwt.api_jwk.PyJWK.from_dict", "<builtin>.isinstance", "tests.utils.key_path"], "tests.test_api_jwk.TestPyJWK.test_should_load_key_hmac_from_dict": ["json.loads", "<builtin>.open", "jwt.api_jwk.PyJWK.from_dict", "<builtin>.isinstance", "tests.utils.key_path"], "tests.test_api_jwk.TestPyJWK.test_should_load_key_hmac_without_alg_from_dict": ["json.loads", "<builtin>.open", "jwt.api_jwk.PyJWK.from_dict", "<builtin>.isinstance", "tests.utils.key_path"], "tests.test_api_jwk.TestPyJWK.test_should_load_key_okp_without_alg_from_dict": ["json.loads", "<builtin>.open", "jwt.api_jwk.PyJWK.from_dict", "<builtin>.isinstance", "tests.utils.key_path"], "tests.test_api_jwk.TestPyJWK.test_from_dict_should_throw_exception_if_arg_is_invalid": ["json.loads", "<builtin>.open", "jwt.api_jwk.PyJWK.from_dict", "tests.utils.key_path", "pytest.raises"], "tests.test_api_jwk.TestPyJWKSet.test_should_load_keys_from_jwk_data_dict": ["json.loads", "jwt.algorithms.RSAAlgorithm.__init__", "<builtin>.open", "jwt.api_jwk.PyJWKSet.from_dict", "jwt.algorithms.RSAAlgorithm.to_jwk", "jwt.algorithms.RSAAlgorithm.from_jwk", "tests.utils.key_path"], "tests.test_api_jwk.TestPyJWKSet.test_should_load_keys_from_jwk_data_json_string": ["json.dumps", "json.loads", "jwt.algorithms.RSAAlgorithm.__init__", "<builtin>.open", "jwt.api_jwk.PyJWKSet.from_json", "jwt.algorithms.RSAAlgorithm.to_jwk", "jwt.algorithms.RSAAlgorithm.from_jwk", "tests.utils.key_path"], "tests.test_api_jwk.TestPyJWKSet.test_keyset_should_index_by_kid": ["json.loads", "jwt.algorithms.RSAAlgorithm.__init__", "<builtin>.open", "jwt.api_jwk.PyJWKSet.from_dict", "jwt.algorithms.RSAAlgorithm.to_jwk", "jwt.algorithms.RSAAlgorithm.from_jwk", "tests.utils.key_path", "pytest.raises"], "tests.test_api_jwk.TestPyJWKSet.test_keyset_with_unknown_alg": ["json.loads", "<builtin>.len", "jwt.api_jwk.PyJWKSet.from_json", "<builtin>.open", "tests.utils.key_path", "pytest.raises"], "tests.test_api_jwk.TestPyJWKSet.test_invalid_keys_list": ["jwt.api_jwk.PyJWKSet.__init__", "<builtin>.str", "pytest.raises"], "tests.test_api_jwk.TestPyJWKSet.test_empty_keys_list": ["jwt.api_jwk.PyJWKSet.__init__", "<builtin>.str", "pytest.raises"], "tests.test_advisory": [], "tests.test_advisory.TestAdvisory": ["tests.utils.crypto_required"], "tests.test_advisory.TestAdvisory.test_ghsa_ffqj_6fqr_9h24": ["<builtin>.list", "pytest.raises", "jwt.algorithms.get_default_algorithms"], "tests.test_jwks_client": ["contextlib.contextmanager"], "contextlib.contextmanager": [], "tests.test_jwks_client.mocked_success_response": ["json.dumps", "unittest.mock.patch", "unittest.mock.Mock"], "unittest.mock.patch": [], "unittest.mock.Mock": [], "tests.test_jwks_client.mocked_failed_response": ["unittest.mock.patch", "urllib.error.URLError"], "urllib.error.URLError": [], "tests.test_jwks_client.mocked_first_call_wrong_kid_second_call_correct_kid": ["json.dumps", "unittest.mock.patch", "unittest.mock.Mock"], "tests.test_jwks_client.TestPyJWKClient.test_fetch_data_forwards_headers_to_correct_url": ["tests.test_jwks_client.mocked_success_response", "jwt.jwks_client.PyJWKClient.__init__", "<builtin>.len", "jwt.jwks_client.PyJWKClient.get_jwk_set"], "tests.test_jwks_client.TestPyJWKClient.test_get_jwk_set": ["tests.test_jwks_client.mocked_success_response", "jwt.jwks_client.PyJWKClient.__init__", "<builtin>.len", "jwt.jwks_client.PyJWKClient.get_jwk_set"], "tests.test_jwks_client.TestPyJWKClient.test_get_signing_keys": ["tests.test_jwks_client.mocked_success_response", "<builtin>.len", "jwt.jwks_client.PyJWKClient.__init__", "<builtin>.isinstance", "jwt.jwks_client.PyJWKClient.get_signing_keys"], "tests.test_jwks_client.TestPyJWKClient.test_get_signing_keys_if_no_use_provided": ["tests.test_jwks_client.mocked_success_response", "<builtin>.len", "jwt.jwks_client.PyJWKClient.__init__", "<builtin>.isinstance", "jwt.jwks_client.PyJWKClient.get_signing_keys"], "tests.test_jwks_client.TestPyJWKClient.test_get_signing_keys_raises_if_none_found": ["tests.test_jwks_client.mocked_success_response", "jwt.jwks_client.PyJWKClient.__init__", "<builtin>.str", "jwt.jwks_client.PyJWKClient.get_signing_keys", "pytest.raises"], "tests.test_jwks_client.TestPyJWKClient.test_get_signing_key": ["tests.test_jwks_client.mocked_success_response", "<builtin>.isinstance", "jwt.jwks_client.PyJWKClient.__init__", "jwt.jwks_client.PyJWKClient.get_signing_key"], "tests.test_jwks_client.TestPyJWKClient.test_get_signing_key_caches_result": ["tests.test_jwks_client.mocked_success_response", "jwt.jwks_client.PyJWKClient.__init__", "jwt.jwks_client.PyJWKClient.get_signing_key"], "tests.test_jwks_client.TestPyJWKClient.test_get_signing_key_does_not_cache_opt_out": ["tests.test_jwks_client.mocked_success_response", "jwt.jwks_client.PyJWKClient.__init__", "jwt.jwks_client.PyJWKClient.get_signing_key"], "tests.test_jwks_client.TestPyJWKClient.test_get_signing_key_from_jwt": ["tests.test_jwks_client.mocked_success_response", "jwt.jwks_client.PyJWKClient.__init__", "jwt.jwks_client.PyJWKClient.get_signing_key_from_jwt"], "tests.test_jwks_client.TestPyJWKClient.test_get_jwk_set_caches_result": ["tests.test_jwks_client.mocked_success_response", "jwt.jwks_client.PyJWKClient.__init__", "jwt.jwks_client.PyJWKClient.get_jwk_set"], "tests.test_jwks_client.TestPyJWKClient.test_get_jwt_set_cache_expired_result": ["tests.test_jwks_client.mocked_success_response", "time.sleep", "jwt.jwks_client.PyJWKClient.__init__", "jwt.jwks_client.PyJWKClient.get_jwk_set"], "time.sleep": [], "tests.test_jwks_client.TestPyJWKClient.test_get_jwt_set_cache_disabled": ["tests.test_jwks_client.mocked_success_response", "time.sleep", "jwt.jwks_client.PyJWKClient.__init__", "jwt.jwks_client.PyJWKClient.get_jwk_set"], "tests.test_jwks_client.TestPyJWKClient.test_get_jwt_set_failed_request_should_clear_cache": ["tests.test_jwks_client.mocked_success_response", "jwt.jwks_client.PyJWKClient.__init__", "jwt.jwks_client.PyJWKClient.get_jwk_set", "tests.test_jwks_client.mocked_failed_response", "pytest.raises"], "tests.test_jwks_client.TestPyJWKClient.test_get_jwt_set_refresh_cache": ["jwt.jwks_client.PyJWKClient.__init__", "tests.test_jwks_client.mocked_first_call_wrong_kid_second_call_correct_kid", "jwt.jwks_client.PyJWKClient.get_signing_key"], "tests.test_jwks_client.TestPyJWKClient.test_get_jwt_set_no_matching_kid_after_second_attempt": ["jwt.jwks_client.PyJWKClient.__init__", "tests.test_jwks_client.mocked_first_call_wrong_kid_second_call_correct_kid", "jwt.jwks_client.PyJWKClient.get_signing_key", "pytest.raises"], "tests.test_jwks_client.TestPyJWKClient.test_get_jwt_set_invalid_lifespan": ["jwt.jwks_client.PyJWKClient.__init__", "pytest.raises"]}