{"doc.source.conf": ["sys.path.insert", "version.__version__.replace", "os.path.abspath", "os.environ.get", "sphinx_rtd_theme.get_html_theme_path"], "os.path.abspath": [], "sys.path.insert": [], "os.environ.get": [], "sphinx_rtd_theme.get_html_theme_path": [], "version.__version__.replace": [], "setup": ["setuptools.setup", "setup.readme", "<builtin>.open", "setuptools.find_packages", "setup.get_version"], "setup.get_version": ["<builtin>.open", "re.search"], "<builtin>.open": [], "re.search": [], "setup.readme": ["<builtin>.open"], "setuptools.find_packages": [], "setuptools.setup": [], "test.streamparse_run.streamparse_run_target": [], "test.streamparse_run.streamparse_run_target.StreamparseRunTarget.__init__": [], "test.streamparse_run.streamparse_run_target.StreamparseRunTarget.run": [], "test.streamparse.test_streamparse_run": [], "test.streamparse.test_streamparse_run.StreamparseRunTests.test_streamparse_run_storm_1_0_2": ["streamparse.run.main", "unittest.TestCase.assertTrue", "unittest.TestCase.assertEqual"], "streamparse.run.main": ["<builtin>.len", "os.path.isfile", "importlib.import_module", "pystorm.component._SERIALIZERS.keys", "<builtin>.next", "<builtin>.getattr", "os.getcwd", "sys.path.append", "os.path.join", "os.walk", "argparse.ArgumentParser"], "unittest.TestCase.assertTrue": [], "unittest.TestCase.assertEqual": [], "test.streamparse.test_streamparse_run.StreamparseRunTests.test_streamparse_run_storm_1_0_3": ["streamparse.run.main", "unittest.TestCase.assertTrue", "unittest.TestCase.assertEqual"], "streamparse.run": ["streamparse.run.main"], "argparse.ArgumentParser": [], "pystorm.component._SERIALIZERS.keys": [], "<builtin>.len": [], "os.getcwd": [], "os.walk": [], "<builtin>.next": [], "os.path.join": [], "os.path.isfile": [], "sys.path.append": [], "importlib.import_module": [], "<builtin>.getattr": [], "streamparse": ["logging.getLogger", "logging.NullHandler"], "logging.NullHandler": [], "logging.getLogger": [], "streamparse.spout": [], "streamparse.bolt": [], "streamparse.storm": [], "streamparse.storm.spout": [], "streamparse.storm.spout.JavaSpout.spec": ["streamparse.dsl.spout.JavaSpoutSpec.__init__"], "streamparse.dsl.spout.JavaSpoutSpec.__init__": ["<builtin>.super"], "streamparse.storm.spout.ShellSpout.spec": ["streamparse.dsl.spout.ShellSpoutSpec.__init__"], "streamparse.dsl.spout.ShellSpoutSpec.__init__": ["<builtin>.super"], "streamparse.storm.spout.Spout.spec": ["streamparse.dsl.spout.ShellSpoutSpec.__init__"], "streamparse.dsl.spout": [], "<builtin>.super": [], "streamparse.storm.bolt": [], "streamparse.storm.bolt.JavaBolt.spec": ["streamparse.dsl.bolt.JavaBoltSpec.__init__"], "streamparse.dsl.bolt.JavaBoltSpec.__init__": ["<builtin>.super"], "streamparse.storm.bolt.ShellBolt.spec": ["streamparse.dsl.bolt.ShellBoltSpec.__init__"], "streamparse.dsl.bolt.ShellBoltSpec.__init__": ["<builtin>.super"], "streamparse.storm.bolt.Bolt.spec": ["streamparse.dsl.bolt.ShellBoltSpec.__init__"], "streamparse.dsl.bolt": [], "streamparse.dsl.component": [], "streamparse.dsl.component.ComponentSpec.__init__": ["streamparse.dsl.component.ComponentSpec._sanitize_outputs", "streamparse.dsl.component.ComponentSpec._sanitize_par", "streamparse.dsl.component.ComponentSpec._sanitize_config", "streamparse.dsl.component.ComponentSpec._sanitize_inputs"], "streamparse.dsl.component.ComponentSpec._sanitize_par": ["<builtin>.TypeError", "<builtin>.isinstance", "<builtin>.ValueError"], "streamparse.dsl.component.ComponentSpec._sanitize_config": ["<builtin>.TypeError", "simplejson.dumps", "<builtin>.isinstance"], "streamparse.dsl.component.ComponentSpec._sanitize_outputs": ["<builtin>.TypeError", "<builtin>.isinstance"], "streamparse.dsl.component.ComponentSpec._sanitize_inputs": ["<builtin>.list", "<builtin>.TypeError", "<builtin>.isinstance"], "<builtin>.isinstance": [], "<builtin>.TypeError": [], "<builtin>.ValueError": [], "<builtin>.list": [], "simplejson.dumps": [], "streamparse.dsl.component.ComponentSpec.__getitem__": ["<builtin>.list", "<builtin>.KeyError"], "<builtin>.KeyError": [], "streamparse.dsl.component.ComponentSpec.__repr__": ["copy.deepcopy"], "copy.deepcopy": [], "streamparse.dsl.component.JavaComponentSpec.__init__": ["<builtin>.enumerate", "<builtin>.super", "streamparse.dsl.util.to_java_arg", "<builtin>.ValueError", "<builtin>.TypeError", "<builtin>.isinstance"], "<builtin>.enumerate": [], "streamparse.dsl.util.to_java_arg": ["<builtin>.TypeError", "<builtin>.isinstance"], "streamparse.dsl.component.ShellComponentSpec.__init__": ["<builtin>.super", "<builtin>.TypeError", "<builtin>.ValueError"], "streamparse.dsl.stream": [], "streamparse.dsl.stream.Stream.__init__": ["<builtin>.list", "<builtin>.TypeError", "<builtin>.isinstance"], "streamparse.dsl.stream._Grouping.__repr__": ["<builtin>.vars", "<builtin>.isinstance"], "<builtin>.vars": [], "streamparse.dsl.stream.Grouping.fields": ["<builtin>.list", "<builtin>.len", "<builtin>.isinstance", "<builtin>.ValueError"], "streamparse.dsl.stream.Grouping.custom_object": ["streamparse.dsl.util.to_java_arg"], "streamparse.dsl.stream.Grouping.custom_serialized": ["<builtin>.TypeError", "<builtin>.isinstance"], "streamparse.dsl.util": [], "streamparse.dsl.util.to_python_arg": [], "streamparse.dsl.util.to_python_arg_list": ["streamparse.dsl.util.to_python_arg"], "streamparse.thrift": ["thriftpy2.load_fp", "io.StringIO"], "io.StringIO": [], "thriftpy2.load_fp": [], "streamparse.thrift.<lambda1>": ["<builtin>.hash"], "<builtin>.hash": [], "streamparse.storm.component": [], "streamparse.storm.component.Component.spec": ["<builtin>.TypeError"], "streamparse.dsl": [], "streamparse.dsl.topology": [], "streamparse.dsl.topology.TopologyType.__new__": ["<builtin>.list", "streamparse.dsl.topology.TopologyType.class_dict_to_specs", "streamparse.dsl.topology.TopologyType.clean_spec_inputs", "<builtin>.ValueError", "<builtin>.TypeError", "<builtin>.isinstance", "streamparse.dsl.topology.TopologyType.add_bolt_spec", "streamparse.dsl.topology.TopologyType.add_spout_spec"], "streamparse.dsl.topology.TopologyType.class_dict_to_specs": ["<builtin>.TypeError", "<builtin>.isinstance", "<builtin>.ValueError"], "streamparse.dsl.topology.TopologyType.add_bolt_spec": ["<builtin>.ValueError"], "streamparse.dsl.topology.TopologyType.add_spout_spec": ["<builtin>.ValueError"], "streamparse.dsl.topology.TopologyType.clean_spec_inputs": ["<builtin>.list", "<builtin>.set", "<builtin>.ValueError", "<builtin>.TypeError", "<builtin>.isinstance"], "<builtin>.set": [], "streamparse.dsl.topology.TopologyType.__repr__": ["<builtin>.getattr", "<builtin>.repr"], "<builtin>.repr": [], "streamparse.dsl.topology.Topology.write": ["<builtin>.open", "<builtin>.isinstance", "streamparse.dsl.topology.Topology.write.write_it"], "streamparse.dsl.topology.Topology.write.write_it": ["thriftpy2.protocol.TBinaryProtocol", "thriftpy2.transport.TMemoryBuffer"], "thriftpy2.transport.TMemoryBuffer": [], "thriftpy2.protocol.TBinaryProtocol": [], "streamparse.dsl.topology.Topology.read": ["<builtin>.open", "<builtin>.isinstance", "streamparse.dsl.topology.Topology.read.read_it"], "streamparse.dsl.topology.Topology.read.read_it": ["thriftpy2.protocol.TBinaryProtocol", "thriftpy2.transport.TMemoryBuffer"], "streamparse.dsl.topology.Topology._spec_to_flux_dict": ["simplejson.loads", "<builtin>.TypeError", "<builtin>.isinstance", "streamparse.dsl.util.to_python_arg_list"], "simplejson.loads": [], "streamparse.dsl.topology.Topology._stream_to_flux_dict": ["streamparse.dsl.util.to_python_arg_list"], "streamparse.dsl.topology.Topology.to_flux_dict": ["streamparse.dsl.topology.Topology._stream_to_flux_dict", "<builtin>.TypeError", "<builtin>.isinstance", "streamparse.dsl.topology.Topology._spec_to_flux_dict"], "streamparse.cli": [], "streamparse.version": ["<builtin>.tuple", "streamparse.version._safe_int"], "streamparse.version._safe_int": ["<builtin>.int"], "<builtin>.int": [], "<builtin>.tuple": [], "streamparse.component": [], "test.streamparse": [], "test": [], "test.streamparse_run": [], "test.streamparse.test_dsl": ["logging.getLogger"], "test.streamparse.test_dsl.MultiStreamWordCountBolt": ["streamparse.dsl.stream.Stream.__init__"], "test.streamparse.test_dsl.TopologyTests.test_basic_spec": ["<builtin>.list", "<builtin>.len", "unittest.TestCase.assertEqual", "streamparse.dsl.stream.Grouping.fields"], "test.streamparse.test_dsl.TopologyTests.test_basic_spec.WordCount": ["streamparse.storm.bolt.Bolt.spec", "streamparse.dsl.stream.Grouping.fields", "streamparse.storm.spout.Spout.spec"], "test.streamparse.test_dsl.TopologyTests.test_spec_with_inputs_as_list": ["<builtin>.list", "<builtin>.len", "unittest.TestCase.assertEqual"], "test.streamparse.test_dsl.TopologyTests.test_spec_with_inputs_as_list.WordCount": ["streamparse.storm.bolt.Bolt.spec", "streamparse.storm.spout.Spout.spec"], "test.streamparse.test_dsl.TopologyTests.test_multi_stream_bolt": ["<builtin>.list", "<builtin>.len", "unittest.TestCase.assertEqual", "<builtin>.set"], "test.streamparse.test_dsl.TopologyTests.test_multi_stream_bolt.WordCount": ["streamparse.storm.bolt.Bolt.spec", "streamparse.storm.spout.Spout.spec"], "test.streamparse.test_dsl.TopologyTests.test_long_chain_spec": ["<builtin>.list", "<builtin>.len", "<builtin>.getattr", "<builtin>.range", "unittest.TestCase.assertEqual"], "test.streamparse.test_dsl.TopologyTests.test_long_chain_spec.WordCount": ["streamparse.storm.bolt.Bolt.spec", "streamparse.storm.spout.Spout.spec"], "<builtin>.range": [], "test.streamparse.test_dsl.TopologyTests.test_many_spouts_spec": [], "test.streamparse.test_dsl.TopologyTests.test_many_spouts_spec.WordCount": ["streamparse.storm.bolt.Bolt.spec", "streamparse.storm.spout.Spout.spec"], "test.streamparse.test_dsl.TopologyTests.test_invalid_bolt_group_field": ["unittest.TestCase.assertRaises"], "unittest.TestCase.assertRaises": [], "test.streamparse.test_dsl.TopologyTests.test_invalid_bolt_group_field.WordCount": ["streamparse.storm.bolt.Bolt.spec", "streamparse.dsl.stream.Grouping.fields", "streamparse.storm.spout.Spout.spec"], "test.streamparse.test_dsl.TopologyTests.test_empty_bolt_group_field": ["unittest.TestCase.assertRaises"], "test.streamparse.test_dsl.TopologyTests.test_empty_bolt_group_field.WordCount": ["streamparse.storm.bolt.Bolt.spec", "streamparse.dsl.stream.Grouping.fields", "streamparse.storm.spout.Spout.spec"], "test.streamparse.test_dsl.TopologyTests.test_duplicate_name": ["unittest.TestCase.assertRaises"], "test.streamparse.test_dsl.TopologyTests.test_duplicate_name.WordCount": ["streamparse.storm.bolt.Bolt.spec", "streamparse.storm.spout.Spout.spec"], "test.streamparse.test_dsl.TopologyTests.test_no_input_bolt": ["unittest.TestCase.assertRaises"], "test.streamparse.test_dsl.TopologyTests.test_no_input_bolt.WordCount": ["streamparse.storm.bolt.Bolt.spec", "streamparse.storm.spout.Spout.spec"], "test.streamparse.test_dsl.TopologyTests.test_no_outputs_spout_empty": ["unittest.TestCase.assertRaises"], "test.streamparse.test_dsl.TopologyTests.test_no_outputs_spout_empty.WordCount": ["streamparse.storm.spout.Spout.spec"], "test.streamparse.test_dsl.TopologyTests.test_no_outputs_spout": ["unittest.TestCase.assertRaises"], "test.streamparse.test_dsl.TopologyTests.test_no_outputs_spout.WordCount": ["streamparse.storm.spout.Spout.spec"], "test.streamparse.test_dsl.TopologyTests.test_base_component_rejection": ["unittest.TestCase.assertRaises"], "test.streamparse.test_dsl.TopologyTests.test_base_component_rejection.WordCount": ["streamparse.storm.component.Component.spec"], "test.streamparse.test_dsl.TopologyTests.test_component_instead_of_spec": ["unittest.TestCase.assertRaises"], "io.BytesIO": [], "test.streamparse.test_dsl.TopologyTests.test_component_instead_of_spec.WordCount": ["io.BytesIO", "pystorm.spout.Spout.__init__", "pystorm.component.Component.__init__"], "pystorm.spout.Spout.__init__": [], "pystorm.component.Component.__init__": [], "test.streamparse.test_dsl.TopologyTests.test_no_spout": ["unittest.TestCase.assertRaises"], "test.streamparse.test_dsl.TopologyTests.test_zero_par": ["unittest.TestCase.assertRaises"], "test.streamparse.test_dsl.TopologyTests.test_zero_par.WordCount": ["streamparse.storm.spout.Spout.spec"], "test.streamparse.test_dsl.TopologyTests.test_negative_par": ["unittest.TestCase.assertRaises"], "test.streamparse.test_dsl.TopologyTests.test_negative_par.WordCount": ["streamparse.storm.spout.Spout.spec"], "test.streamparse.test_dsl.TopologyTests.test_float_par": ["unittest.TestCase.assertRaises"], "test.streamparse.test_dsl.TopologyTests.test_float_par.WordCount": ["streamparse.storm.spout.Spout.spec"], "test.streamparse.test_dsl.TopologyTests.test_dict_par": ["unittest.TestCase.assertEqual"], "test.streamparse.test_dsl.TopologyTests.test_dict_par.WordCount": ["streamparse.storm.spout.Spout.spec"], "test.streamparse.test_dsl.TopologyTests.test_dict_par_bad_key_type": ["unittest.TestCase.assertRaises"], "test.streamparse.test_dsl.TopologyTests.test_dict_par_bad_key_type.WordCount": ["streamparse.storm.spout.Spout.spec"], "test.streamparse.test_dsl.TopologyTests.test_dict_par_bad_value_type": ["unittest.TestCase.assertRaises"], "test.streamparse.test_dsl.TopologyTests.test_dict_par_bad_value_type.WordCount": ["streamparse.storm.spout.Spout.spec"], "test.streamparse.test_dsl.TopologyTests.test_invalid_bolt_input_dict_key": ["unittest.TestCase.assertRaises"], "test.streamparse.test_dsl.TopologyTests.test_invalid_bolt_input_dict_key.WordCount": ["streamparse.storm.bolt.Bolt.spec", "streamparse.dsl.stream.Grouping.fields", "streamparse.storm.spout.Spout.spec"], "test.streamparse.test_dsl.TopologyTests.test_invalid_bolt_input_dict_val": ["unittest.TestCase.assertRaises"], "test.streamparse.test_dsl.TopologyTests.test_invalid_bolt_input_dict_val.WordCount": ["streamparse.storm.bolt.Bolt.spec", "streamparse.storm.spout.Spout.spec"], "test.streamparse.test_dsl.TopologyTests.test_invalid_bolt_input_str": ["unittest.TestCase.assertRaises"], "test.streamparse.test_dsl.TopologyTests.test_invalid_bolt_input_str.WordCount": ["streamparse.storm.bolt.Bolt.spec", "streamparse.storm.spout.Spout.spec"], "test.streamparse.test_dsl.TopologyTests.test_invalid_config_str": ["unittest.TestCase.assertRaises"], "test.streamparse.test_dsl.TopologyTests.test_invalid_config_str.WordCount": ["streamparse.storm.bolt.Bolt.spec", "streamparse.storm.spout.Spout.spec"], "test.streamparse.test_dsl.TopologyTests.test_invalid_topology_config_str": ["unittest.TestCase.assertRaises"], "test.streamparse.test_dsl.TopologyTests.test_invalid_topology_config_str.WordCount": ["streamparse.storm.bolt.Bolt.spec", "streamparse.storm.spout.Spout.spec"], "test.streamparse.test_dsl.TopologyTests.test_invalid_outputs_entry_int": ["unittest.TestCase.assertRaises"], "test.streamparse.test_dsl.TopologyTests.test_invalid_outputs_entry_int.WordCount": ["streamparse.storm.bolt.Bolt.spec", "streamparse.storm.spout.Spout.spec"], "test.streamparse.test_dsl.TopologyTests.test_invalid_outputs_str": ["unittest.TestCase.assertRaises"], "test.streamparse.test_dsl.TopologyTests.test_invalid_outputs_str.WordCount": ["streamparse.storm.bolt.Bolt.spec", "streamparse.storm.spout.Spout.spec"], "test.streamparse.test_dsl.TopologyTests.test_unknown_stream": ["unittest.TestCase.assertRaises"], "test.streamparse.test_dsl.TopologyTests.test_unknown_stream.WordCount": ["streamparse.storm.bolt.Bolt.spec", "streamparse.storm.spout.Spout.spec"], "test.streamparse.test_dsl.TopologyTests.test_perl_bolt": ["<builtin>.list", "<builtin>.len", "unittest.TestCase.assertEqual", "streamparse.dsl.stream.Grouping.fields"], "test.streamparse.test_dsl.TopologyTests.test_perl_bolt.PerlWordCount": ["streamparse.storm.bolt.ShellBolt.spec", "streamparse.dsl.stream.Grouping.fields", "streamparse.storm.spout.Spout.spec"], "test.streamparse.test_dsl.TopologyTests.test_shell_bolt_no_command": ["unittest.TestCase.assertRaises"], "test.streamparse.test_dsl.TopologyTests.test_shell_bolt_no_command.PerlWordCount": ["streamparse.storm.bolt.ShellBolt.spec", "streamparse.dsl.stream.Grouping.fields", "streamparse.storm.spout.Spout.spec"], "test.streamparse.test_dsl.TopologyTests.test_shell_bolt_no_script": ["unittest.TestCase.assertRaises"], "test.streamparse.test_dsl.TopologyTests.test_shell_bolt_no_script.PerlWordCount": ["streamparse.storm.bolt.ShellBolt.spec", "streamparse.dsl.stream.Grouping.fields", "streamparse.storm.spout.Spout.spec"], "test.streamparse.test_dsl.TopologyTests.test_java_bolt_valid_arg_list": ["unittest.TestCase.assertIsNone", "unittest.TestCase.assertEqual"], "test.streamparse.test_dsl.TopologyTests.test_java_bolt_valid_arg_list.JavaWordCount": ["streamparse.storm.bolt.JavaBolt.spec", "streamparse.dsl.stream.Grouping.fields", "streamparse.storm.spout.Spout.spec"], "unittest.TestCase.assertIsNone": [], "test.streamparse.test_dsl.TopologyTests.test_java_bolt_invalid_arg_list": ["unittest.TestCase.assertRaises"], "test.streamparse.test_dsl.TopologyTests.test_java_bolt_invalid_arg_list.JavaWordCount": ["streamparse.storm.bolt.JavaBolt.spec", "streamparse.dsl.stream.Grouping.fields", "streamparse.storm.spout.Spout.spec"], "test.streamparse.test_dsl.TopologyTests.test_java_bolt_valid_serialized_java": ["unittest.TestCase.assertIsNone", "unittest.TestCase.assertEqual"], "test.streamparse.test_dsl.TopologyTests.test_java_bolt_valid_serialized_java.JavaWordCount": ["streamparse.storm.bolt.JavaBolt.spec", "streamparse.dsl.stream.Grouping.fields", "streamparse.storm.spout.Spout.spec"], "test.streamparse.test_dsl.TopologyTests.test_perl_spout": ["<builtin>.list", "<builtin>.len", "unittest.TestCase.assertEqual", "streamparse.dsl.stream.Grouping.fields"], "test.streamparse.test_dsl.TopologyTests.test_perl_spout.PerlWordCount": ["streamparse.storm.spout.ShellSpout.spec", "streamparse.storm.bolt.Bolt.spec", "streamparse.dsl.stream.Grouping.fields"], "test.streamparse.test_dsl.TopologyTests.test_shell_spout_no_command": ["unittest.TestCase.assertRaises"], "test.streamparse.test_dsl.TopologyTests.test_shell_spout_no_command.PerlWordCount": ["streamparse.storm.spout.ShellSpout.spec", "streamparse.storm.bolt.Bolt.spec", "streamparse.dsl.stream.Grouping.fields"], "test.streamparse.test_dsl.TopologyTests.test_shell_spout_no_script": ["unittest.TestCase.assertRaises"], "test.streamparse.test_dsl.TopologyTests.test_shell_spout_no_script.PerlWordCount": ["streamparse.storm.spout.ShellSpout.spec", "streamparse.storm.bolt.Bolt.spec", "streamparse.dsl.stream.Grouping.fields"], "test.streamparse.test_dsl.TopologyTests.test_java_spout_valid_arg_list": ["unittest.TestCase.assertIsNone", "unittest.TestCase.assertEqual"], "test.streamparse.test_dsl.TopologyTests.test_java_spout_valid_arg_list.JavaWordCount": ["streamparse.storm.bolt.Bolt.spec", "streamparse.dsl.stream.Grouping.fields", "streamparse.storm.spout.JavaSpout.spec"], "test.streamparse.test_dsl.TopologyTests.test_java_spout_invalid_arg_list": ["unittest.TestCase.assertRaises"], "test.streamparse.test_dsl.TopologyTests.test_java_spout_invalid_arg_list.JavaWordCount": ["streamparse.storm.bolt.Bolt.spec", "streamparse.dsl.stream.Grouping.fields", "streamparse.storm.spout.JavaSpout.spec"], "test.streamparse.test_dsl.TopologyTests.test_java_spout_valid_serialized_java": ["unittest.TestCase.assertIsNone", "unittest.TestCase.assertEqual"], "test.streamparse.test_dsl.TopologyTests.test_java_spout_valid_serialized_java.JavaWordCount": ["streamparse.storm.bolt.Bolt.spec", "streamparse.dsl.stream.Grouping.fields", "streamparse.storm.spout.JavaSpout.spec"], "test.streamparse.test_dsl.TopologyTests.test_basic_to_flux_dict": ["streamparse.dsl.topology.Topology.to_flux_dict", "unittest.TestCase.assertEqual"], "test.streamparse.test_dsl.TopologyTests.test_basic_to_flux_dict.WordCount": ["streamparse.storm.bolt.Bolt.spec", "streamparse.dsl.stream.Grouping.fields", "streamparse.storm.spout.Spout.spec"], "test.streamparse.cli.test_submit": [], "test.streamparse.cli.test_submit.test_subparser_hook": ["streamparse.cli.submit.subparser_hook", "argparse.ArgumentParser"], "streamparse.cli.submit.subparser_hook": ["streamparse.cli.common.add_options", "streamparse.cli.common.add_pool_size", "streamparse.cli.common.add_requirements", "streamparse.cli.common.add_user", "streamparse.cli.common.add_override_name", "streamparse.cli.common.add_wait", "streamparse.cli.common.add_ackers", "streamparse.cli.common.add_name", "streamparse.cli.common.add_workers", "streamparse.cli.common.add_environment", "streamparse.cli.common.add_timeout", "streamparse.cli.common.add_debug", "streamparse.cli.common.add_config", "streamparse.cli.common.add_overwrite_virtualenv"], "streamparse.cli.submit": [], "streamparse.cli.submit.get_user_tasks": ["os.getcwd", "importlib.import_module", "sys.path.insert"], "streamparse.cli.submit.is_safe_to_submit": ["streamparse.cli.list._list_topologies", "<builtin>.any"], "streamparse.cli.list._list_topologies": [], "<builtin>.any": [], "streamparse.cli.submit._kill_existing_topology": ["streamparse.cli.kill._kill_topology", "<builtin>.print", "sys.stdout.flush", "streamparse.cli.submit.is_safe_to_submit", "time.sleep"], "<builtin>.print": [], "sys.stdout.flush": [], "streamparse.cli.kill._kill_topology": [], "time.sleep": [], "streamparse.cli.submit._submit_topology": ["streamparse.util.set_topology_serializer", "pkg_resources.parse_version", "<builtin>.ValueError", "<builtin>.print", "streamparse.util.nimbus_storm_version", "sys.stdout.flush", "simplejson.dumps"], "streamparse.util.set_topology_serializer": [], "streamparse.util.nimbus_storm_version": ["pkg_resources.parse_version"], "pkg_resources.parse_version": [], "streamparse.cli.submit._pre_submit_hooks": ["<builtin>.getattr", "streamparse.cli.submit.get_user_tasks", "<builtin>.callable"], "<builtin>.callable": [], "streamparse.cli.submit._post_submit_hooks": ["<builtin>.getattr", "streamparse.cli.submit.get_user_tasks", "<builtin>.callable"], "streamparse.cli.submit._upload_jar": ["<builtin>.len", "<builtin>.print", "os.path.getsize", "<builtin>.open", "sys.stdout.flush"], "os.path.getsize": [], "streamparse.cli.submit.submit_topology": ["streamparse.util.get_nimbus_client", "streamparse.cli.common.warn_about_deprecated_user", "<builtin>.isinstance", "streamparse.cli.submit._submit_topology", "streamparse.cli.submit._post_submit_hooks", "streamparse.util.get_config", "itertools.chain", "streamparse.cli.jar.jar_for_deploy", "streamparse.cli.submit._upload_jar", "streamparse.util.get_topology_from_file", "streamparse.util.activate_env", "streamparse.util.ssh_tunnel", "streamparse.util.get_topology_definition", "streamparse.util.get_env_config", "<builtin>.print", "sys.stdout.flush", "streamparse.util.warn", "streamparse.cli.submit._kill_existing_topology", "<builtin>.any", "streamparse.cli.common.resolve_options", "streamparse.cli.update_virtualenv.create_or_update_virtualenvs", "streamparse.cli.submit._pre_submit_hooks"], "streamparse.cli.common.warn_about_deprecated_user": ["warnings.warn"], "streamparse.util.get_config": ["os.path.exists", "<builtin>.open", "streamparse.util.die", "simplejson.load"], "streamparse.util.get_topology_definition": ["<builtin>.len", "os.path.exists", "glob.glob", "streamparse.util.get_config", "streamparse.util.die", "os.path.join", "re.sub"], "streamparse.util.get_env_config": ["<builtin>.list", "streamparse.util.get_config", "<builtin>.len", "streamparse.util.die"], "streamparse.util.get_topology_from_file": ["importlib.import_module", "os.path.split", "sys.path.append", "<builtin>.isinstance", "os.path.join"], "streamparse.util.warn": ["<builtin>.print", "fabric.colors.yellow"], "streamparse.util.activate_env": ["streamparse.util.get_nimbus_config", "streamparse.util.get_env_config", "streamparse.util.get_storm_workers"], "streamparse.cli.common.resolve_options": ["<builtin>.len", "streamparse.util.get_storm_workers", "<builtin>.isinstance"], "streamparse.cli.update_virtualenv.create_or_update_virtualenvs": ["streamparse.util.activate_env", "streamparse.util.get_topology_definition", "streamparse.util.get_env_config", "streamparse.cli.common.resolve_options", "streamparse.util.get_config", "streamparse.cli.common.warn_about_deprecated_user", "<builtin>.open", "os.path.join", "streamparse.util.die", "fabric.api.execute", "streamparse.util.get_topology_from_file"], "itertools.chain": [], "streamparse.cli.jar.jar_for_deploy": ["fabric.api.local", "<builtin>.RuntimeError", "os.path.isdir", "shutil.rmtree", "streamparse.util.prepare_topology", "<builtin>.print", "fabric.api.settings", "os.path.join", "fabric.api.hide", "sys.stdout.flush"], "streamparse.util.ssh_tunnel": ["subprocess.Popen", "streamparse.util.is_ssh_for_nimbus", "streamparse.util.get_nimbus_host_port", "streamparse.util._port_in_use", "<builtin>.print", "<builtin>.OSError", "<builtin>.str", "time.sleep"], "streamparse.util.get_nimbus_client": ["thriftpy2.rpc.make_client", "thriftpy2.protocol.TBinaryProtocolFactory", "thriftpy2.transport.TFramedTransportFactory", "streamparse.util.get_nimbus_host_port"], "streamparse.cli.common.add_ackers": ["streamparse.cli.common.option_alias"], "streamparse.cli.common.add_config": ["argparse.FileType"], "streamparse.cli.common.add_debug": ["streamparse.cli.common.option_alias"], "streamparse.cli.common.add_environment": [], "streamparse.cli.common.add_name": [], "streamparse.cli.common.add_options": [], "streamparse.cli.common.add_override_name": [], "streamparse.cli.common.add_overwrite_virtualenv": [], "streamparse.cli.common.add_pool_size": [], "streamparse.cli.common.add_requirements": [], "streamparse.cli.common.add_timeout": [], "streamparse.cli.common.add_user": ["streamparse.cli.common.option_alias"], "streamparse.cli.common.add_wait": [], "streamparse.cli.common.add_workers": ["streamparse.cli.common.option_alias"], "streamparse.cli.submit.main": ["streamparse.cli.submit.submit_topology"], "streamparse.cli.update_virtualenv": ["fabric.api.parallel"], "fabric.api.parallel": [], "streamparse.cli.update_virtualenv._create_or_update_virtualenv": ["fabric.api.put", "fabric.api.puts", "fabric.api.show", "<builtin>.isinstance", "streamparse.util.run_cmd", "fabric.contrib.files.exists", "fabric.api.run"], "fabric.api.show": [], "fabric.api.puts": [], "streamparse.util.run_cmd": ["<builtin>.RuntimeError", "fabric.api.show", "fabric.api.settings", "fabric.api.run", "fabric.api.sudo"], "fabric.contrib.files.exists": [], "fabric.api.run": [], "fabric.api.put": [], "streamparse.util.die": ["<builtin>.print", "sys.exit", "fabric.colors.red"], "fabric.api.execute": [], "streamparse.cli.update_virtualenv.subparser_hook": ["streamparse.cli.common.add_options", "streamparse.cli.common.add_pool_size", "streamparse.cli.common.add_requirements", "streamparse.cli.common.add_user", "streamparse.cli.common.add_override_name", "streamparse.cli.common.add_name", "streamparse.cli.common.add_environment", "streamparse.cli.common.add_config", "streamparse.cli.common.add_overwrite_virtualenv"], "streamparse.cli.update_virtualenv.main": ["streamparse.cli.update_virtualenv.create_or_update_virtualenvs"], "streamparse.util": ["contextlib.contextmanager", "collections.defaultdict"], "streamparse.util._port_in_use": ["socketserver.TCPServer", "socketserver.UDPServer", "<builtin>.ValueError"], "socketserver.TCPServer": [], "socketserver.UDPServer": [], "collections.defaultdict": [], "contextlib.contextmanager": [], "streamparse.util.get_nimbus_host_port": ["os.environ.get", "<builtin>.int", "streamparse.util.die"], "streamparse.util.is_ssh_for_nimbus": [], "<builtin>.str": [], "subprocess.Popen": [], "<builtin>.OSError": [], "streamparse.util.get_storm_workers": ["streamparse.util.ssh_tunnel", "streamparse.util.get_nimbus_client", "streamparse.util.get_nimbus_host_port"], "streamparse.util.get_nimbus_config": ["streamparse.util.ssh_tunnel", "simplejson.loads", "streamparse.util.get_nimbus_client", "streamparse.util.get_nimbus_host_port"], "fabric.colors.red": [], "sys.exit": [], "fabric.colors.yellow": [], "os.path.exists": [], "simplejson.load": [], "glob.glob": [], "re.sub": [], "thriftpy2.protocol.TBinaryProtocolFactory": [], "thriftpy2.transport.TFramedTransportFactory": [], "thriftpy2.rpc.make_client": [], "streamparse.util.local_storm_version": ["fabric.api.local", "<builtin>.RuntimeError", "pkg_resources.parse_version", "fabric.api.settings", "re.findall", "fabric.api.hide"], "fabric.api.hide": [], "fabric.api.settings": [], "fabric.api.local": [], "<builtin>.RuntimeError": [], "re.findall": [], "streamparse.util.storm_lib_version": ["<builtin>.set", "fabric.api.local", "<builtin>.RuntimeError", "<builtin>.len", "pkg_resources.parse_version", "fabric.api.settings", "re.findall", "fabric.api.hide"], "streamparse.util.get_ui_jsons": ["<builtin>.list", "random.shuffle", "streamparse.util.ssh_tunnel", "<builtin>.RuntimeError", "streamparse.util.get_nimbus_host_port", "requests.get", "streamparse.util.get_env_config", "<builtin>.range", "<builtin>.str"], "random.shuffle": [], "requests.get": [], "streamparse.util.get_ui_json": ["streamparse.util.get_ui_jsons"], "streamparse.util.prepare_topology": ["os.path.isdir", "os.path.exists", "shutil.copytree", "shutil.rmtree", "os.path.join", "<builtin>.FileNotFoundError"], "os.path.isdir": [], "shutil.rmtree": [], "shutil.copytree": [], "<builtin>.FileNotFoundError": [], "streamparse.util._get_file_names_command": ["<builtin>.ValueError"], "streamparse.util.get_logfiles_cmd": ["streamparse.util._get_file_names_command", "<builtin>.ValueError"], "streamparse.util.print_stats_table": ["<builtin>.len", "<builtin>.vars", "<builtin>.print", "<builtin>.isinstance", "texttable.Texttable"], "texttable.Texttable": [], "os.path.split": [], "fabric.api.sudo": [], "streamparse.cli.list": [], "streamparse.cli.list.list_topologies": ["streamparse.util.ssh_tunnel", "streamparse.cli.list._list_topologies", "<builtin>.len", "<builtin>.vars", "streamparse.util.print_stats_table", "<builtin>.dict", "streamparse.util.get_env_config", "streamparse.util.get_nimbus_client", "<builtin>.getattr", "<builtin>.print"], "<builtin>.dict": [], "streamparse.cli.list.subparser_hook": ["streamparse.cli.common.add_config", "streamparse.cli.common.add_environment", "streamparse.cli.common.add_timeout"], "streamparse.cli.list.main": ["streamparse.cli.list.list_topologies"], "streamparse.cli.common": [], "streamparse.cli.common._StoreDictAction.__init__": ["<builtin>.super", "<builtin>.ValueError"], "streamparse.cli.common._StoreDictAction.__call__": ["ruamel.yaml.YAML", "copy.copy", "<builtin>.setattr", "<builtin>.getattr", "ruamel.yaml.safe_load"], "<builtin>.setattr": [], "copy.copy": [], "ruamel.yaml.safe_load": [], "ruamel.yaml.YAML": [], "streamparse.cli.common.option_alias": [], "streamparse.cli.common.option_alias._create_key_val_str": [], "argparse.FileType": [], "streamparse.cli.common.add_pattern": [], "streamparse.cli.common.add_simple_jar": [], "warnings.warn": [], "streamparse.cli.kill": [], "streamparse.cli.kill.kill_topology": ["streamparse.util.ssh_tunnel", "streamparse.util.get_topology_definition", "streamparse.cli.kill._kill_topology", "streamparse.util.get_env_config", "streamparse.util.get_nimbus_client"], "streamparse.cli.kill.subparser_hook": ["streamparse.cli.common.add_wait", "streamparse.cli.common.add_name", "streamparse.cli.common.add_environment", "streamparse.cli.common.add_timeout", "streamparse.cli.common.add_config"], "streamparse.cli.kill.main": ["streamparse.cli.kill.kill_topology"], "streamparse.cli.jar": [], "streamparse.cli.jar.subparser_hook": ["streamparse.cli.common.add_simple_jar"], "streamparse.cli.jar.main": ["streamparse.cli.jar.jar_for_deploy"], "test.streamparse.cli.test_attach": [], "test.streamparse.cli.test_sparse": [], "test.streamparse.cli.test_sparse.test_load_subparsers": ["streamparse.cli.sparse.load_subparsers", "argparse.ArgumentParser"], "streamparse.cli.sparse.load_subparsers": ["pkgutil.iter_modules", "importlib.import_module", "<builtin>.hasattr"], "streamparse.cli.sparse": ["streamparse.cli.sparse.main"], "pkgutil.iter_modules": [], "<builtin>.hasattr": [], "streamparse.cli.sparse.main": ["sys.exit", "streamparse.cli.sparse.load_subparsers", "os.getuid", "os.getenv", "<builtin>.sorted", "streamparse.util.die", "<builtin>.hasattr", "argparse.ArgumentParser"], "streamparse.cli.sparse.main._help_command": ["sys.exit"], "<builtin>.sorted": [], "os.getuid": [], "os.getenv": [], "test.streamparse.cli.test_quickstart": [], "test.streamparse.cli.test_quickstart.test_subparser_hook": ["streamparse.cli.quickstart.subparser_hook", "argparse.ArgumentParser"], "streamparse.cli.quickstart.subparser_hook": [], "streamparse.cli.quickstart": [], "streamparse.cli.quickstart.main": ["streamparse.bootstrap.quickstart"], "streamparse.bootstrap.quickstart": ["streamparse.bootstrap._cd", "streamparse.bootstrap._mkdir", "sys.exit", "fabric.colors.red", "streamparse.bootstrap._cp", "os.path.exists", "streamparse.bootstrap._touch", "streamparse.bootstrap._here", "streamparse.bootstrap._generate", "<builtin>.print", "fabric.colors.blue"], "streamparse.bootstrap": ["jinja2.Environment", "streamparse.bootstrap._here", "contextlib.contextmanager", "jinja2.FileSystemLoader", "os.path.abspath", "os.path.dirname"], "os.path.dirname": [], "streamparse.bootstrap._here": ["pkg_resources.resource_filename", "os.path.join"], "pkg_resources.resource_filename": [], "jinja2.FileSystemLoader": [], "jinja2.Environment": [], "streamparse.bootstrap._cd": [], "streamparse.bootstrap._mkdir": ["os.makedirs", "<builtin>.print", "fabric.colors.green"], "fabric.colors.green": [], "os.makedirs": [], "streamparse.bootstrap._cp": ["shutil.copy", "<builtin>.print", "fabric.colors.green"], "shutil.copy": [], "streamparse.bootstrap._touch": ["<builtin>.print", "<builtin>.open", "fabric.colors.green"], "streamparse.bootstrap._generate": ["<builtin>.print", "<builtin>.open", "fabric.colors.green"], "fabric.colors.blue": [], "test.streamparse.cli.test_update_virtualenv": [], "test.streamparse.cli.test_update_virtualenv.test_subparser_hook": ["streamparse.cli.update_virtualenv.subparser_hook", "argparse.ArgumentParser"], "test.streamparse.cli.test_jar": [], "test.streamparse.cli.test_jar.test_subparser_hook": ["streamparse.cli.jar.subparser_hook", "argparse.ArgumentParser"], "test.streamparse.cli.test_list": [], "test.streamparse.cli.test_list.test_subparser_hook": ["streamparse.cli.list.subparser_hook", "argparse.ArgumentParser"], "test.streamparse.cli.test_kill": [], "test.streamparse.cli.test_kill.test_subparser_hook": ["streamparse.cli.kill.subparser_hook", "argparse.ArgumentParser"], "test.streamparse.cli.test_remove_logs": [], "test.streamparse.cli.test_remove_logs.test_subparser_hook": ["streamparse.cli.remove_logs.subparser_hook", "argparse.ArgumentParser"], "streamparse.cli.remove_logs.subparser_hook": ["streamparse.cli.common.add_pool_size", "streamparse.cli.common.add_user", "streamparse.cli.common.add_override_name", "streamparse.cli.common.add_name", "streamparse.cli.common.add_environment", "streamparse.cli.common.add_config", "streamparse.cli.common.add_pattern"], "streamparse.cli.remove_logs": ["fabric.api.parallel"], "streamparse.cli.remove_logs._remove_logs": ["streamparse.util.get_logfiles_cmd", "streamparse.util.run_cmd"], "streamparse.cli.remove_logs.remove_logs": ["streamparse.util.activate_env", "streamparse.util.get_topology_definition", "streamparse.util.get_env_config", "streamparse.cli.common.resolve_options", "streamparse.cli.common.warn_about_deprecated_user", "fabric.api.execute", "streamparse.util.get_topology_from_file"], "streamparse.cli.remove_logs.main": ["streamparse.cli.remove_logs.remove_logs"], "test.streamparse.cli.test_stats": [], "test.streamparse.cli.test_stats.test_subparser_hook": ["streamparse.cli.stats.subparser_hook", "argparse.ArgumentParser"], "streamparse.cli.stats.subparser_hook": ["streamparse.cli.common.add_name", "streamparse.cli.common.add_config", "streamparse.cli.common.add_environment"], "streamparse.cli.stats": [], "streamparse.cli.stats.display_stats": ["streamparse.cli.stats._print_component_status", "streamparse.cli.stats._print_all_components", "streamparse.cli.stats._print_topology_status", "streamparse.cli.stats._print_cluster_status"], "streamparse.cli.stats._print_all_components": ["streamparse.cli.stats._get_component_ui_detail", "itertools.chain", "<builtin>.zip", "streamparse.cli.stats._print_component_status", "streamparse.cli.stats._get_topology_ui_detail", "<builtin>.map"], "streamparse.cli.stats._print_component_status": ["streamparse.cli.stats._get_component_ui_detail", "streamparse.cli.stats._print_bolt_output_stats", "streamparse.cli.stats._print_spout_executors", "streamparse.cli.stats._print_input_stats", "streamparse.cli.stats._print_spout_stats", "streamparse.cli.stats._print_bolt_stats", "streamparse.cli.stats._print_spout_output_stats", "streamparse.cli.stats._print_component_summary"], "streamparse.cli.stats._print_topology_status": ["streamparse.cli.stats._get_topology_ui_detail", "streamparse.util.print_stats_table"], "streamparse.cli.stats._print_cluster_status": ["streamparse.util.get_ui_jsons", "streamparse.util.print_stats_table"], "streamparse.cli.stats._get_topology_ui_detail": ["streamparse.util.get_env_config", "streamparse.cli.stats._get_topology_id", "streamparse.util.get_ui_json"], "streamparse.cli.stats._get_topology_id": ["streamparse.util.get_ui_json"], "streamparse.cli.stats._get_component_ui_detail": ["<builtin>.list", "streamparse.cli.stats._get_topology_id", "<builtin>.len", "streamparse.util.get_ui_jsons", "streamparse.util.get_env_config", "<builtin>.isinstance"], "streamparse.cli.stats._print_all_components.<lambda1>": [], "<builtin>.map": [], "streamparse.cli.stats._print_all_components.<lambda2>": [], "streamparse.cli.stats._print_all_components.<lambda3>": [], "<builtin>.zip": [], "streamparse.cli.stats._print_component_summary": ["streamparse.util.print_stats_table"], "streamparse.cli.stats._print_spout_stats": ["streamparse.util.print_stats_table"], "streamparse.cli.stats._print_spout_output_stats": ["streamparse.util.print_stats_table"], "streamparse.cli.stats._print_spout_executors": ["streamparse.util.print_stats_table"], "streamparse.cli.stats._print_bolt_stats": ["streamparse.util.print_stats_table"], "streamparse.cli.stats._print_input_stats": ["streamparse.util.print_stats_table"], "streamparse.cli.stats._print_bolt_output_stats": ["streamparse.util.print_stats_table"], "streamparse.cli.stats.main": ["pkg_resources.parse_version", "streamparse.cli.stats.display_stats", "<builtin>.print", "streamparse.util.storm_lib_version", "sys.stdout.flush"], "test.streamparse.cli.test_logs": [], "test.streamparse.cli": [], "test.streamparse.cli.test_tail": [], "test.streamparse.cli.test_tail.test_subparser_hook": ["streamparse.cli.tail.subparser_hook", "argparse.ArgumentParser"], "streamparse.cli.tail.subparser_hook": ["streamparse.cli.common.add_pool_size", "streamparse.cli.common.add_override_name", "streamparse.cli.common.add_name", "streamparse.cli.common.add_environment", "streamparse.cli.common.add_config", "streamparse.cli.common.add_pattern"], "streamparse.cli.tail": ["fabric.api.parallel"], "streamparse.cli.tail._tail_logs": ["fabric.api.run", "streamparse.util.get_logfiles_cmd"], "streamparse.cli.tail.tail_topology": ["streamparse.util.ssh_tunnel", "streamparse.util.activate_env", "pkg_resources.parse_version", "streamparse.util.get_topology_definition", "streamparse.util.get_env_config", "streamparse.util.get_nimbus_client", "streamparse.util.nimbus_storm_version", "fabric.api.execute"], "streamparse.cli.tail.main": ["streamparse.cli.tail.tail_topology"], "test.streamparse.cli.test_common": ["logging.getLogger"], "test.streamparse.cli.test_common.MultiStreamWordCountBolt": ["streamparse.dsl.stream.Stream.__init__"], "test.streamparse.cli.test_common.CliCommonTests.test_resolve_options": ["unittest.TestCase.assertEqual", "streamparse.cli.common.resolve_options"], "test.streamparse.cli.test_common.CliCommonTests.test_resolve_options.WordCount": ["streamparse.storm.bolt.Bolt.spec", "streamparse.storm.spout.Spout.spec"], "test.streamparse.cli.test_run": ["unittest.mock.patch"], "test.streamparse.cli.test_run.test_subparser_hook": ["streamparse.cli.run.subparser_hook", "argparse.ArgumentParser"], "streamparse.cli.run.subparser_hook": ["streamparse.cli.common.add_options", "streamparse.cli.common.add_ackers", "streamparse.cli.common.add_name", "streamparse.cli.common.add_environment", "streamparse.cli.common.add_debug", "streamparse.cli.common.add_config", "streamparse.cli.common.add_workers"], "unittest.mock.patch": [], "test.streamparse.cli.test_run.test_main_args_passed": ["streamparse.cli.run.subparser_hook", "streamparse.cli.run.main", "argparse.ArgumentParser"], "streamparse.cli.run.main": ["streamparse.cli.run.run_local_topology"], "streamparse.cli.run": [], "streamparse.cli.run.run_local_topology": ["streamparse.util.local_storm_version", "streamparse.util.set_topology_serializer", "ruamel.yaml.YAML", "fabric.api.local", "streamparse.util.get_topology_definition", "streamparse.util.get_env_config", "fabric.api.show", "streamparse.cli.common.resolve_options", "<builtin>.ValueError", "streamparse.util.get_config", "streamparse.cli.jar.jar_for_deploy", "<builtin>.isinstance", "streamparse.util.storm_lib_version", "tempfile.NamedTemporaryFile", "ruamel.yaml.safe_dump", "streamparse.util.get_topology_from_file"], "tempfile.NamedTemporaryFile": [], "ruamel.yaml.safe_dump": [], "test.streamparse.cli.test_worker_uptime": [], "test.streamparse.cli.test_worker_uptime.test_subparser_hook": ["streamparse.cli.worker_uptime.subparser_hook", "argparse.ArgumentParser"], "streamparse.cli.worker_uptime.subparser_hook": ["streamparse.cli.common.add_config", "streamparse.cli.common.add_environment"], "streamparse.cli.worker_uptime": [], "streamparse.cli.worker_uptime.display_worker_uptime": ["<builtin>.set", "streamparse.util.print_stats_table", "streamparse.util.get_ui_jsons", "<builtin>.dict", "streamparse.util.get_ui_json", "<builtin>.sorted"], "streamparse.cli.worker_uptime.main": ["<builtin>.print", "streamparse.cli.worker_uptime.display_worker_uptime", "streamparse.util.storm_lib_version", "pkg_resources.parse_version"], "examples.redis.src.bolts": [], "examples.redis.src.bolts.WordCountBolt.initialize": ["collections.Counter"], "collections.Counter": [], "examples.redis.src.bolts.WordCountBolt._increment": [], "examples.redis.src.bolts.WordCountBolt.process": ["examples.redis.src.bolts.WordCountBolt._increment", "pystorm.bolt.Bolt.emit", "pystorm.bolt.Bolt.logger.info"], "pystorm.bolt.Bolt.logger.info": [], "pystorm.bolt.Bolt.emit": [], "examples.redis.src.bolts.RedisWordCountBolt.initialize": ["redis.StrictRedis"], "redis.StrictRedis": [], "examples.redis.src.bolts.RedisWordCountBolt._increment": [], "examples.redis.src.bolts.RedisWordCountBolt.process": ["pystorm.bolt.Bolt.emit", "examples.redis.src.bolts.RedisWordCountBolt._increment", "pystorm.bolt.Bolt.logger.info"], "examples.redis.src": [], "examples.redis.src.spouts": [], "examples.redis.src.spouts.WordSpout.initialize": ["itertools.cycle"], "itertools.cycle": [], "examples.redis.src.spouts.WordSpout.next_tuple": ["pystorm.spout.Spout.emit", "<builtin>.next"], "pystorm.spout.Spout.emit": [], "examples.redis.tools.pid_top": ["examples.redis.tools.pid_top.pidmonitor"], "examples.redis.tools.pid_top.pidmonitor": ["<builtin>.print", "psutil.pids", "psutil.Process"], "psutil.pids": [], "psutil.Process": [], "examples.redis.tools.redis_watch": ["sys.stdout.flush", "pprint.pprint", "redis.StrictRedis"], "pprint.pprint": [], "examples.redis.topologies.wordcount_redis": [], "src.spouts.WordSpout.spec": [], "examples.redis.topologies.wordcount_redis.WordCount": ["src.bolts.RedisWordCountBolt.spec", "src.spouts.WordSpout.spec"], "src.bolts.RedisWordCountBolt.spec": [], "examples.redis.topologies.wordcount_mem": [], "spouts.WordSpout.spec": [], "examples.redis.topologies.wordcount_mem.WordCount": ["spouts.WordSpout.spec", "streamparse.dsl.stream.Grouping.fields", "bolts.WordCountBolt.spec"], "bolts.WordCountBolt.spec": [], "examples.kafka-jvm.fabfile": ["fabric.api.task"], "examples.kafka-jvm.fabfile.retry": [], "examples.kafka-jvm.fabfile.retry.decorator": [], "examples.kafka-jvm.fabfile.retry.decorator.wrapper": ["<builtin>.isinstance", "time.sleep"], "examples.kafka-jvm.fabfile.random_pixel_generator": ["<builtin>.int", "time.time", "random.choice", "random.randint"], "random.randint": [], "random.choice": [], "time.time": [], "fabric.api.task": [], "examples.kafka-jvm.fabfile.seed_kafka": ["examples.kafka-jvm.fabfile.random_pixel_generator", "kafka.producer.SimpleProducer", "fabric.api.puts", "<builtin>.next", "kafka.client.KafkaClient", "<builtin>.range", "simplejson.dumps", "time.sleep"], "kafka.client.KafkaClient": [], "kafka.producer.SimpleProducer": [], "examples.kafka-jvm.src.bolts.pixel_deserializer": [], "examples.kafka-jvm.src.bolts.pixel_deserializer.PixelDeserializerBolt.process": ["simplejson.loads", "pystorm.bolt.Bolt.emit"], "examples.kafka-jvm.src.bolts.pixel_count": [], "examples.kafka-jvm.src.bolts.pixel_count.PixelCounterBolt.initialize": ["collections.Counter"], "examples.kafka-jvm.src.bolts.pixel_count.PixelCounterBolt.group_key": [], "examples.kafka-jvm.src.bolts.pixel_count.PixelCounterBolt.process_batch": ["pystorm.bolt.Bolt.emit", "<builtin>.len"], "examples.kafka-jvm.src.bolts": [], "examples.kafka-jvm.chef.cookbooks.python.files.default.get-pip": ["bz2.decompress", "<builtin>.exec", "examples.kafka-jvm.chef.cookbooks.python.files.default.get-pip.unpack", "shutil.rmtree", "sys.path.insert", "base64.decodebytes", "<builtin>.locals", "pickle.loads"], "examples.kafka-jvm.chef.cookbooks.python.files.default.get-pip.unpack": ["base64.b64decode", "tempfile.mkdtemp", "os.path.isdir", "<builtin>.open", "os.makedirs", "os.path.join", "os.sep.join"], "tempfile.mkdtemp": [], "os.sep.join": [], "base64.b64decode": [], "<builtin>.exec": [], "base64.decodebytes": [], "bz2.decompress": [], "pickle.loads": [], "<builtin>.locals": [], "examples.kafka-jvm.topologies.pixelcount": [], "examples.kafka-jvm.topologies.pixelcount.PixelCount": ["bolts.pixel_count.PixelCounterBolt.spec", "streamparse.dsl.stream.Grouping.fields", "bolts.pixel_deserializer.PixelDeserializerBolt.spec", "streamparse.storm.spout.JavaSpout.spec"], "bolts.pixel_deserializer.PixelDeserializerBolt.spec": [], "bolts.pixel_count.PixelCounterBolt.spec": [], "streamparse.bootstrap.project.fabfile": [], "streamparse.bootstrap.project.fabfile.pre_submit": [], "streamparse.bootstrap.project.fabfile.post_submit": [], "streamparse.bootstrap.project.src.spouts.words": [], "streamparse.bootstrap.project.src.spouts.words.WordSpout.initialize": ["itertools.cycle"], "streamparse.bootstrap.project.src.spouts.words.WordSpout.next_tuple": ["pystorm.spout.Spout.emit", "<builtin>.next"], "streamparse.bootstrap.project.src.spouts": [], "streamparse.bootstrap.project.src.bolts": [], "streamparse.bootstrap.project.src.bolts.wordcount": [], "streamparse.bootstrap.project.src.bolts.wordcount.WordCountBolt.initialize": ["collections.Counter", "os.getpid"], "os.getpid": [], "streamparse.bootstrap.project.src.bolts.wordcount.WordCountBolt._increment": [], "streamparse.bootstrap.project.src.bolts.wordcount.WordCountBolt.process": ["streamparse.bootstrap.project.src.bolts.wordcount.WordCountBolt._increment", "pystorm.bolt.Bolt.emit", "pystorm.bolt.Bolt.logger.info"], "streamparse.bootstrap.project.topologies.wordcount": [], "spouts.words.WordSpout.spec": [], "streamparse.bootstrap.project.topologies.wordcount.WordCount": ["bolts.wordcount.WordCountBolt.spec", "streamparse.dsl.stream.Grouping.fields", "spouts.words.WordSpout.spec"], "bolts.wordcount.WordCountBolt.spec": [], "streamparse.cli.visualize": ["<builtin>.frozenset"], "<builtin>.frozenset": [], "streamparse.cli.visualize.to_graphviz": ["<builtin>.set", "graphviz.Digraph", "<builtin>.ImportError", "<builtin>.isinstance", "<builtin>.str"], "<builtin>.ImportError": [], "graphviz.Digraph": [], "streamparse.cli.visualize._get_display_cls": ["<builtin>.ValueError", "functools.partial"], "streamparse.cli.visualize._get_display_cls.<lambda1>": [], "functools.partial": [], "streamparse.cli.visualize.visualize_topology": ["<builtin>.RuntimeError", "IPython.display.SVG", "streamparse.util.get_topology_definition", "os.path.splitext", "streamparse.cli.visualize.to_graphviz", "<builtin>.open", "streamparse.cli.visualize._get_display_cls.<lambda1>", "streamparse.cli.visualize._get_display_cls", "streamparse.util.get_topology_from_file", "<builtin>.any"], "os.path.splitext": [], "IPython.display.SVG": [], "streamparse.cli.visualize.subparser_hook": ["streamparse.cli.common.add_name"], "streamparse.cli.visualize.main": ["streamparse.cli.visualize.visualize_topology"], "streamparse.cli.slot_usage": [], "streamparse.cli.slot_usage.subparser_hook": ["streamparse.cli.common.add_config", "streamparse.cli.common.add_environment"], "streamparse.cli.slot_usage.display_slot_usage": ["<builtin>.set", "<builtin>.len", "streamparse.util.print_stats_table", "streamparse.util.get_ui_jsons", "<builtin>.dict", "streamparse.util.get_ui_json", "<builtin>.sorted", "<builtin>.print", "collections.defaultdict"], "streamparse.cli.slot_usage.display_slot_usage.<lambda1>": ["collections.defaultdict"], "streamparse.cli.slot_usage.main": ["streamparse.cli.slot_usage.display_slot_usage", "<builtin>.print", "streamparse.util.storm_lib_version", "pkg_resources.parse_version"]}