{"setup": ["setuptools.setup", "setup.get_package_data", "setup.get_packages", "setup.get_version"], "setup.get_version": ["os.path.join", "<builtin>.open", "re.search"], "os.path.join": [], "<builtin>.open": [], "re.search": [], "setup.get_packages": ["os.path.join", "os.path.exists", "os.walk"], "os.walk": [], "os.path.exists": [], "setup.get_package_data": ["os.path.join", "os.path.exists", "os.walk"], "setuptools.setup": [], "scent": ["sniffer.api.runnable", "sniffer.api.select_runnable", "sniffer.api.file_validator"], "time.time": [], "scent.Options": ["<builtin>.int", "time.time"], "<builtin>.int": [], "sniffer.api.select_runnable": [], "sniffer.api.file_validator": [], "scent.python_files": [], "scent.html_files": [], "sniffer.api.runnable": [], "scent.run_targets": ["scent.show_notification", "<builtin>.enumerate", "scent.show_coverage", "scent.call"], "<builtin>.enumerate": [], "scent.call": ["<builtin>.print", "subprocess.call", "scent.call"], "scent.show_notification": ["pync.Notifier.notify"], "scent.show_coverage": ["subprocess.call"], "<builtin>.print": [], "subprocess.call": [], "pync.Notifier.notify": [], "example": ["flask.ext.api.FlaskAPI"], "flask.ext.api.FlaskAPI": [], "example.note_repr": ["flask.request.host_url.rstrip", "flask.url_for"], "flask.request.host_url.rstrip": [], "flask.url_for": [], "example.notes_list": ["flask.request.data.get", "<builtin>.max", "example.note_repr", "<builtin>.str", "<builtin>.sorted"], "flask.request.data.get": [], "<builtin>.str": [], "<builtin>.max": [], "<builtin>.sorted": [], "example.notes_detail": ["example.note_repr", "flask.request.data.get", "flask.ext.api.exceptions.NotFound", "<builtin>.str"], "flask.ext.api.exceptions.NotFound": [], "flask_api.exceptions": [], "flask_api.exceptions.APIException.__init__": [], "flask_api.exceptions.APIException.__str__": [], "flask_api.status": [], "flask_api.status.is_informational": [], "flask_api.status.is_success": [], "flask_api.status.is_redirect": [], "flask_api.status.is_client_error": [], "flask_api.status.is_server_error": [], "flask_api": [], "flask_api.app": ["flask.Blueprint"], "flask.Blueprint": [], "flask_api.app.urlize_quoted_links": ["re.sub"], "re.sub": [], "flask_api.app.FlaskAPI.__init__": ["<builtin>.super", "flask_api.settings.APISettings.__init__", "flask.Flask.register_blueprint"], "<builtin>.super": [], "flask_api.settings.APISettings.__init__": [], "flask.Flask.register_blueprint": [], "flask_api.app.FlaskAPI.preprocess_request": ["<builtin>.super"], "flask_api.app.FlaskAPI.make_response": ["<builtin>.isinstance", "<builtin>.ValueError", "<builtin>.len", "flask.Response.force_type", "flask.Response.headers.extend", "flask_api.response.APIResponse.__init__"], "<builtin>.isinstance": [], "<builtin>.len": [], "<builtin>.ValueError": [], "flask_api.response.APIResponse.__init__": ["<builtin>.super", "<builtin>.isinstance", "flask_api.response.APIResponse.get_renderer_options", "flask.Response.set_data", "<builtin>.str", "flask.request.accepted_renderer.render"], "flask.Response.force_type": [], "flask.Response.headers.extend": [], "flask_api.app.FlaskAPI.handle_user_exception": ["<builtin>.isinstance", "itertools.chain", "flask.Flask.error_handler_spec.get", "flask.Flask.handle_http_exception", "<builtin>.dict", "sys.exc_info", "flask_api.compat.is_flask_legacy", "flask.Flask.trap_http_exception", "flask_api.app.FlaskAPI.handle_api_exception"], "sys.exc_info": [], "flask.Flask.trap_http_exception": [], "flask.Flask.handle_http_exception": [], "flask_api.app.FlaskAPI.handle_api_exception": ["flask_api.response.APIResponse.__init__"], "flask.Flask.error_handler_spec.get": [], "flask_api.compat.is_flask_legacy": ["flask.__version__.split", "<builtin>.int"], "itertools.chain": [], "<builtin>.dict": [], "flask_api.app.FlaskAPI.create_url_adapter": ["flask.Flask.url_map.bind", "flask.Flask.url_map.bind_to_environ"], "flask.Flask.url_map.bind_to_environ": [], "flask.Flask.url_map.bind": [], "flask_api.request": [], "flask_api.request.APIRequest.data": ["<builtin>.hasattr", "flask_api.request.APIRequest._parse"], "<builtin>.hasattr": [], "flask_api.request.APIRequest._parse": ["<builtin>.isinstance", "flask_api.negotiation.DefaultNegotiation.select_parser", "<builtin>.len", "flask_api.request.APIRequest._get_parser_options", "flask_api.request.APIRequest._set_empty_data", "werkzeug.datastructures.MultiDict"], "flask_api.request.APIRequest.form": ["<builtin>.hasattr", "flask_api.request.APIRequest._parse"], "flask_api.request.APIRequest.files": ["<builtin>.hasattr", "flask_api.request.APIRequest._parse"], "flask_api.request.APIRequest._set_empty_data": ["werkzeug.datastructures.MultiDict"], "flask_api.request.APIRequest._get_parser_options": [], "flask_api.negotiation.DefaultNegotiation.select_parser": ["flask_api.exceptions.APIException.__init__", "flask_api.mediatypes.MediaType.satisfies", "flask_api.mediatypes.MediaType.__init__"], "werkzeug.datastructures.MultiDict": [], "flask_api.request.APIRequest.accepted_renderer": ["flask_api.request.APIRequest._perform_content_negotiation", "<builtin>.hasattr"], "flask_api.request.APIRequest._perform_content_negotiation": ["flask_api.negotiation.DefaultNegotiation.select_renderer"], "flask_api.request.APIRequest.accepted_media_type": ["flask_api.request.APIRequest._perform_content_negotiation", "<builtin>.hasattr"], "flask_api.negotiation.DefaultNegotiation.select_renderer": ["flask_api.exceptions.APIException.__init__", "flask_api.mediatypes.MediaType.__init__", "flask_api.mediatypes.parse_accept_header", "flask.request.headers.get"], "flask_api.request.APIRequest.method": ["flask_api.request.APIRequest._perform_method_overloading", "<builtin>.hasattr"], "flask_api.request.APIRequest._perform_method_overloading": ["<builtin>.super", "werkzeug.wsgi.get_content_length", "flask.Request.get_data", "io.BytesIO", "werkzeug.urls.url_decode_stream", "<builtin>.len", "<builtin>.hasattr", "flask.Request.headers.get"], "flask_api.request.APIRequest.content_type": ["flask_api.request.APIRequest._perform_method_overloading", "<builtin>.hasattr"], "flask_api.request.APIRequest.content_length": ["flask_api.request.APIRequest._perform_method_overloading", "<builtin>.hasattr"], "flask_api.request.APIRequest.stream": ["flask_api.request.APIRequest._perform_method_overloading", "<builtin>.hasattr"], "flask.Request.headers.get": [], "werkzeug.wsgi.get_content_length": [], "flask.Request.get_data": [], "io.BytesIO": [], "werkzeug.urls.url_decode_stream": [], "flask_api.request.APIRequest.full_path": ["flask.Request.query_string.decode"], "flask.Request.query_string.decode": [], "flask_api.settings": ["flask_api.settings.APISettings.__init__"], "flask_api.settings.perform_imports": ["<builtin>.isinstance", "flask_api.settings.perform_imports", "flask_api.settings.import_from_string"], "flask_api.settings.import_from_string": ["<builtin>.ImportError", "<builtin>.getattr", "importlib.import_module"], "importlib.import_module": [], "<builtin>.getattr": [], "<builtin>.ImportError": [], "flask_api.settings.APISettings.DEFAULT_PARSERS": ["flask_api.settings.perform_imports"], "flask_api.settings.APISettings.DEFAULT_RENDERERS": ["flask_api.settings.perform_imports"], "flask_api.negotiation": [], "flask_api.negotiation.BaseNegotiation.select_parser": ["<builtin>.NotImplementedError"], "<builtin>.NotImplementedError": [], "flask_api.negotiation.BaseNegotiation.select_renderer": ["<builtin>.NotImplementedError"], "flask_api.mediatypes.MediaType.__init__": ["flask_api.mediatypes.MediaType._parse"], "flask_api.mediatypes.MediaType.satisfies": [], "flask.request.headers.get": [], "flask_api.mediatypes.parse_accept_header": ["<builtin>.set", "flask_api.mediatypes.MediaType.__init__"], "flask_api.mediatypes": [], "flask_api.mediatypes.MediaType._parse": ["flask.request.content_type.partition"], "flask_api.mediatypes.MediaType.full_type": [], "flask_api.mediatypes.MediaType.precedence": ["<builtin>.list"], "<builtin>.list": [], "flask.request.content_type.partition": [], "flask_api.mediatypes.MediaType.__repr__": ["<builtin>.str"], "flask_api.mediatypes.MediaType.__str__": ["<builtin>.sorted"], "flask_api.mediatypes.MediaType.__hash__": ["<builtin>.str", "<builtin>.hash"], "<builtin>.hash": [], "flask_api.mediatypes.MediaType.__eq__": [], "<builtin>.set": [], "flask_api.compat": [], "flask_api.compat.apply_markdown": ["markdown.extensions.toc.TocExtension", "markdown.Markdown"], "markdown.extensions.toc.TocExtension": [], "markdown.Markdown": [], "flask.__version__.split": [], "flask_api.response": [], "flask_api.response.APIResponse.get_renderer_options": [], "flask.request.accepted_renderer.render": [], "flask.Response.set_data": [], "flask_api.decorators": [], "flask_api.decorators.set_parsers": [], "flask_api.decorators.set_parsers.decorator": ["functools.wraps"], "functools.wraps": [], "flask_api.decorators.set_parsers.decorator.decorated_function": ["<builtin>.isinstance", "<builtin>.len"], "flask_api.decorators.set_renderers": [], "flask_api.decorators.set_renderers.decorator": ["functools.wraps"], "flask_api.decorators.set_renderers.decorator.decorated_function": ["<builtin>.isinstance", "<builtin>.len"], "flask_api.renderers": [], "flask_api.renderers.dedent": ["re.sub", "<builtin>.min", "<builtin>.len", "re.compile"], "<builtin>.min": [], "re.compile": [], "flask_api.renderers.convert_to_title": [], "flask_api.renderers.BaseRenderer.render": ["<builtin>.NotImplementedError"], "flask_api.renderers.JSONRenderer.render": ["<builtin>.max", "<builtin>.int", "<builtin>.min", "json.dumps"], "json.dumps": [], "flask_api.renderers.HTMLRenderer.render": [], "flask_api.renderers.BrowsableAPIRenderer.render": ["pydoc.html.preformat", "flask_api.mediatypes.MediaType.__init__", "flask.globals._request_ctx_stack.top.url_adapter.allowed_methods", "flask.render_template", "flask_api.renderers.dedent", "<builtin>.issubclass", "<builtin>.str", "flask_api.renderers.BrowsableAPIRenderer._html_escape", "flask_api.renderers.convert_to_title", "flask_api.compat.apply_markdown"], "<builtin>.issubclass": [], "flask_api.renderers.BrowsableAPIRenderer._html_escape": [], "flask.globals._request_ctx_stack.top.url_adapter.allowed_methods": [], "pydoc.html.preformat": [], "flask.render_template": [], "flask_api.parsers": [], "flask_api.parsers.BaseParser.parse": ["<builtin>.NotImplementedError"], "flask_api.parsers.JSONParser.parse": ["json.loads", "flask_api.exceptions.APIException.__init__", "<builtin>.str"], "json.loads": [], "flask_api.parsers.MultiPartParser.parse": ["werkzeug.formparser.MultiPartParser", "flask_api.exceptions.APIException.__init__", "<builtin>.str"], "werkzeug.formparser.MultiPartParser": [], "flask_api.parsers.URLEncodedParser.parse": ["werkzeug.urls.url_decode_stream"], "flask_api.tests.test_mediatypes": [], "flask_api.tests.test_mediatypes.MediaTypeParsingTests.test_media_type_with_params": ["unittest.TestCase.assertEqual", "<builtin>.repr", "<builtin>.str", "flask_api.mediatypes.MediaType.__init__"], "unittest.TestCase.assertEqual": [], "<builtin>.repr": [], "flask_api.tests.test_mediatypes.MediaTypeParsingTests.test_media_type_with_q_params": ["unittest.TestCase.assertEqual", "<builtin>.str", "flask_api.mediatypes.MediaType.__init__"], "flask_api.tests.test_mediatypes.MediaTypeParsingTests.test_media_type_without_params": ["unittest.TestCase.assertEqual", "<builtin>.str", "flask_api.mediatypes.MediaType.__init__"], "flask_api.tests.test_mediatypes.MediaTypeParsingTests.test_media_type_with_wildcard_sub_type": ["unittest.TestCase.assertEqual", "<builtin>.str", "flask_api.mediatypes.MediaType.__init__"], "flask_api.tests.test_mediatypes.MediaTypeParsingTests.test_media_type_with_wildcard_main_type": ["unittest.TestCase.assertEqual", "<builtin>.str", "flask_api.mediatypes.MediaType.__init__"], "flask_api.tests.test_mediatypes.MediaTypeMatchingTests.test_media_type_includes_params": ["unittest.TestCase.assertTrue", "flask_api.mediatypes.MediaType.satisfies", "flask_api.mediatypes.MediaType.__init__"], "unittest.TestCase.assertTrue": [], "flask_api.tests.test_mediatypes.MediaTypeMatchingTests.test_media_type_missing_params": ["unittest.TestCase.assertFalse", "flask_api.mediatypes.MediaType.satisfies", "flask_api.mediatypes.MediaType.__init__"], "unittest.TestCase.assertFalse": [], "flask_api.tests.test_mediatypes.MediaTypeMatchingTests.test_media_type_matching_params": ["unittest.TestCase.assertTrue", "flask_api.mediatypes.MediaType.satisfies", "flask_api.mediatypes.MediaType.__init__"], "flask_api.tests.test_mediatypes.MediaTypeMatchingTests.test_media_type_non_matching_params": ["unittest.TestCase.assertFalse", "flask_api.mediatypes.MediaType.satisfies", "flask_api.mediatypes.MediaType.__init__"], "flask_api.tests.test_mediatypes.MediaTypeMatchingTests.test_media_type_main_type_match": ["unittest.TestCase.assertTrue", "flask_api.mediatypes.MediaType.satisfies", "flask_api.mediatypes.MediaType.__init__"], "flask_api.tests.test_mediatypes.MediaTypeMatchingTests.test_media_type_sub_type_mismatch": ["unittest.TestCase.assertFalse", "flask_api.mediatypes.MediaType.satisfies", "flask_api.mediatypes.MediaType.__init__"], "flask_api.tests.test_mediatypes.MediaTypeMatchingTests.test_media_type_wildcard_match": ["unittest.TestCase.assertTrue", "flask_api.mediatypes.MediaType.satisfies", "flask_api.mediatypes.MediaType.__init__"], "flask_api.tests.test_mediatypes.MediaTypeMatchingTests.test_media_type_wildcard_mismatch": ["unittest.TestCase.assertFalse", "flask_api.mediatypes.MediaType.satisfies", "flask_api.mediatypes.MediaType.__init__"], "flask_api.tests.test_mediatypes.AcceptHeaderTests.test_parse_simple_accept_header": ["unittest.TestCase.assertEqual", "<builtin>.set", "flask_api.mediatypes.parse_accept_header"], "flask_api.tests.test_mediatypes.AcceptHeaderTests.test_parse_complex_accept_header": ["unittest.TestCase.assertEqual", "<builtin>.set", "flask_api.mediatypes.parse_accept_header"], "flask_api.tests.test_request": [], "flask_api.tests.test_request.MediaTypeParsingTests.test_json_request": ["unittest.TestCase.assertEqual", "flask.Flask.test_request_context", "io.BytesIO"], "flask.Flask.test_request_context": [], "flask_api.tests.test_request.MediaTypeParsingTests.test_invalid_content_type_request": ["flask.Flask.test_request_context", "unittest.TestCase.assertRaises", "io.BytesIO"], "unittest.TestCase.assertRaises": [], "flask_api.tests.test_request.MediaTypeParsingTests.test_no_content_request": ["flask.Flask.test_request_context", "unittest.TestCase.assertFalse"], "flask_api.tests.test_request.MediaTypeParsingTests.test_encode_request": ["unittest.TestCase.assertEqual", "flask.Flask.test_request_context"], "flask_api.tests.test_app": ["flask.Flask.route", "flask_api.app.FlaskAPI.__init__", "flask_api.decorators.set_renderers.decorator", "flask.Flask.errorhandler", "flask_api.decorators.set_renderers"], "flask_api.tests.test_app.InvalidUsage.__init__": [], "flask_api.tests.test_app.InvalidUsage.to_dict": ["<builtin>.dict"], "flask.Flask.errorhandler": [], "flask_api.tests.test_app.handle_invalid_usage": ["flask.jsonify"], "flask.jsonify": [], "flask.Flask.route": [], "flask_api.tests.test_app.set_status_and_headers": [], "flask_api.tests.test_app.set_headers": [], "flask_api.tests.test_app.make_response_view": ["flask.make_response"], "flask.make_response": [], "flask_api.tests.test_app.none_204_response": [], "flask_api.tests.test_app.none_200_response": [], "flask_api.tests.test_app.api_exception": ["flask_api.exceptions.APIException.__init__"], "flask_api.tests.test_app.custom_exception": ["flask_api.tests.test_app.InvalidUsage.__init__"], "flask_api.tests.test_app.custom_exception_no_status_code": ["flask_api.tests.test_app.InvalidUsage.__init__"], "flask_api.tests.test_app.abort_view": ["flask.abort"], "flask.abort": [], "flask_api.tests.test_app.options_view": [], "flask_api.tests.test_app.accepted_media_type": ["<builtin>.str"], "flask_api.tests.test_app.AppTests.test_set_status_and_headers": ["unittest.TestCase.assertEqual", "flask.Flask.test_client"], "flask.Flask.test_client": [], "flask_api.tests.test_app.AppTests.test_set_headers": ["unittest.TestCase.assertEqual", "flask.Flask.test_client"], "flask_api.tests.test_app.AppTests.test_make_response": ["unittest.TestCase.assertEqual", "flask.Flask.test_client"], "flask_api.tests.test_app.AppTests.test_none_204_response": ["unittest.TestCase.assertEqual", "flask.Flask.test_client"], "flask_api.tests.test_app.AppTests.test_none_200_response": ["flask.Flask.test_client", "unittest.TestCase.assertRaises"], "flask_api.tests.test_app.AppTests.test_api_exception": ["unittest.TestCase.assertEqual", "flask.Flask.test_client"], "flask_api.tests.test_app.AppTests.test_custom_exception": ["unittest.TestCase.assertEqual", "flask.Flask.test_client"], "flask_api.tests.test_app.AppTests.test_custom_exception_default_code": ["unittest.TestCase.assertEqual", "flask.Flask.test_client"], "flask_api.tests.test_app.AppTests.test_abort_view": ["unittest.TestCase.assertEqual", "flask.Flask.test_client"], "flask_api.tests.test_app.AppTests.test_options_view": ["flask.Flask.test_client"], "flask_api.tests.test_app.AppTests.test_accepted_media_type_property": ["json.loads", "flask.Flask.test_client", "unittest.TestCase.assertEqual"], "flask_api.tests.test_settings": [], "flask_api.tests.test_settings.SettingsTests.test_bad_import": ["unittest.TestCase.assertRaises", "flask_api.settings.APISettings.__init__", "<builtin>.str", "unittest.TestCase.assertIn"], "unittest.TestCase.assertIn": [], "flask_api.tests.test_exceptions": [], "flask_api.tests.test_exceptions.TestExceptions.test_custom_exception": ["unittest.TestCase.assertEqual", "flask_api.exceptions.APIException.__init__", "<builtin>.str"], "flask_api.tests.test_exceptions.TestExceptions.test_override_exception_detail": ["unittest.TestCase.assertEqual", "flask_api.exceptions.APIException.__init__", "<builtin>.str"], "flask_api.tests.test_status": [], "flask_api.tests.test_status.TestStatus.test_status_categories": ["flask_api.status.is_client_error", "unittest.TestCase.assertFalse", "flask_api.status.is_success", "flask_api.status.is_redirect", "flask_api.status.is_server_error", "flask_api.status.is_informational", "unittest.TestCase.assertTrue"], "flask_api.tests.test_renderers": [], "flask_api.tests.test_renderers.RendererTests._make_app": ["flask_api.app.FlaskAPI.__init__", "flask.Flask.route"], "flask_api.tests.test_renderers.RendererTests._make_app.love": [], "flask_api.tests.test_renderers.RendererTests.test_render_json": ["flask_api.tests.test_renderers.RendererTests._make_app", "flask_api.mediatypes.MediaType.__init__", "flask.Flask.app_context", "unittest.TestCase.assertEqual", "flask_api.renderers.JSONRenderer.render"], "flask.Flask.app_context": [], "flask_api.tests.test_renderers.RendererTests.test_render_json_with_indent": ["flask_api.tests.test_renderers.RendererTests._make_app", "flask_api.mediatypes.MediaType.__init__", "flask.Flask.app_context", "unittest.TestCase.assertEqual", "flask_api.renderers.JSONRenderer.render"], "flask_api.tests.test_renderers.RendererTests.test_render_json_with_custom_encoder": ["flask_api.tests.test_renderers.RendererTests._make_app", "flask_api.mediatypes.MediaType.__init__", "flask.Flask.app_context", "datetime.datetime", "unittest.TestCase.assertEqual", "flask_api.renderers.JSONRenderer.render"], "flask_api.tests.test_renderers.RendererTests.test_render_json_with_custom_encoder.CustomJsonEncoder.default": ["<builtin>.isinstance", "<builtin>.super"], "datetime.datetime": [], "flask_api.tests.test_renderers.RendererTests.test_render_browsable_encoding": ["flask.Flask.route", "flask_api.app.FlaskAPI.__init__", "<builtin>.str", "unittest.TestCase.assertTrue", "flask.Flask.test_client"], "flask_api.tests.test_renderers.RendererTests.test_render_browsable_encoding.love": [], "pytest.mark.skip": [], "flask_api.tests.test_renderers.RendererTests": ["pytest.mark.skip"], "flask_api.tests.test_renderers.RendererTests.test_render_browsable_encoding_with_markdown": ["flask.Flask.route", "flask_api.app.FlaskAPI.__init__", "<builtin>.print", "<builtin>.str", "unittest.TestCase.assertTrue", "flask.Flask.test_client"], "flask_api.tests.test_renderers.RendererTests.test_render_browsable_encoding_with_markdown.foo": [], "flask_api.tests.test_renderers.RendererTests.test_render_browsable_linking": ["flask.Flask.route", "flask_api.app.FlaskAPI.__init__", "<builtin>.str", "unittest.TestCase.assertTrue", "flask.Flask.test_client"], "flask_api.tests.test_renderers.RendererTests.test_render_browsable_linking.happiness": [], "flask_api.tests.test_renderers.RendererTests.test_renderer_negotiation_not_implemented": ["unittest.TestCase.assertRaises", "<builtin>.str", "flask_api.renderers.BaseRenderer.render", "unittest.TestCase.assertEqual", "flask_api.renderers.JSONRenderer.render"], "flask_api.tests.test_renderers.OverrideParserSettings.setUp": ["flask_api.app.FlaskAPI.__init__", "flask_api.decorators.set_renderers.decorator", "flask_api.decorators.set_renderers", "flask.Flask.route"], "flask_api.tests.test_renderers.OverrideParserSettings.setUp.CustomRenderer1.render": [], "flask_api.tests.test_renderers.OverrideParserSettings.setUp.CustomRenderer2.render": [], "flask_api.tests.test_renderers.OverrideParserSettings.setUp.custom_renderer_1": [], "flask_api.tests.test_renderers.OverrideParserSettings.setUp.custom_renderer_2": [], "flask_api.tests.test_renderers.OverrideParserSettings.setUp.custom_renderer_2_as_args": [], "flask_api.tests.test_renderers.OverrideParserSettings.test_overridden_parsers_with_settings": ["unittest.TestCase.assertEqual", "flask.Flask.test_client"], "flask_api.tests.test_renderers.OverrideParserSettings.test_overridden_parsers_with_decorator": ["unittest.TestCase.assertEqual", "flask.Flask.test_client"], "flask_api.tests.test_renderers.OverrideParserSettings.test_overridden_parsers_with_decorator_as_args": ["unittest.TestCase.assertEqual", "flask.Flask.test_client"], "flask_api.tests": ["os.listdir", "os.path.dirname", "<builtin>.exec"], "os.path.dirname": [], "os.listdir": [], "<builtin>.exec": [], "flask_api.tests.test_negotiation": [], "flask_api.tests.test_negotiation.TestRendererNegotiation.test_select_renderer_client_preference": ["unittest.TestCase.assertEqual", "flask.Flask.test_request_context", "<builtin>.str", "flask_api.negotiation.DefaultNegotiation.select_renderer"], "flask_api.tests.test_negotiation.TestRendererNegotiation.test_select_renderer_no_accept_header": ["unittest.TestCase.assertEqual", "flask.Flask.test_request_context", "<builtin>.str", "flask_api.negotiation.DefaultNegotiation.select_renderer"], "flask_api.tests.test_negotiation.TestRendererNegotiation.test_select_renderer_server_preference": ["unittest.TestCase.assertEqual", "flask.Flask.test_request_context", "<builtin>.str", "flask_api.negotiation.DefaultNegotiation.select_renderer"], "flask_api.tests.test_negotiation.TestRendererNegotiation.test_select_renderer_failed": ["flask.Flask.test_request_context", "unittest.TestCase.assertRaises", "flask_api.negotiation.DefaultNegotiation.select_renderer"], "flask_api.tests.test_negotiation.TestRendererNegotiation.test_renderer_negotiation_not_implemented": ["unittest.TestCase.assertRaises", "flask_api.negotiation.BaseNegotiation.select_renderer", "flask_api.negotiation.DefaultNegotiation.select_renderer", "<builtin>.str", "unittest.TestCase.assertEqual"], "flask_api.tests.test_negotiation.TestParserNegotiation.test_select_parser": ["unittest.TestCase.assertEqual", "flask.Flask.test_request_context", "<builtin>.str", "flask_api.negotiation.DefaultNegotiation.select_parser"], "flask_api.tests.test_negotiation.TestParserNegotiation.test_select_parser_failed": ["flask.Flask.test_request_context", "flask_api.negotiation.DefaultNegotiation.select_parser", "unittest.TestCase.assertRaises"], "flask_api.tests.test_negotiation.TestParserNegotiation.test_parser_negotiation_not_implemented": ["unittest.TestCase.assertRaises", "flask_api.negotiation.BaseNegotiation.select_parser", "flask_api.negotiation.DefaultNegotiation.select_parser", "<builtin>.str", "unittest.TestCase.assertEqual"], "flask_api.tests.test_parsers": ["flask_api.app.FlaskAPI.__init__", "flask.Flask.route"], "flask_api.tests.test_parsers.data": ["flask.request.files.items", "<builtin>.dict"], "flask.request.files.items": [], "flask_api.tests.test_parsers.ParserTests.test_valid_json": ["unittest.TestCase.assertEqual", "flask_api.parsers.JSONParser.parse", "io.BytesIO"], "flask_api.tests.test_parsers.ParserTests.test_invalid_json": ["unittest.TestCase.assertRaises", "flask_api.mediatypes.MediaType.__init__", "io.BytesIO", "unittest.TestCase.assertIn", "<builtin>.str", "flask_api.parsers.JSONParser.parse"], "flask_api.tests.test_parsers.ParserTests.test_invalid_multipart": ["unittest.TestCase.assertRaises", "flask_api.parsers.MultiPartParser.parse", "flask_api.mediatypes.MediaType.__init__", "io.BytesIO", "unittest.TestCase.assertIn", "<builtin>.len", "<builtin>.str"], "flask_api.tests.test_parsers.ParserTests.test_invalid_multipart_no_boundary": ["unittest.TestCase.assertRaises", "flask_api.parsers.MultiPartParser.parse", "flask_api.mediatypes.MediaType.__init__", "io.BytesIO", "<builtin>.str", "unittest.TestCase.assertEqual"], "flask_api.tests.test_parsers.ParserTests.test_renderer_negotiation_not_implemented": ["unittest.TestCase.assertRaises", "flask_api.parsers.MultiPartParser.parse", "<builtin>.str", "flask_api.parsers.JSONParser.parse", "unittest.TestCase.assertEqual", "flask_api.parsers.BaseParser.parse"], "flask_api.tests.test_parsers.ParserTests.test_accessing_json": ["unittest.TestCase.assertEqual", "flask.Flask.test_client", "json.dumps", "json.loads"], "flask_api.tests.test_parsers.ParserTests.test_accessing_url_encoded": ["unittest.TestCase.assertEqual", "flask.Flask.test_client", "json.loads"], "flask_api.tests.test_parsers.ParserTests.test_accessing_multipart": ["unittest.TestCase.assertEqual", "flask.Flask.test_client", "json.loads", "io.BytesIO"], "flask_api.tests.test_parsers.OverrideParserSettings.setUp": ["flask_api.app.FlaskAPI.__init__", "flask.Flask.route", "flask_api.decorators.set_parsers.decorator", "flask_api.decorators.set_parsers"], "flask_api.tests.test_parsers.OverrideParserSettings.setUp.CustomParser1.parse": [], "flask_api.tests.test_parsers.OverrideParserSettings.setUp.CustomParser2.parse": [], "flask_api.tests.test_parsers.OverrideParserSettings.setUp.custom_parser_1": [], "flask_api.tests.test_parsers.OverrideParserSettings.setUp.custom_parser_2": [], "flask_api.tests.test_parsers.OverrideParserSettings.setUp.custom_parser_2_as_args": [], "flask_api.tests.test_parsers.OverrideParserSettings.test_overridden_parsers_with_settings": ["unittest.TestCase.assertEqual", "flask.Flask.test_client", "json.loads"], "flask_api.tests.test_parsers.OverrideParserSettings.test_overridden_parsers_with_decorator": ["unittest.TestCase.assertEqual", "flask.Flask.test_client", "json.loads"], "flask_api.tests.test_parsers.OverrideParserSettings.test_overridden_parsers_with_decorator_as_args": ["unittest.TestCase.assertEqual", "flask.Flask.test_client", "json.loads"]}