{"docs.includes.generate": ["pathlib.Path.parent.resolve", "pprint.pformat", "<builtin>.print", "textwrap.indent", "operator.attrgetter", "<builtin>.isinstance", "pathlib.Path.parent.resolve.open", "types.SimpleNamespace", "docs.includes.generate.load_module_members", "pathlib.Path", "<builtin>.hex"], "pathlib.Path": [], "pathlib.Path.parent.resolve": [], "docs.includes.generate.load_module_members": ["importlib.util.spec_from_file_location", "importlib.util.spec_from_file_location.loader.exec_module", "<builtin>.vars", "importlib.util.module_from_spec"], "importlib.util.spec_from_file_location": [], "importlib.util.module_from_spec": [], "importlib.util.spec_from_file_location.loader.exec_module": [], "<builtin>.vars": [], "<builtin>.isinstance": [], "types.SimpleNamespace": [], "operator.attrgetter": [], "pathlib.Path.parent.resolve.open": [], "<builtin>.print": [], "<builtin>.hex": [], "pprint.pformat": [], "textwrap.indent": [], "docs.conf": ["<builtin>.__import__", "alabaster.get_path", "importlib.util.spec_from_file_location.loader.exec_module", "pathlib.Path", "importlib.util.spec_from_file_location", "importlib.util.module_from_spec", "<builtin>.RuntimeError"], "<builtin>.RuntimeError": [], "<builtin>.__import__": [], "alabaster.get_path": [], "cerberus.typing": ["<builtin>.type", "typing.TypeVar"], "<builtin>.type": [], "typing.TypeVar": [], "cerberus": ["pkg_resources.get_distribution"], "pkg_resources.get_distribution": [], "cerberus.validator_factory": ["<builtin>.type", "<builtin>.isinstance", "<builtin>.len"], "<builtin>.len": [], "cerberus.schema": [], "cerberus.schema.SchemaValidator.__init__": ["<builtin>.set", "<builtin>.super"], "<builtin>.set": [], "<builtin>.super": [], "cerberus.schema.SchemaValidator.known_rules_set_refs": [], "cerberus.schema.SchemaValidator.known_schema_refs": [], "cerberus.schema.SchemaValidator.target_validator": [], "cerberus.schema.SchemaValidator._check_with_dependencies": ["<builtin>.isinstance", "cerberus.base.UnconcernedValidator._get_child_validator", "<builtin>.all", "cerberus.base.UnconcernedValidator._error"], "cerberus.base.UnconcernedValidator._get_child_validator": ["<builtin>.isinstance", "collections.ChainMap.new_child", "collections.ChainMap"], "cerberus.base.UnconcernedValidator._error": ["<builtin>.len", "<builtin>.isinstance", "cerberus.base.UnconcernedValidator._resolve_rules_set", "cerberus.base.UnconcernedValidator._error"], "<builtin>.all": [], "cerberus.schema.SchemaValidator._check_with_items": ["<builtin>.enumerate", "cerberus.schema.SchemaValidator._check_with_schema"], "<builtin>.enumerate": [], "cerberus.schema.SchemaValidator._check_with_schema": ["cerberus.base.UnconcernedValidator._error", "<builtin>.isinstance", "cerberus.base.UnconcernedValidator._get_child_validator", "cerberus.utils.schema_hash", "cerberus.schema.SchemaValidator._expand_rules_set_refs"], "cerberus.schema.SchemaValidator._check_with_rulesset": ["<builtin>.isinstance", "cerberus.base.UnconcernedValidator._get_child_validator", "cerberus.utils.schema_hash", "cerberus.base.UnconcernedValidator._error"], "cerberus.utils.schema_hash": ["cerberus.utils.mapping_to_frozenset", "<builtin>.hash"], "cerberus.schema.SchemaValidator._expand_rules_set_refs": ["<builtin>.isinstance"], "cerberus.schema.SchemaValidator._check_with_type_names": ["cerberus.base.UnconcernedValidator._error"], "cerberus.schema.SchemaValidator._validate_logical": ["<builtin>.isinstance", "cerberus.base.UnconcernedValidator._get_child_validator", "cerberus.utils.schema_hash", "cerberus.base.UnconcernedValidator._error"], "cerberus.schema.ValidatedSchema.__init__": ["cerberus.schema.ValidatedSchema.regenerate_validation_schema", "<builtin>.isinstance", "cerberus.schema.SchemaValidator.__init__", "cerberus.base.normalize_schema", "<builtin>.RuntimeError", "cerberus.schema.ValidatedSchema.validate"], "cerberus.schema.ValidatedSchema.regenerate_validation_schema": [], "cerberus.base.normalize_schema": ["cerberus.base.normalize_rulesset"], "cerberus.schema.ValidatedSchema.validate": ["cerberus.schema.ValidatedSchema._validate", "cerberus.utils.schema_hash"], "cerberus.schema.ValidatedSchema.__delitem__": ["collections.ChainMap.pop"], "collections.ChainMap.pop": [], "cerberus.schema.ValidatedSchema.__getitem__": [], "cerberus.schema.ValidatedSchema.__iter__": ["<builtin>.iter"], "<builtin>.iter": [], "cerberus.schema.ValidatedSchema.__len__": ["<builtin>.len"], "cerberus.schema.ValidatedSchema.__repr__": ["<builtin>.str"], "<builtin>.str": [], "cerberus.schema.ValidatedSchema.__setitem__": ["cerberus.base.normalize_rulesset", "cerberus.schema.ValidatedSchema.validate"], "cerberus.base.normalize_rulesset": ["cerberus.base._expand_composed_of_rules", "<builtin>.isinstance", "cerberus.base._normalize_contained_rulessets", "cerberus.base._expand_generic_type_aliases", "<builtin>.dict", "cerberus.utils.schema_hash"], "cerberus.schema.ValidatedSchema.__str__": [], "cerberus.schema.ValidatedSchema.copy": ["typing.MutableMapping.__class__", "collections.ChainMap.copy"], "collections.ChainMap.copy": [], "typing.MutableMapping.__class__": [], "cerberus.schema.ValidatedSchema.update": ["<builtin>.isinstance", "cerberus.schema.ValidatedSchema.validate", "<builtin>.TypeError", "collections.ChainMap"], "<builtin>.TypeError": [], "collections.ChainMap": [], "cerberus.schema.ValidatedSchema._validate": ["collections.ChainMap.items", "<builtin>.isinstance", "cerberus.schema.SchemaValidator.__init__", "collections.ChainMap"], "collections.ChainMap.items": [], "cerberus.errors": ["cerberus.errors.ErrorDefinition.__init__"], "cerberus.errors.ErrorDefinition.__init__": [], "cerberus.errors.ValidationError.__init__": [], "cerberus.errors.ValidationError.__eq__": ["<builtin>.hash"], "<builtin>.hash": [], "cerberus.errors.ValidationError.__hash__": ["<builtin>.hash"], "cerberus.errors.ValidationError.__lt__": ["cerberus.utils.compare_paths_lt"], "cerberus.utils.compare_paths_lt": ["<builtin>.len", "<builtin>.min", "<builtin>.isinstance", "<builtin>.range"], "cerberus.errors.ValidationError.__repr__": ["cerberus.utils.quote_string", "<builtin>.hex", "<builtin>.id"], "<builtin>.id": [], "cerberus.utils.quote_string": ["<builtin>.isinstance"], "cerberus.errors.ValidationError.child_errors": [], "cerberus.errors.ValidationError.definitions_errors": ["<builtin>.len", "collections.defaultdict"], "collections.defaultdict": [], "cerberus.errors.ValidationError.field": [], "cerberus.errors.ValidationError.is_group_error": ["<builtin>.bool"], "<builtin>.bool": [], "cerberus.errors.ValidationError.is_logic_error": ["<builtin>.bool"], "cerberus.errors.ValidationError.is_normalization_error": ["<builtin>.bool"], "cerberus.errors.ErrorList.__contains__": ["<builtin>.any", "<builtin>.isinstance"], "<builtin>.any": [], "cerberus.errors.ErrorTreeNode.__init__": [], "cerberus.errors.ErrorTreeNode.__contains__": ["<builtin>.isinstance"], "cerberus.errors.ErrorTreeNode.__delitem__": [], "cerberus.errors.ErrorTreeNode.__iter__": ["<builtin>.iter"], "cerberus.errors.ErrorTreeNode.__getitem__": ["<builtin>.isinstance"], "cerberus.errors.ErrorTreeNode.__len__": ["<builtin>.len"], "cerberus.errors.ErrorTreeNode.__repr__": ["cerberus.errors.ErrorTreeNode.__str__"], "cerberus.errors.ErrorTreeNode.__str__": ["<builtin>.str"], "cerberus.errors.ErrorTreeNode.__setitem__": [], "cerberus.errors.ErrorTreeNode.depth": ["<builtin>.len"], "cerberus.errors.ErrorTreeNode.tree_type": [], "cerberus.errors.ErrorTreeNode.add": ["<builtin>.len", "typing.cast.errors.append", "typing.cast.errors.sort", "cerberus.errors.ErrorTreeNode.__init__", "cerberus.errors.ErrorTreeNode._path_of_", "typing.cast.add", "typing.cast", "cerberus.errors.ErrorTree.add"], "cerberus.errors.ErrorTreeNode._path_of_": ["<builtin>.getattr"], "typing.cast": [], "typing.cast.errors.append": [], "typing.cast.errors.sort": [], "cerberus.errors.ErrorTree.add": ["cerberus.errors.ErrorTreeNode._path_of_", "<builtin>.super"], "typing.cast.add": [], "<builtin>.getattr": [], "cerberus.errors.ErrorTree.__init__": ["cerberus.errors.ErrorTree.add"], "cerberus.errors.ErrorTree.fetch_errors_from": ["cerberus.errors.ErrorTree.fetch_node_from"], "cerberus.errors.ErrorTree.fetch_node_from": ["typing.MutableMapping.get"], "typing.MutableMapping.get": [], "cerberus.errors.BaseErrorHandler.__init__": [], "cerberus.errors.BaseErrorHandler": ["abc.abstractmethod"], "abc.abstractmethod": [], "cerberus.errors.BaseErrorHandler.__call__": [], "cerberus.errors.BaseErrorHandler.__iter__": [], "cerberus.errors.BaseErrorHandler.add": [], "cerberus.errors.BaseErrorHandler.emit": [], "cerberus.errors.BaseErrorHandler.end": [], "cerberus.errors.BaseErrorHandler.extend": ["cerberus.errors.ToyErrorHandler.__call__", "cerberus.errors.BaseErrorHandler.add"], "cerberus.errors.ToyErrorHandler.__call__": ["<builtin>.RuntimeError"], "cerberus.errors.BaseErrorHandler.start": [], "cerberus.errors.BasicErrorHandler.__init__": [], "cerberus.errors.BasicErrorHandler.__call__": ["cerberus.errors.BaseErrorHandler.extend", "cerberus.errors.BasicErrorHandler.clear"], "cerberus.errors.BasicErrorHandler.clear": [], "cerberus.errors.BasicErrorHandler.__str__": ["pprint.pformat"], "cerberus.errors.BasicErrorHandler.pretty_tree": ["copy.deepcopy", "cerberus.errors.BasicErrorHandler._purge_empty_dicts"], "copy.deepcopy": [], "cerberus.errors.BasicErrorHandler._purge_empty_dicts": ["cerberus.errors.BasicErrorHandler._purge_empty_dicts"], "cerberus.errors.BasicErrorHandler.add": ["cerberus.errors.BasicErrorHandler._insert_logic_error", "cerberus.errors.BasicErrorHandler._insert_group_error", "copy.deepcopy", "cerberus.errors.BasicErrorHandler._rewrite_error_path", "cerberus.errors.BasicErrorHandler._format_message", "cerberus.errors.BasicErrorHandler._insert_error"], "cerberus.errors.BasicErrorHandler._rewrite_error_path": ["cerberus.errors.BasicErrorHandler._rewrite_group_error_path", "cerberus.errors.BasicErrorHandler._rewrite_logic_error_path"], "cerberus.errors.BasicErrorHandler._insert_logic_error": ["cerberus.errors.BasicErrorHandler._insert_logic_error", "cerberus.errors.BasicErrorHandler._insert_group_error", "copy.deepcopy.child_errors.definitions_errors.values", "cerberus.errors.BasicErrorHandler._format_message", "cerberus.errors.BasicErrorHandler._insert_error", "copy.deepcopy.definitions_errors.values"], "cerberus.errors.BasicErrorHandler._insert_group_error": ["cerberus.errors.BasicErrorHandler._insert_error", "cerberus.errors.BasicErrorHandler._format_message", "cerberus.errors.BasicErrorHandler._insert_logic_error", "cerberus.errors.BasicErrorHandler._insert_group_error"], "cerberus.errors.BasicErrorHandler._format_message": [], "cerberus.errors.BasicErrorHandler._insert_error": ["copy.copy", "<builtin>.len", "abc.ABC.__class__", "abc.ABC.__class__._insert_error"], "cerberus.errors.BasicErrorHandler.start": ["cerberus.errors.BasicErrorHandler.clear"], "copy.copy": [], "abc.ABC.__class__": [], "abc.ABC.__class__._insert_error": [], "copy.deepcopy.child_errors.definitions_errors.values": [], "copy.deepcopy.definitions_errors.values": [], "cerberus.errors.BasicErrorHandler._rewrite_logic_error_path": ["<builtin>.len", "cerberus.errors.BasicErrorHandler._rewrite_error_path", "copy.deepcopy.definitions_errors.items", "copy.deepcopy.child_errors.definitions_errors.items"], "cerberus.errors.BasicErrorHandler._rewrite_group_error_path": ["<builtin>.len", "cerberus.errors.BasicErrorHandler._rewrite_error_path"], "copy.deepcopy.definitions_errors.items": [], "copy.deepcopy.child_errors.definitions_errors.items": [], "cerberus.utils": [], "<builtin>.min": [], "<builtin>.range": [], "cerberus.utils.drop_item_from_tuple": [], "cerberus.utils.mapping_to_frozenset": ["cerberus.utils.mapping_to_frozenset", "<builtin>.list", "<builtin>.isinstance", "<builtin>.frozenset", "<builtin>.tuple", "<builtin>.enumerate", "<builtin>.TypeError"], "<builtin>.list": [], "<builtin>.tuple": [], "<builtin>.frozenset": [], "cerberus.utils.readonly_classproperty.__get__": ["<builtin>.super"], "cerberus.utils.readonly_classproperty.__set__": ["<builtin>.RuntimeError"], "cerberus.utils.readonly_classproperty.__delete__": ["<builtin>.RuntimeError"], "cerberus.base": ["cerberus.base.Registry.__init__", "typing.NamedTuple", "cerberus.errors.BaseErrorHandler.__init__"], "cerberus.base.dummy_for_rule_validation": [], "cerberus.base.dummy_for_rule_validation.dummy": ["<builtin>.RuntimeError"], "<builtin>.dict": [], "cerberus.base._expand_generic_type_aliases": ["cerberus.base._flatten_Union_and_Optional", "<builtin>.isinstance", "<builtin>.issubclass", "<builtin>.tuple", "typing.get_origin", "cerberus.platform.has_concrete_args", "typing.get_args"], "cerberus.base._expand_composed_of_rules": ["<builtin>.tuple"], "cerberus.base._normalize_contained_rulessets": ["<builtin>.isinstance", "cerberus.base.normalize_rulesset", "<builtin>.tuple", "cerberus.base.normalize_schema"], "cerberus.base._flatten_Union_and_Optional": ["cerberus.base._flatten_Union_and_Optional", "typing.get_origin", "typing.get_args"], "typing.get_origin": [], "typing.get_args": [], "<builtin>.issubclass": [], "cerberus.platform.has_concrete_args": ["<builtin>.bool", "typing.get_args"], "cerberus.base.Registry.__init__": ["cerberus.base.Registry.extend"], "cerberus.base.Registry.extend": ["cerberus.base.Registry.add", "<builtin>.dict"], "cerberus.base.Registry.add": ["<builtin>.isinstance", "<builtin>.TypeError"], "cerberus.base.Registry.all": [], "cerberus.base.Registry.clear": [], "cerberus.base.Registry.get": [], "cerberus.base.Registry.remove": [], "<builtin>.staticmethod": [], "cerberus.base.SchemaRegistry": ["<builtin>.staticmethod"], "cerberus.base.RulesSetRegistry": ["<builtin>.staticmethod"], "typing.NamedTuple": [], "cerberus.base.ValidatorMeta.__new__": ["<builtin>.super"], "cerberus.base.ValidatorMeta.__init__": ["<builtin>.len", "collections.ChainMap", "<builtin>.tuple", "cerberus.base.ValidatorMeta.__get_rule_schema", "cerberus.base.ValidatorMeta.__init__.attributes_with_prefix", "cerberus.base.normalize_schema", "<builtin>.super"], "cerberus.base.ValidatorMeta.__init__.attributes_with_prefix": ["<builtin>.len", "<builtin>.dir", "<builtin>.tuple"], "<builtin>.dir": [], "cerberus.base.ValidatorMeta.__get_rule_schema": ["<builtin>.getattr", "warnings.warn", "ast.literal_eval"], "ast.literal_eval": [], "warnings.warn": [], "cerberus.base.UnconcernedValidator": ["<builtin>.getattr", "<builtin>.set", "cerberus.utils.readonly_classproperty", "typing.NamedTuple", "cerberus.base.dummy_for_rule_validation"], "cerberus.base.UnconcernedValidator.__init__": ["cerberus.base.UnconcernedValidator.__init_error_handler", "<builtin>.super"], "cerberus.base.UnconcernedValidator.__init_error_handler": ["<builtin>.RuntimeError", "<builtin>.isinstance", "<builtin>.issubclass"], "cerberus.base.UnconcernedValidator.clear_caches": [], "cerberus.base.UnconcernedValidator._resolve_rules_set": ["<builtin>.isinstance"], "collections.ChainMap.new_child": [], "cerberus.base.UnconcernedValidator.__get_rule_handler": ["<builtin>.getattr", "<builtin>.RuntimeError"], "cerberus.base.UnconcernedValidator._drop_nodes_from_errorpaths": ["cerberus.utils.drop_item_from_tuple", "<builtin>.len", "cerberus.base.UnconcernedValidator._drop_nodes_from_errorpaths", "<builtin>.sorted"], "<builtin>.sorted": [], "cerberus.base.UnconcernedValidator._lookup_field": [], "cerberus.base.UnconcernedValidator._resolve_schema": ["<builtin>.isinstance"], "cerberus.base.UnconcernedValidator.allow_unknown": ["<builtin>.isinstance", "cerberus.base.normalize_rulesset"], "cerberus.base.UnconcernedValidator.errors": [], "cerberus.base.UnconcernedValidator.ignore_none_values": [], "cerberus.base.UnconcernedValidator.is_child": [], "cerberus.base.UnconcernedValidator._is_normalized": [], "cerberus.base.UnconcernedValidator.purge_unknown": [], "cerberus.base.UnconcernedValidator.purge_readonly": [], "cerberus.base.UnconcernedValidator.require_all": [], "cerberus.base.UnconcernedValidator.root_allow_unknown": [], "cerberus.base.UnconcernedValidator.root_require_all": [], "cerberus.base.UnconcernedValidator.root_document": [], "cerberus.base.UnconcernedValidator.rules_set_registry": [], "cerberus.base.UnconcernedValidator.root_schema": [], "cerberus.base.UnconcernedValidator.schema": ["cerberus.base.normalize_schema"], "cerberus.base.UnconcernedValidator.schema_registry": [], "cerberus.utils.readonly_classproperty": [], "cerberus.base.UnconcernedValidator.types": ["<builtin>.tuple"], "cerberus.base.UnconcernedValidator.__init_processing": ["<builtin>.isinstance"], "cerberus.base.UnconcernedValidator._drop_remaining_rules": [], "cerberus.base.UnconcernedValidator.normalized": ["cerberus.base.UnconcernedValidator.__init_processing", "cerberus.base.UnconcernedValidator.__normalize_mapping"], "cerberus.base.UnconcernedValidator.__normalize_mapping": ["cerberus.base.UnconcernedValidator.__normalize_default_fields", "<builtin>.isinstance", "cerberus.base.UnconcernedValidator._resolve_schema", "cerberus.base.UnconcernedValidator._normalize_coerce", "cerberus.base.UnconcernedValidator._normalize_purge_unknown", "cerberus.base.UnconcernedValidator.__validate_readonly_fields", "cerberus.base.UnconcernedValidator.__normalize_purge_readonly", "cerberus.base.UnconcernedValidator.__normalize_containers", "cerberus.base.UnconcernedValidator._resolve_rules_set", "cerberus.base.UnconcernedValidator.__normalize_rename_fields"], "cerberus.base.UnconcernedValidator.__normalize_rename_fields": ["cerberus.base.UnconcernedValidator._normalize_rename_handler", "<builtin>.isinstance", "<builtin>.tuple", "cerberus.base.UnconcernedValidator._normalize_rename"], "cerberus.base.UnconcernedValidator._normalize_purge_unknown": [], "cerberus.base.UnconcernedValidator.__normalize_purge_readonly": [], "cerberus.base.UnconcernedValidator.__validate_readonly_fields": ["cerberus.base.UnconcernedValidator._validate_readonly", "cerberus.base.UnconcernedValidator._resolve_rules_set"], "cerberus.base.UnconcernedValidator.__normalize_default_fields": ["<builtin>.set", "<builtin>.hash", "cerberus.base.UnconcernedValidator._error", "<builtin>.str", "cerberus.base.UnconcernedValidator._normalize_default_setter", "<builtin>.tuple", "cerberus.base.UnconcernedValidator._normalize_default"], "cerberus.base.UnconcernedValidator._normalize_coerce": ["<builtin>.isinstance", "cerberus.base.UnconcernedValidator.__normalize_coerce"], "cerberus.base.UnconcernedValidator.__normalize_containers": ["<builtin>.set", "<builtin>.isinstance", "cerberus.base.UnconcernedValidator.__normalize_mapping_per_valuesrules", "cerberus.base.UnconcernedValidator.__normalize_sequence_per_items", "cerberus.base.UnconcernedValidator.__normalize_mapping_per_schema", "cerberus.base.UnconcernedValidator.__normalize_sequence_per_itemsrules", "<builtin>.any", "cerberus.base.UnconcernedValidator.__normalize_mapping_per_keysrules"], "cerberus.base.UnconcernedValidator.__normalize_coerce": ["cerberus.base.UnconcernedValidator.__get_rule_handler", "cerberus.base.UnconcernedValidator._error", "cerberus.base.UnconcernedValidator.__normalize_coerce", "<builtin>.str", "<builtin>.isinstance"], "cerberus.base.UnconcernedValidator.__normalize_mapping_per_keysrules": ["warnings.warn", "cerberus.base.UnconcernedValidator._error", "<builtin>.str", "cerberus.base.UnconcernedValidator._get_child_validator", "cerberus.base.UnconcernedValidator._drop_nodes_from_errorpaths"], "cerberus.base.UnconcernedValidator.__normalize_mapping_per_valuesrules": ["cerberus.base.UnconcernedValidator._drop_nodes_from_errorpaths", "cerberus.base.UnconcernedValidator._get_child_validator", "cerberus.base.UnconcernedValidator._error"], "cerberus.base.UnconcernedValidator.__normalize_mapping_per_schema": ["<builtin>.type", "<builtin>.isinstance", "cerberus.base.UnconcernedValidator._get_child_validator", "cerberus.base.UnconcernedValidator._error"], "cerberus.base.UnconcernedValidator.__normalize_sequence_per_itemsrules": ["<builtin>.len", "cerberus.base.UnconcernedValidator._error", "<builtin>.range", "cerberus.base.UnconcernedValidator._get_child_validator", "<builtin>.enumerate", "<builtin>.type", "cerberus.base.UnconcernedValidator._drop_nodes_from_errorpaths"], "cerberus.base.UnconcernedValidator.__normalize_sequence_per_items": ["<builtin>.len", "cerberus.base.UnconcernedValidator._error", "cerberus.base.UnconcernedValidator._get_child_validator", "<builtin>.enumerate", "<builtin>.type", "cerberus.base.UnconcernedValidator._drop_nodes_from_errorpaths"], "cerberus.base.UnconcernedValidator._normalize_rename": [], "cerberus.base.UnconcernedValidator._normalize_rename_handler": ["cerberus.base.UnconcernedValidator.__normalize_coerce"], "cerberus.base.UnconcernedValidator._validate_readonly": ["cerberus.base.UnconcernedValidator._drop_remaining_rules", "cerberus.base.UnconcernedValidator._error"], "cerberus.base.UnconcernedValidator._normalize_default": [], "cerberus.base.UnconcernedValidator._normalize_default_setter": ["<builtin>.isinstance", "cerberus.base.UnconcernedValidator.__get_rule_handler"], "cerberus.base.UnconcernedValidator.validate": ["cerberus.base.UnconcernedValidator.__normalize_mapping", "<builtin>.set", "<builtin>.bool", "cerberus.base.UnconcernedValidator.__init_processing", "cerberus.base.UnconcernedValidator.__validate_unknown_fields", "cerberus.base.UnconcernedValidator.__validate_required_fields", "cerberus.base.UnconcernedValidator.__validate_definitions"], "cerberus.base.UnconcernedValidator.__validate_definitions": ["cerberus.base.UnconcernedValidator.__get_rule_handler", "cerberus.base.UnconcernedValidator._resolve_rules_set"], "cerberus.base.UnconcernedValidator.__validate_unknown_fields": ["<builtin>.isinstance", "cerberus.base.UnconcernedValidator._get_child_validator", "cerberus.base.UnconcernedValidator._error"], "cerberus.base.UnconcernedValidator.__validate_required_fields": ["<builtin>.set", "cerberus.base.UnconcernedValidator._resolve_rules_set", "cerberus.base.UnconcernedValidator._error"], "cerberus.base.UnconcernedValidator.validated": ["cerberus.base.UnconcernedValidator.validate"], "cerberus.base.UnconcernedValidator._validate_allowed": ["<builtin>.isinstance", "<builtin>.tuple", "cerberus.base.UnconcernedValidator._error"], "cerberus.base.UnconcernedValidator._validate_check_with": ["<builtin>.isinstance", "cerberus.base.UnconcernedValidator.__get_rule_handler", "cerberus.base.UnconcernedValidator._validate_check_with"], "cerberus.base.UnconcernedValidator._validate_contains": ["<builtin>.isinstance", "<builtin>.set", "cerberus.base.UnconcernedValidator._error"], "cerberus.base.UnconcernedValidator._validate_dependencies": ["cerberus.base.UnconcernedValidator.__validate_dependencies_mapping", "<builtin>.isinstance", "cerberus.base.UnconcernedValidator.__validate_dependencies_sequence"], "cerberus.base.UnconcernedValidator.__validate_dependencies_sequence": ["cerberus.base.UnconcernedValidator._lookup_field", "cerberus.base.UnconcernedValidator._error"], "cerberus.base.UnconcernedValidator.__validate_dependencies_mapping": ["<builtin>.isinstance", "<builtin>.len", "cerberus.base.UnconcernedValidator._error", "cerberus.base.UnconcernedValidator._lookup_field"], "cerberus.base.UnconcernedValidator._validate_empty": ["cerberus.base.UnconcernedValidator._drop_remaining_rules", "<builtin>.isinstance", "<builtin>.len", "cerberus.base.UnconcernedValidator._error"], "cerberus.base.UnconcernedValidator._validate_excludes": ["<builtin>.any", "<builtin>.isinstance", "cerberus.base.UnconcernedValidator._error"], "cerberus.base.UnconcernedValidator._validate_forbidden": ["<builtin>.isinstance", "<builtin>.set", "cerberus.base.UnconcernedValidator._error", "<builtin>.list"], "cerberus.base.UnconcernedValidator._validate_items": ["<builtin>.enumerate", "<builtin>.len", "cerberus.base.UnconcernedValidator._get_child_validator", "cerberus.base.UnconcernedValidator._error"], "cerberus.base.UnconcernedValidator._validate_itemsrules": ["<builtin>.len", "cerberus.base.UnconcernedValidator._error", "<builtin>.range", "<builtin>.isinstance", "cerberus.base.UnconcernedValidator._get_child_validator", "<builtin>.enumerate", "cerberus.base.UnconcernedValidator._drop_nodes_from_errorpaths"], "cerberus.base.UnconcernedValidator.__validate_logical": ["cerberus.base.UnconcernedValidator._drop_nodes_from_errorpaths", "cerberus.base.UnconcernedValidator._get_child_validator", "<builtin>.enumerate"], "cerberus.base.UnconcernedValidator._validate_anyof": ["<builtin>.len", "cerberus.base.UnconcernedValidator._error", "cerberus.base.UnconcernedValidator.__validate_logical"], "cerberus.base.UnconcernedValidator._validate_allof": ["<builtin>.len", "cerberus.base.UnconcernedValidator._error", "cerberus.base.UnconcernedValidator.__validate_logical"], "cerberus.base.UnconcernedValidator._validate_noneof": ["<builtin>.len", "cerberus.base.UnconcernedValidator._error", "cerberus.base.UnconcernedValidator.__validate_logical"], "cerberus.base.UnconcernedValidator._validate_oneof": ["<builtin>.len", "cerberus.base.UnconcernedValidator._error", "cerberus.base.UnconcernedValidator.__validate_logical"], "cerberus.base.UnconcernedValidator._validate_max": ["cerberus.base.UnconcernedValidator._error"], "cerberus.base.UnconcernedValidator._validate_min": ["cerberus.base.UnconcernedValidator._error"], "cerberus.base.UnconcernedValidator._validate_maxlength": ["<builtin>.isinstance", "<builtin>.len", "cerberus.base.UnconcernedValidator._error"], "cerberus.base.UnconcernedValidator._validate_minlength": ["<builtin>.isinstance", "<builtin>.len", "cerberus.base.UnconcernedValidator._error"], "cerberus.base.UnconcernedValidator._validate_nullable": ["cerberus.base.UnconcernedValidator._drop_remaining_rules", "cerberus.base.UnconcernedValidator._error"], "cerberus.base.UnconcernedValidator._validate_keysrules": ["<builtin>.isinstance", "cerberus.base.UnconcernedValidator._get_child_validator", "cerberus.base.UnconcernedValidator._drop_nodes_from_errorpaths", "cerberus.base.UnconcernedValidator._error"], "cerberus.base.UnconcernedValidator._validate_regex": ["<builtin>.isinstance", "cerberus.base.UnconcernedValidator._error", "re.compile.match", "re.compile"], "re.compile": [], "re.compile.match": [], "cerberus.base.UnconcernedValidator._validate_schema": ["<builtin>.isinstance", "cerberus.base.UnconcernedValidator._get_child_validator", "cerberus.base.UnconcernedValidator._resolve_schema", "cerberus.base.UnconcernedValidator._error"], "cerberus.base.UnconcernedValidator._validate_type": ["cerberus.base.UnconcernedValidator._drop_remaining_rules", "<builtin>.isinstance", "cerberus.base.UnconcernedValidator._error"], "cerberus.base.UnconcernedValidator._validate_valuesrules": ["<builtin>.isinstance", "cerberus.base.UnconcernedValidator._get_child_validator", "cerberus.base.UnconcernedValidator._drop_nodes_from_errorpaths", "cerberus.base.UnconcernedValidator._error"], "cerberus.platform": [], "cerberus.platform.get_type_args": ["<builtin>.isinstance"], "cerberus.platform.get_type_origin": ["<builtin>.isinstance"], "cerberus.validator": [], "cerberus.validator.Validator.allow_unknown": ["<builtin>.isinstance", "cerberus.base.normalize_rulesset", "cerberus.schema.ValidatedSchema.__init__"], "cerberus.validator.Validator.schema": ["<builtin>.isinstance", "cerberus.schema.ValidatedSchema.__init__"], "cerberus.benchmarks": ["pathlib.Path"], "cerberus.benchmarks.schemas.overalll_schema_2": [], "cerberus.benchmarks.schemas.overalll_schema_2.to_bool": [], "cerberus.benchmarks.schemas.overalll_schema_2.allowed_tax": [], "cerberus.benchmarks.schemas.overalll_schema_2.allowed_types": [], "cerberus.benchmarks.schemas.overalll_schema_2.none_to_zero": [], "cerberus.benchmarks.schemas.overalll_schema_2.empty_str_to_null": [], "cerberus.benchmarks.schemas.overalll_schema_2.<dict1>.<dict1>.<lambda1>": [], "cerberus.benchmarks.schemas.overalll_schema_2.<dict1>.<dict14>.<lambda1>": [], "cerberus.benchmarks.schemas.overalll_schema_2.<lambda1>": ["<builtin>.str"], "cerberus.benchmarks.schemas.overalll_schema_2.<dict1>.<dict15>.<lambda1>": [], "cerberus.benchmarks.test_overall_performance_1": ["pytest.mark.benchmark", "<builtin>.list", "<builtin>.range", "cerberus.benchmarks.test_overall_performance_1.write_sample_documents", "cerberus.base.Registry.add"], "cerberus.benchmarks.test_overall_performance_1.schema_1_field_3_allow_unknown_check_with": ["<builtin>.len"], "cerberus.benchmarks.test_overall_performance_1.<dict3>.<dict1>.<dict2>.<dict2>.<lambda1>": [], "cerberus.benchmarks.test_overall_performance_1.init_validator": ["cerberus.base.UnconcernedValidator.__init__"], "cerberus.benchmarks.test_overall_performance_1.init_validator.TestValidator": ["typing.NamedTuple"], "cerberus.benchmarks.test_overall_performance_1.load_documents": ["pathlib.Path.parent.open", "json.load"], "pathlib.Path.parent.open": [], "json.load": [], "cerberus.benchmarks.test_overall_performance_1.validate_documents": ["cerberus.benchmarks.test_overall_performance_1.validate_documents.count_errors", "<builtin>.print", "collections.Counter", "<builtin>.len"], "collections.Counter": [], "cerberus.benchmarks.test_overall_performance_1.validate_documents.count_errors": ["cerberus.benchmarks.test_overall_performance_1.validate_documents.count_errors"], "pytest.mark.benchmark": [], "cerberus.benchmarks.test_overall_performance_1.test_overall_performance_1": ["cerberus.benchmarks.test_overall_performance_1.load_documents"], "cerberus.benchmarks.test_overall_performance_1.generate_sample_document_1": ["random.randrange", "<builtin>.globals"], "random.randrange": [], "<builtin>.globals": [], "cerberus.benchmarks.test_overall_performance_1.generate_document_1_field_1": ["random.randrange"], "cerberus.benchmarks.test_overall_performance_1.generate_document_1_field_2": ["random.randrange", "<builtin>.str"], "cerberus.benchmarks.test_overall_performance_1.generate_document_1_field_3": ["random.randrange", "random.choice", "<builtin>.range"], "random.choice": [], "cerberus.benchmarks.test_overall_performance_1.generate_document_1_field_4": ["random.randrange"], "cerberus.benchmarks.test_overall_performance_1.generate_document_1_field_5": [], "cerberus.benchmarks.test_overall_performance_1.write_sample_documents": ["pathlib.Path.parent.open", "cerberus.benchmarks.test_overall_performance_1.generate_sample_document_1", "json.dump", "<builtin>.range"], "json.dump": [], "cerberus.benchmarks.test_overall_performance_2": ["pytest.mark.benchmark"], "cerberus.benchmarks.test_overall_performance_2.init_validator": ["cerberus.base.UnconcernedValidator.__init__"], "cerberus.benchmarks.test_overall_performance_2.load_documents": ["pathlib.Path.parent.open", "json.load"], "cerberus.benchmarks.test_overall_performance_2.validate_documents": ["<builtin>.len", "<builtin>.print", "collections.Counter", "cerberus.benchmarks.test_overall_performance_2.validate_documents.count_errors"], "cerberus.benchmarks.test_overall_performance_2.validate_documents.count_errors": ["cerberus.benchmarks.test_overall_performance_2.validate_documents.count_errors"], "cerberus.benchmarks.test_overall_performance_2.test_overall_performance_2": ["cerberus.benchmarks.test_overall_performance_2.load_documents"], "setup": ["setuptools.setup", "collections.OrderedDict", "setuptools.find_packages", "<builtin>.any", "<builtin>.open"], "<builtin>.open": [], "collections.OrderedDict": [], "setuptools.find_packages": [], "setuptools.setup": []}