{"docs.conf": ["sys.path.insert", "re.match.group", "re.match", "os.environ.get", "sphinx_rtd_theme.get_html_theme_path", "os.path.abspath", "<builtin>.open"], "os.path.abspath": [], "sys.path.insert": [], "os.environ.get": [], "<builtin>.open": [], "re.match": [], "re.match.group": [], "sphinx_rtd_theme.get_html_theme_path": [], "docs.conf.setup": [], "funcy.strings": ["<builtin>.type", "re.compile"], "funcy.strings._make_getter": ["operator.methodcaller", "<builtin>.len"], "operator.methodcaller": [], "<builtin>.len": [], "funcy.strings._make_getter.<lambda1>": [], "re.compile": [], "<builtin>.type": [], "funcy.strings._prepare": ["re.compile", "<builtin>.isinstance", "funcy.strings._make_getter"], "<builtin>.isinstance": [], "funcy.strings.re_iter": ["itertools.imap", "funcy.strings._prepare"], "itertools.imap": [], "funcy.strings.re_all": ["funcy.strings.re_iter", "<builtin>.list"], "<builtin>.list": [], "funcy.strings.re_find": ["funcy.strings.re_finder", "funcy.strings.re_finder.<lambda2>"], "funcy.strings.re_finder": ["funcy.strings._prepare"], "funcy.strings.re_finder.<lambda2>": ["operator.attrgetter.__getitem__.search", "operator.methodcaller.__contains__.search", "operator.itemgetter.__getitem__.search", "funcy.strings.re_finder.<lambda1>", "operator.attrgetter.__getitem__.__contains__.search", "operator.methodcaller.__getitem__.search", "operator.methodcaller.search", "operator.attrgetter.search", "operator.attrgetter.__contains__.search", "operator.itemgetter.search", "operator.itemgetter.__contains__.search", "operator.methodcaller.__getitem__.__contains__.search", "operator.methodcaller.__contains__.__getitem__.search", "operator.attrgetter.__contains__.__getitem__.search", "operator.itemgetter.__contains__.__getitem__.search", "operator.itemgetter.__getitem__.__contains__.search"], "funcy.strings.re_test": ["funcy.strings.re_tester.<lambda1>", "funcy.strings.re_tester"], "funcy.strings.re_tester": ["re.compile", "<builtin>.isinstance"], "funcy.strings.re_tester.<lambda1>": ["operator.attrgetter.__getitem__.search", "operator.methodcaller.__contains__.search", "operator.itemgetter.__getitem__.search", "operator.attrgetter.__getitem__.__contains__.search", "operator.methodcaller.__getitem__.search", "operator.methodcaller.search", "operator.attrgetter.search", "operator.attrgetter.__contains__.search", "operator.itemgetter.search", "re.compile.search", "operator.itemgetter.__contains__.search", "<builtin>.bool", "operator.methodcaller.__getitem__.__contains__.search", "operator.methodcaller.__contains__.__getitem__.search", "operator.attrgetter.__contains__.__getitem__.search", "operator.itemgetter.__contains__.__getitem__.search", "operator.itemgetter.__getitem__.__contains__.search"], "funcy.strings.re_finder.<lambda1>": [], "operator.itemgetter.__getitem__.search": [], "operator.methodcaller.__getitem__.search": [], "operator.attrgetter.__contains__.__getitem__.search": [], "operator.attrgetter.__contains__.search": [], "operator.itemgetter.search": [], "operator.attrgetter.search": [], "operator.itemgetter.__getitem__.__contains__.search": [], "operator.methodcaller.search": [], "operator.attrgetter.__getitem__.search": [], "operator.itemgetter.__contains__.__getitem__.search": [], "operator.methodcaller.__contains__.search": [], "operator.attrgetter.__getitem__.__contains__.search": [], "operator.itemgetter.__contains__.search": [], "operator.methodcaller.__getitem__.__contains__.search": [], "operator.methodcaller.__contains__.__getitem__.search": [], "re.compile.search": [], "<builtin>.bool": [], "funcy.strings.str_join": ["itertools.imap", "funcy.strings.str_join"], "funcy.strings.cut_prefix": ["<builtin>.len"], "funcy.strings.cut_suffix": ["<builtin>.len"], "funcy": [], "funcy.py2": ["<builtin>.setattr", "<builtin>.getattr"], "<builtin>.getattr": [], "<builtin>.setattr": [], "funcy.py3": ["funcy.seqs.lcat"], "funcy.seqs.lcat": ["itertools.chain.from_iterable", "<builtin>.list"], "funcy.py3.lzip": ["itertools.izip", "<builtin>.list"], "itertools.izip": [], "funcy.tree": [], "funcy.tree.tree_leaves": ["collections.deque.pop", "funcy.types.isa.<lambda1>", "collections.deque", "collections.deque.append", "<builtin>.iter"], "collections.deque": [], "collections.deque.pop": [], "<builtin>.iter": [], "funcy.types.isa.<lambda1>": ["<builtin>.isinstance"], "collections.deque.append": [], "funcy.tree.ltree_leaves": ["funcy.tree.tree_leaves", "<builtin>.list"], "funcy.tree.tree_nodes": ["collections.deque.pop", "funcy.types.isa.<lambda1>", "collections.deque", "collections.deque.append", "<builtin>.iter"], "funcy.tree.ltree_nodes": ["funcy.tree.tree_nodes", "<builtin>.list"], "funcy.calc": ["funcy.calc._make_lookuper"], "funcy.calc.memoize": ["funcy.calc.memoize", "funcy.calc._memory_decorator.decorator", "<builtin>.len", "funcy.calc._memory_decorator", "<builtin>.TypeError"], "funcy.calc._memory_decorator.decorator": ["functools.partial", "funcy.decorators.wraps"], "<builtin>.TypeError": [], "funcy.calc._memory_decorator": [], "funcy.calc.cache": ["<builtin>.isinstance", "funcy.calc._memory_decorator", "funcy.calc.CacheMemory.__init__"], "funcy.calc.CacheMemory.__init__": ["funcy.calc.CacheMemory.clear"], "funcy.decorators.wraps": ["functools.partial"], "functools.partial": [], "funcy.calc._memory_decorator.decorator.wrapper": ["<builtin>.tuple", "<builtin>.sorted"], "<builtin>.sorted": [], "<builtin>.tuple": [], "funcy.calc._memory_decorator.decorator.invalidate": ["<builtin>.tuple", "<builtin>.sorted"], "funcy.calc._memory_decorator.decorator.invalidate_all": ["funcy.calc.CacheMemory.clear"], "funcy.calc.CacheMemory.clear": ["collections.deque"], "funcy.calc.CacheMemory.__setitem__": ["collections.deque.append", "time.time"], "time.time": [], "funcy.calc.CacheMemory.__getitem__": ["funcy.calc.CacheMemory.expire", "<builtin>.KeyError", "time.time"], "funcy.calc.CacheMemory.expire": ["<builtin>.range", "collections.deque.popleft", "bisect.bisect", "time.time"], "<builtin>.KeyError": [], "bisect.bisect": [], "<builtin>.range": [], "collections.deque.popleft": [], "funcy.calc._make_lookuper": [], "funcy.calc._make_lookuper.make_lookuper": ["functools.partial", "funcy.calc.has_arg_types", "funcy.calc.memoize", "funcy.decorators.wraps"], "funcy.calc.has_arg_types": ["inspect.signature", "<builtin>.any", "inspect.signature.parameters.values", "<builtin>.bool", "inspect.getargspec"], "funcy.calc._make_lookuper.make_lookuper.wrapper": ["<builtin>.map", "<builtin>.object", "<builtin>.LookupError", "funcy.calc._make_lookuper.make_lookuper.wrapper.<lambda1>", "funcy.calc._make_lookuper.make_lookuper"], "funcy.calc._make_lookuper.make_lookuper.wrapper.<lambda1>": ["funcy.calc._make_lookuper.make_lookuper.wrapper.<lambda1>"], "<builtin>.map": [], "<builtin>.object": [], "<builtin>.LookupError": [], "inspect.getargspec": [], "inspect.signature": [], "inspect.signature.parameters.values": [], "<builtin>.any": [], "funcy.decorators": [], "funcy.decorators.decorator": ["funcy.decorators.has_1pos_and_kwonly", "funcy.decorators.make_decorator", "funcy.decorators.wraps", "functools.partial", "funcy.decorators.has_single_arg"], "funcy.decorators.has_single_arg": ["inspect.signature", "<builtin>.len", "inspect.signature.parameters.values", "<builtin>.iter", "inspect.getargspec", "<builtin>.next"], "funcy.decorators.make_decorator": ["functools.partial", "funcy.decorators.wraps"], "funcy.decorators.has_1pos_and_kwonly": ["inspect.signature", "<builtin>.len", "collections.Counter", "inspect.signature.parameters.values", "inspect.getargspec"], "funcy.decorators.decorator.decorator_fab": ["funcy.decorators.make_decorator", "funcy.decorators.make_decorator._decorator"], "funcy.decorators.make_decorator._decorator": ["functools.partial", "funcy.decorators.wraps"], "funcy.decorators.make_decorator._decorator.wrapper": ["funcy.flow.joining", "funcy.debug.log_exits", "funcy.flow.post_processing", "funcy.flow.retry", "funcy.debug.log_enters", "funcy.debug.log_calls", "funcy.flow.wrap_with", "funcy.decorators.Call.__init__"], "funcy.decorators.Call.__init__": [], "funcy.flow.joining": ["itertools.imap", "funcy.decorators.Call.__init__"], "funcy.debug.log_enters": ["funcy.decorators.Call.__init__", "funcy.debug.signature_repr"], "funcy.debug.log_calls": ["funcy.debug._format_error", "funcy.decorators.Call.__init__", "funcy.debug.smart_repr", "funcy.debug.signature_repr"], "funcy.debug.log_exits": ["funcy.debug._format_error", "funcy.decorators.Call.__init__", "funcy.debug.smart_repr", "funcy.debug.signature_repr"], "funcy.flow.wrap_with": ["funcy.decorators.Call.__init__"], "funcy.flow.post_processing": ["funcy.decorators.Call.__init__"], "funcy.flow.retry": ["funcy.flow._ensure_exceptable", "funcy.decorators.Call.__init__", "time.sleep", "<builtin>.callable"], "funcy.decorators.Call.__call__": ["functools.WRAPPER_ASSIGNMENTS", "<builtin>.dict"], "functools.WRAPPER_ASSIGNMENTS": [], "<builtin>.dict": [], "funcy.decorators.Call.__getattr__": ["<builtin>.AttributeError", "funcy.decorators.arggetter.get_arg", "funcy.decorators.arggetter"], "funcy.decorators.arggetter": ["inspect.unwrap", "<builtin>.len", "funcy.decorators.get_argnames", "<builtin>.zip", "<builtin>.getattr", "<builtin>.enumerate", "<builtin>.dict"], "funcy.decorators.arggetter.get_arg": ["<builtin>.len", "<builtin>.TypeError"], "<builtin>.AttributeError": [], "funcy.decorators.Call.__str__": ["<builtin>.map", "<builtin>.list", "functools.WRAPPER_ASSIGNMENTS.items", "<builtin>.getattr", "<builtin>.str"], "<builtin>.str": [], "functools.WRAPPER_ASSIGNMENTS.items": [], "funcy.decorators.Call.__repr__": [], "<builtin>.next": [], "collections.Counter": [], "funcy.decorators.get_argnames": ["inspect.unwrap", "<builtin>.getattr"], "inspect.unwrap": [], "<builtin>.enumerate": [], "<builtin>.zip": [], "funcy.decorators.ContextDecorator._recreate_cm": [], "funcy.decorators.ContextDecorator.__call__": ["functools.partial", "funcy.decorators.wraps"], "funcy.decorators.ContextDecorator.__call__.inner": ["contextlib.ContextDecorator._recreate_cm"], "contextlib.ContextDecorator._recreate_cm": [], "funcy.decorators._GeneratorContextManager.__init__": ["<builtin>.type", "<builtin>.getattr"], "funcy.decorators._GeneratorContextManager._recreate_cm": ["contextlib.ContextDecorator.__class__"], "contextlib.ContextDecorator.__class__": [], "funcy.decorators._GeneratorContextManager.__enter__": ["<builtin>.next", "<builtin>.RuntimeError"], "<builtin>.RuntimeError": [], "funcy.decorators._GeneratorContextManager.__exit__": ["sys.exc_info", "<builtin>.next", "<builtin>.RuntimeError"], "sys.exc_info": [], "funcy.decorators.contextmanager": ["functools.partial", "funcy.decorators.wraps"], "funcy.decorators.contextmanager.helper": ["funcy.decorators._GeneratorContextManager.__init__"], "funcy.decorators.update_wrapper": ["inspect.unwrap", "<builtin>.setattr", "<builtin>.getattr"], "funcy.decorators.unwrap": ["<builtin>.hasattr", "<builtin>.id", "<builtin>.ValueError", "<builtin>.set"], "<builtin>.set": [], "<builtin>.hasattr": [], "<builtin>.id": [], "<builtin>.ValueError": [], "funcy.flow": ["funcy.flow.post_processing", "funcy.flow.once_per", "contextlib.contextmanager", "funcy.decorators.decorator"], "funcy.flow.raiser": ["<builtin>.Exception", "<builtin>.isinstance"], "<builtin>.Exception": [], "funcy.flow.raiser._raiser": [], "funcy.flow.ignore": ["funcy.flow._ensure_exceptable"], "funcy.flow._ensure_exceptable": ["funcy.flow._is_exception_type", "<builtin>.tuple"], "funcy.flow.ignore.decorator": ["functools.partial", "funcy.decorators.wraps"], "funcy.flow.ignore.decorator.wrapper": [], "funcy.flow.silent": ["funcy.flow.ignore.decorator", "funcy.flow.ignore"], "funcy.flow.suppress.__init__": [], "funcy.flow.suppress.__enter__": [], "funcy.flow.suppress.__exit__": ["<builtin>.issubclass"], "<builtin>.issubclass": [], "funcy.flow.nullcontext.__init__": [], "funcy.flow.nullcontext.__enter__": [], "funcy.flow.nullcontext.__exit__": [], "contextlib.contextmanager": [], "funcy.flow.reraise": ["funcy.flow._ensure_exceptable", "funcy.flow._is_exception_type", "funcy.compat.raise_from", "<builtin>.callable"], "<builtin>.callable": [], "funcy.flow._is_exception_type": ["<builtin>.isinstance", "<builtin>.issubclass"], "funcy.compat.raise_from": [], "time.sleep": [], "funcy.flow.fallback": ["funcy.flow._ensure_exceptable", "<builtin>.callable"], "funcy.flow.limit_error_rate": ["<builtin>.isinstance", "datetime.timedelta"], "datetime.timedelta": [], "funcy.flow.limit_error_rate.decorator": ["functools.partial", "funcy.decorators.wraps"], "funcy.flow.limit_error_rate.decorator.wrapper": ["datetime.datetime.now"], "datetime.datetime.now": [], "funcy.flow.throttle": ["<builtin>.isinstance"], "funcy.flow.throttle.decorator": ["functools.partial", "funcy.decorators.wraps"], "funcy.flow.throttle.decorator.wrapper": ["time.time"], "funcy.flow.once_per": [], "funcy.flow.once_per.once": ["<builtin>.list", "<builtin>.set", "funcy.decorators.arggetter", "funcy.decorators.wraps", "functools.partial", "threading.Lock"], "threading.Lock": [], "funcy.flow.once_per.once.wrapper": ["funcy.decorators.arggetter.get_arg", "<builtin>.isinstance", "<builtin>.tuple"], "funcy.flow.once_per_args": ["funcy.flow.once_per", "funcy.flow.once_per.once", "funcy.decorators.get_argnames"], "funcy.debug": ["funcy.debug.log_durations.__init__", "funcy.decorators.decorator", "funcy.debug.log_errors.__init__"], "funcy.debug.tap": ["<builtin>.print"], "<builtin>.print": [], "funcy.debug.signature_repr": ["functools.WRAPPER_ASSIGNMENTS.items", "itertools.chain", "funcy.debug.smart_repr", "<builtin>.getattr", "<builtin>.hasattr", "<builtin>.isinstance"], "funcy.debug.smart_repr": ["<builtin>.len", "<builtin>.repr", "<builtin>.isinstance", "re.sub", "<builtin>.str"], "funcy.debug._format_error": ["<builtin>.isinstance", "traceback.format_exc"], "funcy.debug.print_calls": ["funcy.debug.log_calls", "<builtin>.callable"], "funcy.debug.print_enters": ["funcy.debug.log_enters", "<builtin>.callable"], "funcy.debug.print_exits": ["funcy.debug.log_exits", "<builtin>.callable"], "funcy.debug.LabeledContextDecorator.__init__": [], "funcy.debug.LabeledContextDecorator.__call__": ["funcy.debug.LabeledContextDecorator.decorator", "<builtin>.callable"], "funcy.debug.LabeledContextDecorator.decorator": ["functools.partial", "funcy.decorators.wraps"], "funcy.debug.LabeledContextDecorator.decorator.inner": ["funcy.decorators.Call.__init__", "funcy.debug.signature_repr"], "funcy.debug.log_errors.__init__": ["funcy.debug.LabeledContextDecorator.__init__"], "funcy.debug.log_errors.__enter__": [], "funcy.debug.log_errors.__exit__": ["funcy.debug._format_error", "traceback.format_exception", "funcy.debug.log_durations.__init__", "funcy.debug.log_errors.__init__"], "traceback.format_exception": [], "funcy.debug.log_durations.__init__": ["<builtin>.ValueError", "funcy.debug.LabeledContextDecorator.__init__"], "funcy.debug.format_time": [], "funcy.debug.<dict1>.<lambda1>": [], "funcy.debug.<dict1>.<lambda2>": [], "funcy.debug.<dict1>.<lambda3>": [], "funcy.debug.<dict1>.<lambda4>": [], "funcy.debug.log_durations.__enter__": ["funcy.debug.timer", "timeit.default_timer"], "timeit.default_timer": [], "funcy.debug.timer": [], "funcy.debug.log_durations.__exit__": ["timeit.default_timer", "funcy.debug.format_time", "funcy.debug.log_durations.__init__", "funcy.debug.timer", "funcy.debug.log_errors.__init__"], "funcy.debug.log_iter_durations": ["timeit.default_timer", "funcy.debug.format_time", "funcy.debug.timer", "<builtin>.iter", "<builtin>.enumerate", "<builtin>.ValueError"], "funcy.debug.print_iter_durations": ["funcy.debug.log_iter_durations"], "traceback.format_exc": [], "itertools.chain": [], "<builtin>.repr": [], "re.sub": [], "funcy.colls": ["<builtin>.type"], "funcy.colls._factory": ["<builtin>.type", "functools.partial", "<builtin>.isinstance", "funcy.funcs.compose"], "funcy.funcs.compose": ["itertools.imap", "functools.reduce"], "funcy.colls.empty": ["functools.partial", "<builtin>.isinstance", "<builtin>.iter", "funcy.colls._factory"], "funcy.colls.iteritems": ["<builtin>.hasattr"], "funcy.colls.itervalues": ["<builtin>.hasattr"], "funcy.colls.join": ["itertools.chain.from_iterable", "<builtin>.TypeError", "<builtin>.iter", "itertools.tee", "<builtin>.isinstance", "<builtin>.next"], "itertools.tee": [], "itertools.chain.from_iterable": [], "funcy.colls.merge": ["funcy.colls.join"], "funcy.colls.join_with": ["funcy.colls.iteritems", "<builtin>.len", "<builtin>.list"], "funcy.colls.merge_with": ["funcy.colls.join_with"], "funcy.colls.walk": ["funcy.colls.iteritems", "functools.partial", "funcy.colls._factory", "funcy.seqs.map"], "funcy.seqs.map": ["itertools.imap", "funcy.funcmakers.make_func"], "funcy.colls.walk_keys": ["funcy.colls.walk", "funcy.funcmakers.make_func"], "funcy.funcmakers.make_func": ["<builtin>.callable", "funcy.strings.re_finder", "operator.itemgetter", "<builtin>.isinstance", "<builtin>.TypeError", "funcy.strings.re_tester"], "funcy.colls.walk_keys.pair_f": [], "funcy.colls.walk_values": ["funcy.colls.iteritems", "funcy.funcmakers.make_func", "funcy.seqs.map", "funcy.colls._factory", "functools.partial"], "funcy.colls.walk_values.pair_f": ["funcy.funcs.iffy.<lambda1>"], "funcy.funcs.iffy.<lambda1>": ["funcy.funcs.identity", "<builtin>.callable"], "funcy.colls.select": ["funcy.colls.iteritems", "functools.partial", "funcy.seqs.filter", "funcy.colls._factory"], "funcy.seqs.filter": ["funcy.funcmakers.make_pred", "itertools.ifilter"], "funcy.colls.select_keys": ["funcy.funcmakers.make_pred", "funcy.colls.select"], "funcy.funcmakers.make_pred": ["funcy.funcmakers.make_func"], "funcy.colls.select_keys.<lambda1>": [], "funcy.colls.select_values": ["funcy.funcmakers.make_pred", "funcy.colls.select"], "funcy.colls.select_values.<lambda1>": [], "funcy.colls.compact": ["<builtin>.isinstance", "funcy.colls.select_values", "funcy.colls.select"], "funcy.colls.is_distinct": ["funcy.seqs.map", "<builtin>.len", "<builtin>.set"], "funcy.colls.all": ["builtins.all", "funcy.seqs.map", "__builtin__.all"], "builtins.all": [], "__builtin__.all": [], "funcy.colls.any": ["builtins.any", "funcy.seqs.map", "__builtin__.any"], "builtins.any": [], "__builtin__.any": [], "funcy.colls.none": ["funcy.colls.any"], "funcy.colls.one": ["funcy.seqs.filter", "<builtin>.len", "funcy.colls.one", "funcy.seqs.take"], "funcy.seqs.take": ["itertools.islice", "<builtin>.list"], "funcy.colls.some": ["funcy.seqs.filter", "<builtin>.next", "funcy.colls.some"], "funcy.colls.zipdict": ["itertools.izip", "<builtin>.dict"], "funcy.colls.flip": ["funcy.colls.walk"], "funcy.colls.flip.flip_pair": [], "funcy.colls.project": ["functools.partial", "funcy.colls._factory"], "funcy.colls.omit": ["funcy.colls.iteritems", "functools.partial", "funcy.colls._factory"], "funcy.colls.zip_values": ["itertools.imap", "<builtin>.len", "<builtin>.TypeError", "<builtin>.tuple"], "funcy.colls.zip_dicts": ["itertools.imap", "<builtin>.len", "<builtin>.TypeError", "<builtin>.tuple"], "funcy.colls.get_in": [], "funcy.colls.set_in": ["funcy.colls.update_in"], "funcy.colls.set_in.<lambda1>": [], "funcy.colls.update_in": ["funcy.colls.set_in.<lambda1>", "<builtin>.isinstance", "<builtin>.len", "funcy.colls.update_in"], "funcy.colls.del_in": ["copy.copy", "<builtin>.len", "funcy.colls.del_in"], "copy.copy": [], "funcy.colls.has_path": [], "funcy.colls.lwhere": ["funcy.colls.where", "<builtin>.list"], "funcy.colls.where": ["itertools.ifilter"], "funcy.colls.lpluck": ["funcy.colls.pluck", "<builtin>.list"], "funcy.colls.pluck": ["itertools.imap", "operator.itemgetter"], "funcy.colls.lpluck_attr": ["funcy.colls.pluck_attr", "<builtin>.list"], "funcy.colls.pluck_attr": ["operator.itemgetter", "itertools.imap", "operator.attrgetter"], "funcy.colls.linvoke": ["funcy.colls.invoke", "<builtin>.list"], "funcy.colls.invoke": ["itertools.imap", "operator.attrgetter", "operator.methodcaller", "operator.itemgetter"], "funcy.colls.where.<lambda1>": ["funcy.colls.all"], "itertools.ifilter": [], "operator.itemgetter": [], "operator.attrgetter": [], "funcy.primitives": [], "funcy.primitives.EmptyType.__repr__": [], "funcy.primitives.isnone": [], "funcy.primitives.notnone": [], "funcy.primitives.inc": [], "funcy.primitives.dec": [], "funcy.primitives.even": [], "funcy.primitives.odd": [], "funcy.funcs": [], "funcy.funcs.identity": [], "funcy.funcs.constantly": [], "funcy.funcs.constantly.<lambda1>": [], "funcy.funcs.caller": [], "funcy.funcs.caller.<lambda1>": [], "funcy.funcs.func_partial": [], "funcy.funcs.func_partial.<lambda1>": ["<builtin>.dict"], "funcy.funcs.rpartial": [], "funcy.funcs.rpartial.<lambda1>": ["funcy.funcs.rpartial.<lambda1>", "<builtin>.dict"], "funcy.funcs.curry": ["funcy._inspect.get_spec"], "funcy._inspect.get_spec": ["inspect.signature", "inspect.unwrap", "<builtin>.set", "<builtin>.len", "funcy._inspect._sig_to_spec", "funcy._inspect.get_spec", "collections.namedtuple", "<builtin>.bool", "<builtin>.getattr", "<builtin>.hasattr", "<builtin>.isinstance", "<builtin>.ValueError", "re.findall"], "funcy.funcs.curry.<lambda1>": [], "funcy.funcs.curry.<lambda1>.<lambda1>": ["functools.partial", "collections.defaultdict", "functools.WRAPPER_ASSIGNMENTS", "funcy.decorators.update_wrapper"], "collections.defaultdict": [], "funcy.funcs.curry.<lambda2>": ["functools.partial", "funcy.funcs.curry"], "funcy.funcs.rcurry": ["funcy._inspect.get_spec"], "funcy.funcs.rcurry.<lambda1>": [], "funcy.funcs.rcurry.<lambda1>.<lambda1>": ["funcy.funcs.rpartial.<lambda1>"], "funcy.funcs.rcurry.<lambda2>": ["funcy.funcs.rcurry", "funcy.funcs.rpartial"], "funcy.funcs.autocurry": ["collections.namedtuple", "funcy._inspect.get_spec", "functools.wraps", "<builtin>.set"], "collections.namedtuple": [], "functools.wraps": [], "funcy.funcs.autocurry.autocurried": ["funcy.funcs.autocurry", "<builtin>.len", "<builtin>.set"], "funcy.funcs.iffy": ["funcy.funcs.iffy", "funcy.funcmakers.make_func", "operator.attrgetter", "operator.methodcaller", "operator.itemgetter", "funcy.funcmakers.make_pred"], "funcy.funcs.compose.<lambda1>": [], "funcy.funcs.compose.<lambda1>.<lambda1>": [], "functools.reduce": [], "funcy.funcs.rcompose": ["funcy.funcs.compose", "<builtin>.reversed"], "<builtin>.reversed": [], "funcy.funcs.complement": ["funcy.funcs.compose"], "funcy.funcs.ljuxt": ["itertools.imap", "<builtin>.list"], "funcy.funcs.ljuxt.<lambda1>": [], "funcy.funcs.juxt": ["itertools.imap", "<builtin>.list"], "funcy.funcs.juxt.<lambda1>": [], "funcy.funcmakers": [], "funcy.funcmakers.make_func.<lambda1>": [], "funcy._inspect": ["collections.namedtuple", "<builtin>.hasattr", "<builtin>.set"], "re.findall": [], "funcy._inspect._sig_to_spec": ["inspect.signature.parameters.items", "collections.namedtuple", "<builtin>.set"], "inspect.signature.parameters.items": [], "funcy.seqs": [], "funcy.seqs.repeatedly": ["itertools.repeat"], "itertools.repeat": [], "funcy.seqs.iterate": [], "itertools.islice": [], "funcy.seqs.drop": ["itertools.islice"], "funcy.seqs.first": ["<builtin>.iter", "<builtin>.next"], "funcy.seqs.second": ["funcy.seqs.first", "funcy.seqs.rest"], "funcy.seqs.rest": ["funcy.seqs.drop"], "funcy.seqs.nth": ["<builtin>.next", "itertools.islice"], "funcy.seqs.last": [], "funcy.seqs.butlast": ["<builtin>.iter", "<builtin>.next"], "funcy.seqs.ilen": ["itertools.count", "collections.deque", "<builtin>.next", "itertools.izip"], "itertools.count": [], "funcy.seqs.lmap": ["itertools.imap", "funcy.funcmakers.make_func"], "funcy.seqs.lfilter": ["funcy.funcmakers.make_pred", "itertools.ifilter"], "funcy.seqs.xmap": ["itertools.imap", "funcy.funcmakers.make_func"], "funcy.seqs.lremove": ["funcy.seqs.remove", "<builtin>.list"], "funcy.seqs.remove": ["funcy.funcmakers.make_pred", "itertools.ifilterfalse", "itertools.filterfalse"], "itertools.ifilterfalse": [], "itertools.filterfalse": [], "funcy.seqs.lkeep": ["funcy.seqs.keep", "<builtin>.list"], "funcy.seqs.keep": ["funcy.seqs.map", "itertools.ifilter"], "funcy.seqs.without": [], "funcy.seqs.lwithout": ["<builtin>.list", "funcy.seqs.without"], "funcy.seqs.lconcat": ["itertools.chain", "<builtin>.list"], "funcy.seqs.flatten": ["funcy.seqs.flatten", "funcy.types.isa.<lambda1>"], "funcy.seqs.lflatten": ["funcy.seqs.flatten", "<builtin>.list"], "funcy.seqs.lmapcat": ["funcy.seqs.lcat", "funcy.seqs.map"], "funcy.seqs.mapcat": ["itertools.chain.from_iterable", "funcy.seqs.map"], "funcy.seqs.interleave": ["itertools.chain.from_iterable", "itertools.izip"], "funcy.seqs.interpose": ["funcy.seqs.interleave", "itertools.repeat", "funcy.seqs.drop"], "funcy.seqs.takewhile": ["funcy.funcmakers.make_pred", "itertools.takewhile"], "itertools.takewhile": [], "funcy.seqs.dropwhile": ["funcy.funcmakers.make_pred", "itertools.dropwhile"], "itertools.dropwhile": [], "funcy.seqs.ldistinct": ["funcy.seqs.distinct", "<builtin>.list"], "funcy.seqs.distinct": ["funcy.funcmakers.make_func", "<builtin>.set"], "funcy.seqs.split": ["funcy.seqs.split._split", "collections.deque", "collections.deque.append", "funcy.funcmakers.make_pred", "funcy.colls.where.<lambda1>"], "funcy.seqs.split._split": ["<builtin>.next", "collections.deque.popleft"], "funcy.seqs.lsplit": ["funcy.funcmakers.make_pred", "funcy.colls.where.<lambda1>"], "funcy.seqs.split_at": ["itertools.islice", "itertools.tee"], "funcy.seqs.lsplit_at": ["funcy.seqs.split_at", "<builtin>.list"], "funcy.seqs.split_by": ["funcy.seqs.dropwhile", "funcy.seqs.takewhile", "itertools.tee"], "funcy.seqs.lsplit_by": ["funcy.seqs.split_by", "<builtin>.list"], "funcy.seqs.group_by": ["collections.defaultdict", "funcy.funcmakers.make_func"], "funcy.seqs.group_by_keys": ["collections.defaultdict", "funcy.funcmakers.make_func"], "funcy.seqs.group_values": ["collections.defaultdict"], "funcy.seqs.count_by": ["collections.defaultdict", "funcy.funcmakers.make_func"], "funcy.seqs.count_reps": ["collections.defaultdict"], "funcy.seqs._cut_seq": ["<builtin>.len"], "funcy.seqs._cut_iter": ["itertools.islice", "<builtin>.len", "funcy.seqs._cut_seq", "<builtin>.iter", "funcy.seqs.take"], "funcy.seqs._cut": ["<builtin>.isinstance", "funcy.seqs._cut_iter", "funcy.seqs._cut_seq"], "funcy.seqs.partition": ["funcy.seqs._cut"], "funcy.seqs.lpartition": ["funcy.seqs.partition", "<builtin>.list"], "funcy.seqs.chunks": ["funcy.seqs._cut"], "funcy.seqs.lchunks": ["funcy.seqs.chunks", "<builtin>.list"], "funcy.seqs.partition_by": ["itertools.groupby", "funcy.funcmakers.make_func"], "itertools.groupby": [], "funcy.seqs.lpartition_by": ["itertools.imap", "funcy.seqs.partition_by"], "funcy.seqs.with_prev": ["itertools.chain", "itertools.izip", "itertools.tee"], "funcy.seqs.with_next": ["itertools.chain", "<builtin>.next", "itertools.izip", "itertools.tee"], "funcy.seqs.pairwise": ["<builtin>.next", "itertools.izip", "itertools.tee"], "funcy.seqs._reductions": ["operator.add"], "operator.add": [], "funcy.seqs.reductions": ["itertools.accumulate", "funcy.seqs._reductions", "operator.add", "<builtin>.iter", "<builtin>.next"], "itertools.accumulate": [], "funcy.seqs.accumulate": ["funcy.seqs.reductions"], "funcy.seqs.lreductions": ["<builtin>.list", "funcy.seqs.reductions"], "funcy.seqs.sums": ["funcy.seqs.reductions"], "funcy.seqs.lsums": ["funcy.seqs.lreductions"], "funcy.types": ["funcy.types.isa"], "funcy.types.isa": [], "funcy.objects": [], "funcy.objects.cached_property.__init__": ["<builtin>.getattr"], "funcy.objects.cached_property.__get__": [], "funcy.objects.cached_readonly.__set__": ["<builtin>.AttributeError"], "funcy.objects.wrap_prop": [], "funcy.objects.wrap_prop.decorator": [], "funcy.objects.wrap_prop.decorator.WrapperProp.__repr__": ["<builtin>.repr"], "funcy.objects.wrap_prop.decorator.WrapperProp.__get__": [], "funcy.objects.wrap_prop.decorator.WrapperProp": ["<builtin>.hasattr"], "funcy.objects.wrap_prop.decorator.WrapperProp.__set__": [], "funcy.objects.wrap_prop.decorator.WrapperProp.__del__": [], "funcy.objects.monkey": ["inspect.ismodule", "inspect.isclass"], "inspect.isclass": [], "inspect.ismodule": [], "funcy.objects.monkey.decorator": ["funcy.strings.cut_prefix", "<builtin>.setattr", "<builtin>.getattr"], "funcy.objects.namespace_meta.__new__": ["funcy.funcs.iffy", "<builtin>.super", "funcy.colls.walk_values"], "<builtin>.super": [], "funcy.objects.LazyObject.__init__": [], "funcy.objects.LazyObject._setup": [], "funcy.objects.LazyObject.__getattr__": ["funcy.objects.LazyObject._setup", "<builtin>.getattr"], "funcy.objects.LazyObject.__setattr__": ["funcy.objects.LazyObject._setup", "<builtin>.setattr"], "funcy.funcolls": [], "funcy.funcolls.all_fn": ["funcy.funcs.juxt", "funcy.funcs.compose"], "funcy.funcolls.any_fn": ["funcy.funcs.juxt", "funcy.funcs.compose"], "funcy.funcolls.none_fn": ["funcy.funcs.juxt", "funcy.funcs.compose"], "funcy.funcolls.one_fn": ["funcy.funcs.juxt", "funcy.funcs.compose"], "funcy.funcolls.some_fn": ["funcy.funcs.juxt", "funcy.funcs.compose"], "funcy.compat": ["<builtin>.exec"], "funcy.compat.lmap": ["itertools.imap", "<builtin>.list"], "funcy.compat.lfilter": ["<builtin>.list", "itertools.ifilter"], "<builtin>.exec": [], "setup": ["setuptools.setup", "<builtin>.open"], "setuptools.setup": []}