{"setup": ["setuptools.setup"], "setuptools.setup": [], "src.colander": ["src.colander._make_url_regex_src", "translationstring.TranslationStringFactory", "src.colander.Regex.__init__", "src.colander._SchemaMeta.__init__"], "translationstring.TranslationStringFactory": [], "src.colander._required.__repr__": [], "src.colander._required.__reduce__": [], "src.colander._null.__nonzero__": [], "src.colander._null.__repr__": [], "src.colander._null.__reduce__": [], "src.colander._drop.__repr__": [], "src.colander._drop.__reduce__": [], "src.colander.interpolate": ["<builtin>.hasattr"], "<builtin>.hasattr": [], "src.colander.Invalid.__init__": [], "src.colander.Invalid.messages": ["src.colander.is_nonstr_iter"], "src.colander.is_nonstr_iter": ["<builtin>.isinstance", "<builtin>.hasattr"], "src.colander.Invalid.add": ["<builtin>.isinstance"], "<builtin>.isinstance": [], "src.colander.Invalid.__setitem__": ["src.colander.Invalid.__init__", "<builtin>.enumerate", "src.colander.Invalid.add", "<builtin>.KeyError"], "<builtin>.enumerate": [], "<builtin>.KeyError": [], "src.colander.Invalid.paths": ["src.colander.Invalid.paths.traverse"], "src.colander.Invalid.paths.traverse": ["src.colander.Invalid.paths.traverse", "<builtin>.tuple"], "<builtin>.tuple": [], "src.colander.Invalid._keyname": ["<builtin>.str"], "<builtin>.str": [], "src.colander.Invalid.asdict": ["src.colander.interpolate", "src.colander.Invalid.paths", "<builtin>.list"], "<builtin>.list": [], "src.colander.Invalid.__str__": ["src.colander.Invalid.asdict", "pprint.pformat"], "pprint.pformat": [], "src.colander.UnsupportedFields.__init__": ["<builtin>.super"], "<builtin>.super": [], "src.colander.All.__init__": [], "src.colander.All.__call__": ["src.colander.Invalid.__init__", "src.colander.is_nonstr_iter"], "src.colander.Any.__call__": ["<builtin>.super", "<builtin>.len"], "<builtin>.len": [], "src.colander.Function.__init__": ["warnings.warn", "<builtin>.ValueError", "translationstring.TranslationStringFactory"], "<builtin>.ValueError": [], "warnings.warn": [], "src.colander.Function.__call__": ["src.colander.Invalid.__init__", "<builtin>.isinstance", "translationstring.TranslationString"], "translationstring.TranslationString": [], "src.colander.Regex.__init__": ["<builtin>.isinstance", "re.compile", "translationstring.TranslationStringFactory"], "re.compile": [], "src.colander.Regex.__call__": ["src.colander.Invalid.__init__", "re.compile.match"], "re.compile.match": [], "src.colander.Email.__init__": ["<builtin>.super", "translationstring.TranslationStringFactory"], "src.colander.DataURL": ["translationstring.TranslationStringFactory"], "src.colander.DataURL.__init__": ["<builtin>.super"], "src.colander.DataURL.__call__": ["re.compile.match.groups", "re.compile.match", "<builtin>.len", "base64.standard_b64decode", "src.colander.Invalid.__init__", "mimetypes.types_map.values"], "re.compile.match.groups": [], "mimetypes.types_map.values": [], "base64.standard_b64decode": [], "src.colander.Range": ["translationstring.TranslationStringFactory"], "src.colander.Range.__init__": [], "src.colander.Range.__call__": ["src.colander.Invalid.__init__", "translationstring.TranslationStringFactory"], "src.colander.Length": ["translationstring.TranslationStringFactory"], "src.colander.Length.__init__": [], "src.colander.Length.__call__": ["src.colander.Invalid.__init__", "<builtin>.len", "translationstring.TranslationStringFactory"], "src.colander.OneOf": ["translationstring.TranslationStringFactory"], "src.colander.OneOf.__init__": [], "src.colander.OneOf.__call__": ["src.colander.Invalid.__init__", "translationstring.TranslationStringFactory"], "src.colander.NoneOf": ["translationstring.TranslationStringFactory"], "src.colander.NoneOf.__init__": [], "src.colander.NoneOf.__call__": ["src.colander.Invalid.__init__", "translationstring.TranslationStringFactory"], "src.colander.ContainsOnly": ["translationstring.TranslationStringFactory"], "src.colander.ContainsOnly.__init__": [], "src.colander.ContainsOnly.__call__": ["<builtin>.set", "translationstring.TranslationStringFactory", "src.colander.Invalid.__init__"], "<builtin>.set": [], "src.colander.luhnok": ["src.colander.Invalid.__init__", "src.colander._luhnok", "translationstring.TranslationStringFactory"], "src.colander._luhnok": ["<builtin>.len", "<builtin>.int", "<builtin>.range"], "<builtin>.range": [], "<builtin>.int": [], "src.colander._make_url_regex_src": [], "src.colander.SchemaType.flatten": [], "src.colander.SchemaType.unflatten": [], "src.colander.SchemaType.set_value": ["<builtin>.AssertionError"], "<builtin>.AssertionError": [], "src.colander.SchemaType.get_value": ["<builtin>.AssertionError"], "src.colander.SchemaType.cstruct_children": [], "src.colander.Mapping.__init__": [], "src.colander.Mapping._set_unknown": ["<builtin>.ValueError"], "src.colander.Mapping._get_unknown": [], "<builtin>.property": [], "src.colander.Mapping": ["<builtin>.property"], "src.colander.Mapping._validate": ["<builtin>.dict", "<builtin>.TypeError", "src.colander.Invalid.__init__", "<builtin>.hasattr", "translationstring.TranslationStringFactory"], "<builtin>.dict": [], "<builtin>.TypeError": [], "src.colander.Mapping.cstruct_children": ["src.colander.Mapping._validate"], "src.colander.Mapping._impl": ["copy.deepcopy", "<builtin>.getattr", "src.colander.Mapping.serialize.callback", "src.colander.Mapping.deserialize.callback", "src.colander.Invalid.add", "<builtin>.enumerate", "src.colander.UnsupportedFields.__init__", "src.colander.Invalid.__init__", "src.colander.Mapping._validate", "translationstring.TranslationStringFactory"], "<builtin>.getattr": [], "src.colander.Mapping.serialize.callback": [], "src.colander.Mapping.deserialize.callback": [], "copy.deepcopy": [], "src.colander.Mapping.serialize": ["src.colander.Mapping._impl"], "src.colander.Mapping.deserialize": ["src.colander.Mapping._impl"], "src.colander.Mapping.flatten": [], "src.colander.Mapping.unflatten": ["src.colander._unflatten_mapping"], "src.colander._unflatten_mapping": ["<builtin>.len", "src.colander.Sequence.unflatten.get_child", "src.colander.Sequence.unflatten.rewrite_subpath"], "src.colander.Mapping.set_value": [], "src.colander.Mapping.get_value": [], "src.colander.Tuple._validate": ["<builtin>.list", "<builtin>.len", "src.colander.Invalid.__init__", "<builtin>.hasattr", "translationstring.TranslationStringFactory"], "src.colander.Tuple.cstruct_children": ["<builtin>.len", "<builtin>.list"], "src.colander.Tuple._impl": ["src.colander.Tuple.serialize.callback", "src.colander.Tuple._validate", "src.colander.Invalid.add", "<builtin>.enumerate", "src.colander.Tuple.deserialize.callback", "<builtin>.tuple", "src.colander.Invalid.__init__"], "src.colander.Tuple.serialize.callback": [], "src.colander.Tuple.deserialize.callback": [], "src.colander.Tuple.serialize": ["src.colander.Tuple._impl"], "src.colander.Tuple.deserialize": ["src.colander.Tuple._impl"], "src.colander.Tuple.flatten": ["<builtin>.enumerate"], "src.colander.Tuple.unflatten": ["src.colander._unflatten_mapping", "<builtin>.tuple"], "src.colander.Tuple.set_value": ["<builtin>.enumerate", "<builtin>.tuple", "<builtin>.list"], "src.colander.Tuple.get_value": ["<builtin>.enumerate"], "src.colander.Set.serialize": [], "src.colander.Set.deserialize": ["src.colander.Invalid.__init__", "<builtin>.set", "translationstring.TranslationStringFactory", "src.colander.is_nonstr_iter"], "src.colander.List.serialize": [], "src.colander.List.deserialize": ["src.colander.Invalid.__init__", "<builtin>.list", "translationstring.TranslationStringFactory", "src.colander.is_nonstr_iter"], "src.colander.Sequence.__init__": [], "src.colander.Sequence._validate": ["<builtin>.list", "<builtin>.isinstance", "src.colander.Invalid.__init__", "<builtin>.hasattr", "translationstring.TranslationStringFactory"], "src.colander.Sequence.cstruct_children": [], "src.colander.Sequence._impl": ["<builtin>.getattr", "src.colander.Sequence._validate", "src.colander.Invalid.__init__", "<builtin>.enumerate", "src.colander.Invalid.add", "src.colander.Sequence.deserialize.callback", "src.colander.Sequence.serialize.callback"], "src.colander.Sequence.serialize.callback": [], "src.colander.Sequence.deserialize.callback": [], "src.colander.Sequence.serialize": ["src.colander.Sequence._impl"], "src.colander.Sequence.deserialize": ["src.colander.Sequence._impl"], "src.colander.Sequence.flatten": ["<builtin>.enumerate"], "src.colander.Sequence.unflatten": ["src.colander._unflatten_mapping", "<builtin>.str", "<builtin>.len", "<builtin>.range"], "src.colander.Sequence.unflatten.get_child": [], "src.colander.Sequence.unflatten.rewrite_subpath": [], "src.colander.Sequence.set_value": ["<builtin>.int"], "src.colander.Sequence.get_value": ["<builtin>.int"], "src.colander.String.__init__": [], "src.colander.String.serialize": ["<builtin>.isinstance", "<builtin>.str", "translationstring.TranslationStringFactory", "src.colander.Invalid.__init__"], "src.colander.String.deserialize": ["<builtin>.isinstance", "<builtin>.str", "src.colander.Invalid.__init__", "translationstring.TranslationStringFactory"], "src.colander.Number.serialize": ["src.colander.Invalid.__init__", "<builtin>.str", "translationstring.TranslationStringFactory", "src.colander.Integer.__init__._strict_int"], "src.colander.Integer.__init__._strict_int": ["<builtin>.float", "<builtin>.int", "<builtin>.ValueError"], "src.colander.Number.deserialize": ["src.colander.Invalid.__init__", "translationstring.TranslationStringFactory", "src.colander.Integer.__init__._strict_int"], "src.colander.Integer.__init__": ["<builtin>.super"], "<builtin>.float": [], "src.colander.Decimal.__init__": ["decimal.Decimal"], "decimal.Decimal": [], "src.colander.Decimal.num": ["decimal.Decimal.quantize.normalize", "decimal.Decimal.normalize.quantize", "decimal.Decimal.normalize", "<builtin>.str", "decimal.Decimal", "decimal.Decimal.quantize"], "decimal.Decimal.normalize.quantize": [], "decimal.Decimal.quantize": [], "decimal.Decimal.quantize.normalize": [], "decimal.Decimal.normalize": [], "src.colander.Money.__init__": ["<builtin>.super", "decimal.Decimal"], "src.colander.Boolean.__init__": ["<builtin>.repr"], "<builtin>.repr": [], "src.colander.Boolean.serialize": [], "src.colander.Boolean.deserialize": ["src.colander.Invalid.__init__", "<builtin>.str", "translationstring.TranslationStringFactory"], "src.colander.GlobalObject.__init__": [], "src.colander.GlobalObject._pkg_resources_style": ["src.colander.Invalid.__init__", "src.colander.GlobalObject._zope_dottedname_style", "translationstring.TranslationStringFactory"], "src.colander.GlobalObject._zope_dottedname_style": ["src.colander.Invalid.__init__", "<builtin>.getattr", "translationstring.TranslationStringFactory", "<builtin>.__import__"], "<builtin>.__import__": [], "src.colander.GlobalObject.serialize": ["<builtin>.isinstance", "translationstring.TranslationStringFactory", "src.colander.Invalid.__init__"], "src.colander.GlobalObject.deserialize": ["src.colander.GlobalObject._zope_dottedname_style", "src.colander.GlobalObject._pkg_resources_style", "<builtin>.isinstance", "src.colander.Invalid.__init__", "translationstring.TranslationStringFactory"], "src.colander.DateTime": ["translationstring.TranslationStringFactory"], "src.colander.DateTime.__init__": [], "src.colander.DateTime.serialize": ["<builtin>.type", "<builtin>.isinstance", "src.colander.Invalid.__init__", "datetime.datetime.combine", "datetime.time", "translationstring.TranslationStringFactory"], "<builtin>.type": [], "datetime.time": [], "datetime.datetime.combine": [], "src.colander.DateTime.deserialize": ["iso8601.iso8601.parse_date.replace", "datetime.datetime.strptime", "iso8601.iso8601.parse_date", "src.colander.Invalid.__init__", "translationstring.TranslationStringFactory"], "datetime.datetime.strptime": [], "iso8601.iso8601.parse_date.replace": [], "iso8601.iso8601.parse_date": [], "src.colander.Date": ["translationstring.TranslationStringFactory"], "src.colander.Date.__init__": [], "src.colander.Date.serialize": ["<builtin>.isinstance", "translationstring.TranslationStringFactory", "src.colander.Invalid.__init__"], "src.colander.Date.deserialize": ["iso8601.iso8601.parse_date.date", "datetime.datetime.strptime", "iso8601.iso8601.parse_date", "src.colander.Invalid.__init__", "translationstring.TranslationStringFactory"], "iso8601.iso8601.parse_date.date": [], "src.colander.Time": ["translationstring.TranslationStringFactory"], "src.colander.Time.serialize": ["<builtin>.isinstance", "translationstring.TranslationStringFactory", "src.colander.Invalid.__init__"], "src.colander.Time.deserialize": ["iso8601.iso8601.parse_date.time", "datetime.datetime.strptime", "iso8601.iso8601.parse_date", "src.colander.Invalid.__init__", "translationstring.TranslationStringFactory"], "iso8601.iso8601.parse_date.time": [], "src.colander.Enum.__init__": ["src.colander.String.__init__", "<builtin>.ValueError", "<builtin>.getattr"], "src.colander.Enum.serialize": ["<builtin>.isinstance", "<builtin>.getattr", "translationstring.TranslationStringFactory", "src.colander.Invalid.__init__"], "src.colander.Enum.deserialize": ["src.colander.Invalid.__init__", "translationstring.TranslationStringFactory"], "src.colander._add_node_child": ["src.colander._SchemaNode.add_before", "src.colander._SchemaNode.get", "<builtin>.getattr", "src.colander._SchemaNode.add"], "src.colander._SchemaNode.get": [], "src.colander._SchemaNode.add": [], "src.colander._SchemaNode.add_before": ["<builtin>.enumerate", "<builtin>.KeyError", "src.colander._SchemaNode.insert"], "src.colander._add_node_children": ["src.colander._add_node_child"], "itertools.count": [], "src.colander._SchemaNode": ["itertools.count", "translationstring.TranslationStringFactory"], "src.colander._SchemaNode.__new__": ["<builtin>.next", "src.colander._add_node_children"], "<builtin>.next": [], "src.colander._SchemaNode.__init__": ["<builtin>.isinstance", "src.colander._add_node_children", "src.colander._SchemaNode.schema_type"], "src.colander._SchemaNode.schema_type": ["<builtin>.NotImplementedError"], "<builtin>.NotImplementedError": [], "src.colander._SchemaNode.required": ["<builtin>.isinstance"], "src.colander._SchemaNode.serialize": ["<builtin>.isinstance"], "src.colander._SchemaNode.flatten": [], "src.colander._SchemaNode.unflatten": ["<builtin>.sorted"], "<builtin>.sorted": [], "src.colander._SchemaNode.set_value": [], "src.colander._SchemaNode.get_value": [], "src.colander._SchemaNode.deserialize": ["<builtin>.isinstance", "src.colander.Invalid.__init__", "<builtin>.callable", "translationstring.TranslationStringFactory", "src.colander.is_nonstr_iter"], "<builtin>.callable": [], "src.colander._SchemaNode.insert": [], "src.colander._SchemaNode.clone": [], "src.colander._SchemaNode.bind": ["src.colander._SchemaNode.clone"], "src.colander._SchemaNode._bind": ["<builtin>.dir", "<builtin>.getattr", "<builtin>.isinstance", "<builtin>.setattr", "src.colander._add_node_child"], "<builtin>.dir": [], "<builtin>.setattr": [], "src.colander._SchemaNode.cstruct_children": ["warnings.warn", "<builtin>.getattr"], "src.colander._SchemaNode.__delitem__": ["<builtin>.enumerate", "<builtin>.KeyError"], "src.colander._SchemaNode.__getitem__": ["src.colander._SchemaNode.get", "<builtin>.KeyError"], "src.colander._SchemaNode.__setitem__": ["<builtin>.enumerate", "src.colander._SchemaNode.add"], "src.colander._SchemaNode.__iter__": ["<builtin>.iter"], "<builtin>.iter": [], "src.colander._SchemaNode.__contains__": ["src.colander._SchemaNode.get"], "src.colander._SchemaNode.__repr__": ["<builtin>.id"], "<builtin>.id": [], "src.colander._SchemaNode.raise_invalid": ["src.colander.Invalid.__init__"], "src.colander._SchemaMeta.__init__": ["<builtin>.isinstance", "<builtin>.reversed", "<builtin>.delattr", "<builtin>.getattr"], "<builtin>.delattr": [], "src.colander._SchemaMeta.__init__.<lambda1>": [], "<builtin>.reversed": [], "src.colander.SequenceSchema.__init__": ["src.colander.Invalid.__init__", "<builtin>.len", "src.colander._SchemaMeta.__init__"], "src.colander.SequenceSchema.clone": [], "src.colander.deferred.__init__": ["functools.update_wrapper"], "functools.update_wrapper": [], "src.colander.deferred.__call__": [], "src.colander._unflatten_mapping.rewrite_subpath": [], "src.colander.instantiate.__init__": [], "src.colander.instantiate.__call__": [], "src.colander.interfaces": [], "src.colander.interfaces.Preparer": [], "src.colander.interfaces.Validator": [], "src.colander.interfaces.Type.serialize": [], "src.colander.interfaces.Type.deserialize": []}