{"docs._themes.flask_theme_support": [], "docs.conf": ["os.path.abspath", "sys.path.insert"], "os.path.abspath": [], "sys.path.insert": [], "requests": ["requests.check_compatibility", "warnings.simplefilter", "logging.getLogger", "requests._check_cryptography", "warnings.warn", "logging.NullHandler", "logging.getLogger.addHandler", "urllib3.contrib.pyopenssl.inject_into_urllib3", "<builtin>.getattr"], "requests.check_compatibility": ["urllib3.__version__.split", "urllib3.__version__.append", "charset_normalizer.__version__.split", "<builtin>.len", "<builtin>.Exception", "<builtin>.int", "urllib3.__version__.split.append", "chardet.__version__.split"], "urllib3.__version__.split": [], "<builtin>.len": [], "urllib3.__version__.split.append": [], "urllib3.__version__.append": [], "<builtin>.int": [], "chardet.__version__.split": [], "charset_normalizer.__version__.split": [], "<builtin>.Exception": [], "requests._check_cryptography": ["warnings.warn", "<builtin>.list", "<builtin>.map", "cryptography.__version__.split"], "cryptography.__version__.split": [], "<builtin>.map": [], "<builtin>.list": [], "warnings.warn": [], "<builtin>.getattr": [], "urllib3.contrib.pyopenssl.inject_into_urllib3": [], "warnings.simplefilter": [], "logging.NullHandler": [], "logging.getLogger": [], "logging.getLogger.addHandler": [], "requests.utils": ["urllib3.util.make_headers", "re.split", "requests.certs.where", "<builtin>.frozenset", "contextlib.contextmanager"], "requests.certs.where": [], "urllib3.util.make_headers": [], "re.split": [], "requests.utils.proxy_bypass_registry": ["winreg.QueryValueEx", "<builtin>.int", "winreg.OpenKey", "re.match"], "winreg.OpenKey": [], "winreg.QueryValueEx": [], "re.match": [], "requests.utils.proxy_bypass": ["urllib.request.proxy_bypass_environment", "requests.utils.proxy_bypass_registry", "urllib.request.getproxies_environment"], "urllib.request.getproxies_environment": [], "urllib.request.proxy_bypass_environment": [], "requests.utils.dict_to_sequence": ["<builtin>.hasattr"], "<builtin>.hasattr": [], "requests.utils.super_len": ["urllib.parse.urlunparse.seek", "urllib.parse.quote.decode.lstrip.upper.encode.tell", "json.dumps.encode.seek", "urllib.parse.urlparse._replace.geturl.upper.encode.fileno", "warnings.warn", "json.dumps.encode.tell", "urllib.parse.quote.decode.tell", "urllib.parse.quote.lstrip.decode.upper.encode.seek", "urllib.parse.urlunparse.decode.encode.fileno", "urllib.parse.quote.upper.decode.encode.fileno", "urllib.parse.urlparse.geturl.decode.upper.encode.seek", "simplejson.dumps.encode.seek", "urllib.parse.quote.lstrip.decode.seek", "urllib.parse.urlunparse.upper.decode.encode.tell", "urllib.parse.urlunparse.upper.decode.fileno", "urllib.parse.quote.decode.lstrip.upper.encode.fileno", "urllib.parse.urlunparse.decode.tell", "urllib.parse.urljoin.decode.upper.tell", "collections.abc.MutableMapping.fileno", "base64.b64encode.strip.fileno", "collections.abc.MutableMapping.upper.encode.tell", "urllib.parse.urljoin.encode.tell", "urllib.parse.quote.lstrip.fileno", "urllib.parse.urlparse.geturl.decode.upper.encode.fileno", "urllib.parse.quote.decode.encode.tell", "collections.abc.MutableMapping.decode.upper.encode.tell", "urllib.parse.urlunparse.decode.upper.fileno", "collections.abc.MutableMapping.decode.upper.seek", "urllib.parse.urlparse._replace.geturl.upper.decode.tell", "collections.abc.MutableMapping.decode.upper.encode.seek", "urllib.parse.urlparse.geturl.upper.fileno", "urllib.parse.quote.seek", "urllib.parse.quote.encode.fileno", "collections.abc.MutableMapping.decode.tell", "urllib.parse.urljoin.decode.upper.seek", "urllib.parse.quote.lstrip.upper.tell", "urllib.parse.urlparse.geturl.upper.decode.encode.seek", "urllib.parse.urljoin.decode.seek", "urllib.parse.urlparse._replace.geturl.decode.encode.fileno", "urllib.parse.quote.upper.decode.fileno", "urllib.parse.urljoin.upper.decode.fileno", "collections.abc.MutableMapping.tell", "urllib.parse.urlparse.geturl.upper.encode.fileno", "urllib.parse.urljoin.encode.seek", "collections.abc.MutableMapping.upper.decode.fileno", "urllib.parse.quote.lstrip.upper.encode.fileno", "urllib.parse.quote.lstrip.upper.decode.encode.seek", "urllib.parse.urlunparse.decode.encode.tell", "base64.b64encode.strip.upper.decode.tell", "urllib.parse.urljoin.decode.fileno", "collections.abc.MutableMapping.upper.fileno", "urllib.parse.urlparse._replace.geturl.decode.seek", "urllib.parse.urlparse._replace.geturl.decode.upper.encode.tell", "urllib.parse.urlparse.geturl.decode.upper.seek", "urllib.parse.quote.lstrip.upper.encode.tell", "urllib.parse.quote.lstrip.decode.tell", "urllib.parse.urlparse.geturl.decode.encode.tell", "urllib.parse.urlunparse.encode.tell", "urllib.parse.urljoin.upper.decode.seek", "urllib.parse.urlparse._replace.geturl.encode.seek", "urllib.parse.quote.decode.lstrip.encode.fileno", "urllib.parse.urlunparse.upper.encode.tell", "urllib.parse.urlparse._replace.geturl.decode.encode.tell", "urllib.parse.urlparse.geturl.decode.upper.tell", "collections.abc.MutableMapping.decode.encode.seek", "base64.b64encode.strip.tell", "urllib.parse.quote.upper.fileno", "collections.abc.MutableMapping.upper.encode.seek", "urllib.parse.quote.upper.tell", "urllib.parse.urlparse._replace.geturl.fileno", "urllib.parse.urlparse.geturl.decode.upper.fileno", "urllib.parse.urljoin.upper.decode.tell", "urllib.parse.urljoin.upper.decode.encode.fileno", "urllib.parse.urlparse.geturl.upper.encode.tell", "urllib.parse.urlparse._replace.geturl.upper.decode.encode.fileno", "urllib.parse.quote.encode.seek", "urllib.parse.quote.lstrip.upper.decode.seek", "urllib.parse.quote.lstrip.decode.upper.encode.fileno", "base64.b64encode.strip.upper.decode.seek", "urllib.parse.quote.lstrip.decode.upper.fileno", "urllib.parse.quote.upper.encode.fileno", "urllib.parse.urlunparse.decode.upper.encode.seek", "urllib.parse.urlparse._replace.geturl.decode.tell", "urllib.parse.urlparse.geturl.upper.tell", "simplejson.dumps.encode.tell", "urllib.parse.urljoin.decode.upper.encode.fileno", "collections.abc.MutableMapping.upper.decode.encode.tell", "urllib.parse.urlparse._replace.geturl.tell", "urllib.parse.urlparse.geturl.upper.decode.encode.fileno", "urllib.parse.quote.decode.lstrip.upper.seek", "urllib.parse.quote.lstrip.upper.decode.encode.fileno", "urllib.parse.urlparse.geturl.upper.decode.tell", "urllib.parse.urlparse.geturl.upper.decode.encode.tell", "urllib.parse.quote.lstrip.upper.seek", "simplejson.dumps.tell", "urllib.parse.quote.lstrip.upper.encode.seek", "urllib.parse.urlparse.geturl.decode.upper.encode.tell", "urllib.parse.urljoin.decode.upper.fileno", "urllib.parse.urlparse._replace.geturl.upper.decode.seek", "urllib.parse.urlparse.geturl.decode.seek", "urllib.parse.urlparse.geturl.fileno", "urllib.parse.urlunparse.upper.decode.seek", "urllib.parse.urlparse._replace.geturl.upper.encode.tell", "urllib.parse.urljoin.upper.decode.encode.seek", "urllib.parse.quote.decode.lstrip.encode.tell", "collections.abc.MutableMapping.upper.tell", "urllib.parse.quote.tell", "urllib.parse.urlparse.geturl.tell", "urllib.parse.quote.decode.upper.seek", "collections.abc.MutableMapping.decode.upper.tell", "urllib.parse.quote.decode.lstrip.seek", "collections.abc.MutableMapping.upper.decode.encode.seek", "base64.b64encode.strip.upper.fileno", "collections.abc.MutableMapping.upper.seek", "urllib.parse.urljoin.fileno", "urllib.parse.urljoin.upper.encode.seek", "simplejson.dumps.fileno", "urllib.parse.urljoin.upper.decode.encode.tell", "urllib.parse.urlparse.geturl.upper.seek", "urllib.parse.urljoin.decode.encode.tell", "urllib.parse.urlparse.geturl.decode.tell", "urllib.parse.urljoin.upper.encode.fileno", "urllib.parse.urljoin.seek", "urllib.parse.urljoin.encode.fileno", "collections.abc.MutableMapping.encode.tell", "urllib.parse.urlencode.fileno", "urllib.parse.urlunparse.tell", "urllib.parse.urlparse._replace.geturl.decode.upper.encode.seek", "urllib.parse.urlparse.geturl.upper.decode.seek", "urllib.parse.quote.lstrip.encode.fileno", "urllib.parse.quote.lstrip.decode.encode.seek", "urllib.parse.quote.decode.lstrip.upper.tell", "<builtin>.len", "os.fstat", "urllib.parse.quote.lstrip.decode.upper.encode.tell", "urllib.parse.urlparse.geturl.seek", "collections.abc.MutableMapping.encode.fileno", "urllib.parse.urljoin.upper.encode.tell", "collections.abc.MutableMapping.upper.decode.seek", "urllib.parse.quote.decode.upper.fileno", "urllib.parse.urljoin.decode.upper.encode.seek", "urllib.parse.quote.upper.encode.seek", "urllib.parse.urlunparse.upper.fileno", "base64.b64encode.strip.upper.seek", "urllib.parse.urlencode.seek", "urllib.parse.urlparse._replace.geturl.decode.upper.tell", "base64.b64encode.strip.decode.fileno", "urllib.parse.quote.upper.decode.seek", "urllib.parse.quote.lstrip.encode.seek", "urllib.parse.urlparse.geturl.decode.encode.seek", "urllib.parse.urlparse._replace.geturl.upper.decode.fileno", "urllib.parse.quote.decode.lstrip.upper.fileno", "urllib.parse.quote.decode.upper.encode.tell", "urllib.parse.urljoin.decode.encode.seek", "collections.abc.MutableMapping.decode.upper.encode.fileno", "urllib.parse.quote.lstrip.decode.fileno", "simplejson.dumps.encode.fileno", "urllib.parse.urlunparse.upper.encode.fileno", "urllib.parse.urlparse._replace.geturl.decode.upper.seek", "urllib.parse.urlunparse.upper.decode.encode.seek", "urllib.parse.urlunparse.encode.fileno", "urllib.parse.quote.upper.seek", "json.dumps.fileno", "urllib.parse.quote.decode.seek", "urllib.parse.urlparse._replace.geturl.upper.decode.encode.seek", "urllib.parse.urlparse.geturl.upper.encode.seek", "<builtin>.max", "urllib.parse.quote.decode.upper.encode.fileno", "urllib.parse.urlunparse.upper.encode.seek", "urllib.parse.quote.decode.encode.fileno", "urllib.parse.quote.lstrip.upper.decode.fileno", "urllib.parse.urlparse.geturl.decode.encode.fileno", "urllib.parse.urlparse._replace.geturl.decode.fileno", "urllib.parse.quote.upper.decode.tell", "urllib.parse.urlparse._replace.geturl.encode.tell", "urllib.parse.urlunparse.decode.upper.tell", "urllib.parse.urlparse._replace.geturl.decode.upper.encode.fileno", "urllib.parse.urlunparse.fileno", "urllib.parse.quote.decode.fileno", "urllib.parse.urlparse.geturl.encode.fileno", "base64.b64encode.strip.upper.decode.fileno", "urllib.parse.urlunparse.upper.decode.encode.fileno", "<builtin>.hasattr", "urllib.parse.urlunparse.encode.seek", "urllib.parse.urljoin.upper.seek", "urllib.parse.urlparse._replace.geturl.upper.encode.seek", "urllib.parse.urlunparse.decode.fileno", "collections.abc.MutableMapping.encode.seek", "urllib.parse.urlparse._replace.geturl.encode.fileno", "urllib.parse.quote.lstrip.decode.encode.tell", "urllib.parse.urlparse._replace.geturl.upper.seek", "urllib.parse.urlunparse.upper.seek", "collections.abc.MutableMapping.seek", "base64.b64encode.strip.decode.upper.fileno", "urllib.parse.urlencode.tell", "base64.b64encode.strip.upper.tell", "urllib.parse.quote.decode.lstrip.tell", "urllib.parse.urlparse._replace.geturl.decode.upper.fileno", "urllib.parse.quote.encode.tell", "base64.b64encode.strip.decode.tell", "collections.abc.MutableMapping.decode.seek", "urllib.parse.quote.fileno", "collections.abc.MutableMapping.decode.encode.tell", "base64.b64encode.strip.decode.seek", "urllib.parse.quote.lstrip.encode.tell", "urllib.parse.urlparse.geturl.encode.seek", "urllib.parse.urlunparse.decode.encode.seek", "urllib.parse.quote.decode.lstrip.fileno", "urllib.parse.urlunparse.decode.seek", "urllib.parse.quote.decode.upper.encode.seek", "urllib.parse.urlparse.geturl.encode.tell", "urllib.parse.urljoin.upper.fileno", "simplejson.dumps.seek", "urllib.parse.quote.upper.decode.encode.seek", "collections.abc.MutableMapping.decode.fileno", "base64.b64encode.strip.seek", "urllib.parse.quote.lstrip.tell", "urllib.parse.quote.lstrip.decode.upper.tell", "urllib.parse.urlparse.geturl.decode.fileno", "base64.b64encode.strip.decode.upper.tell", "urllib.parse.quote.upper.decode.encode.tell", "urllib.parse.urljoin.decode.encode.fileno", "urllib.parse.urlunparse.upper.tell", "collections.abc.MutableMapping.decode.encode.fileno", "urllib.parse.urljoin.decode.tell", "urllib.parse.urljoin.decode.upper.encode.tell", "urllib.parse.urlunparse.decode.upper.encode.tell", "urllib.parse.quote.lstrip.seek", "collections.abc.MutableMapping.decode.upper.fileno", "json.dumps.tell", "urllib.parse.urlunparse.decode.upper.encode.fileno", "urllib.parse.urlunparse.upper.decode.tell", "urllib.parse.quote.lstrip.decode.upper.seek", "urllib.parse.quote.lstrip.upper.decode.tell", "urllib.parse.urlparse._replace.geturl.upper.fileno", "urllib.parse.urlparse._replace.geturl.decode.encode.seek", "json.dumps.seek", "collections.abc.MutableMapping.upper.decode.tell", "urllib.parse.quote.lstrip.decode.encode.fileno", "urllib.parse.urljoin.upper.tell", "urllib.parse.quote.upper.encode.tell", "collections.abc.MutableMapping.upper.encode.fileno", "urllib.parse.urlunparse.decode.upper.seek", "urllib.parse.quote.decode.lstrip.upper.encode.seek", "urllib.parse.quote.decode.upper.tell", "urllib.parse.quote.decode.encode.seek", "urllib.parse.quote.decode.lstrip.encode.seek", "urllib.parse.urlparse._replace.geturl.upper.decode.encode.tell", "urllib.parse.urlparse._replace.geturl.seek", "urllib.parse.urlparse._replace.geturl.upper.tell", "urllib.parse.quote.lstrip.upper.decode.encode.tell", "base64.b64encode.strip.decode.upper.seek", "urllib.parse.quote.lstrip.upper.fileno", "json.dumps.encode.fileno", "urllib.parse.urljoin.tell", "urllib.parse.urlparse.geturl.upper.decode.fileno", "collections.abc.MutableMapping.upper.decode.encode.fileno"], "urllib.parse.urlparse._replace.geturl.upper.encode.fileno": [], "urllib.parse.urlunparse.upper.fileno": [], "base64.b64encode.strip.decode.fileno": [], "urllib.parse.urlunparse.decode.encode.fileno": [], "urllib.parse.quote.upper.decode.encode.fileno": [], "urllib.parse.urlparse._replace.geturl.upper.decode.fileno": [], "urllib.parse.quote.decode.lstrip.upper.fileno": [], "urllib.parse.urlunparse.upper.decode.fileno": [], "urllib.parse.quote.decode.lstrip.upper.encode.fileno": [], "collections.abc.MutableMapping.decode.upper.encode.fileno": [], "collections.abc.MutableMapping.fileno": [], "base64.b64encode.strip.fileno": [], "urllib.parse.quote.lstrip.decode.fileno": [], "simplejson.dumps.encode.fileno": [], "urllib.parse.quote.lstrip.fileno": [], "urllib.parse.urlunparse.upper.encode.fileno": [], "urllib.parse.urlparse.geturl.decode.upper.encode.fileno": [], "urllib.parse.urlunparse.decode.upper.fileno": [], "urllib.parse.urlunparse.encode.fileno": [], "urllib.parse.urlparse.geturl.upper.fileno": [], "json.dumps.fileno": [], "urllib.parse.quote.decode.upper.encode.fileno": [], "urllib.parse.quote.decode.encode.fileno": [], "urllib.parse.quote.encode.fileno": [], "urllib.parse.quote.lstrip.upper.decode.fileno": [], "urllib.parse.urlparse.geturl.decode.encode.fileno": [], "urllib.parse.urlparse._replace.geturl.decode.fileno": [], "urllib.parse.urlparse._replace.geturl.decode.encode.fileno": [], "urllib.parse.quote.upper.decode.fileno": [], "urllib.parse.urlparse._replace.geturl.decode.upper.encode.fileno": [], "urllib.parse.urljoin.upper.decode.fileno": [], "urllib.parse.urlparse.geturl.upper.encode.fileno": [], "urllib.parse.urlunparse.fileno": [], "urllib.parse.quote.decode.fileno": [], "urllib.parse.urlparse.geturl.encode.fileno": [], "base64.b64encode.strip.upper.decode.fileno": [], "urllib.parse.urlunparse.upper.decode.encode.fileno": [], "collections.abc.MutableMapping.upper.decode.fileno": [], "urllib.parse.quote.lstrip.upper.encode.fileno": [], "urllib.parse.urlunparse.decode.fileno": [], "urllib.parse.urlparse._replace.geturl.encode.fileno": [], "urllib.parse.urljoin.decode.fileno": [], "collections.abc.MutableMapping.upper.fileno": [], "base64.b64encode.strip.decode.upper.fileno": [], "urllib.parse.urlparse._replace.geturl.decode.upper.fileno": [], "urllib.parse.quote.decode.lstrip.encode.fileno": [], "urllib.parse.quote.fileno": [], "urllib.parse.quote.upper.fileno": [], "urllib.parse.quote.decode.lstrip.fileno": [], "urllib.parse.urlparse._replace.geturl.fileno": [], "urllib.parse.urlparse.geturl.decode.upper.fileno": [], "urllib.parse.urljoin.upper.decode.encode.fileno": [], "urllib.parse.urlparse._replace.geturl.upper.decode.encode.fileno": [], "urllib.parse.urljoin.upper.fileno": [], "urllib.parse.quote.lstrip.decode.upper.encode.fileno": [], "collections.abc.MutableMapping.decode.fileno": [], "urllib.parse.quote.lstrip.decode.upper.fileno": [], "urllib.parse.quote.upper.encode.fileno": [], "urllib.parse.urlparse.geturl.decode.fileno": [], "urllib.parse.urljoin.decode.encode.fileno": [], "collections.abc.MutableMapping.decode.encode.fileno": [], "urllib.parse.urljoin.decode.upper.encode.fileno": [], "urllib.parse.urlparse.geturl.upper.decode.encode.fileno": [], "urllib.parse.quote.lstrip.upper.decode.encode.fileno": [], "collections.abc.MutableMapping.decode.upper.fileno": [], "urllib.parse.urlunparse.decode.upper.encode.fileno": [], "urllib.parse.urljoin.decode.upper.fileno": [], "urllib.parse.urlparse.geturl.fileno": [], "urllib.parse.urlparse._replace.geturl.upper.fileno": [], "urllib.parse.quote.lstrip.decode.encode.fileno": [], "collections.abc.MutableMapping.upper.encode.fileno": [], "base64.b64encode.strip.upper.fileno": [], "urllib.parse.urljoin.fileno": [], "simplejson.dumps.fileno": [], "urllib.parse.urljoin.upper.encode.fileno": [], "urllib.parse.urljoin.encode.fileno": [], "urllib.parse.urlencode.fileno": [], "urllib.parse.quote.lstrip.encode.fileno": [], "urllib.parse.quote.lstrip.upper.fileno": [], "json.dumps.encode.fileno": [], "collections.abc.MutableMapping.encode.fileno": [], "urllib.parse.urlparse.geturl.upper.decode.fileno": [], "collections.abc.MutableMapping.upper.decode.encode.fileno": [], "urllib.parse.quote.decode.upper.fileno": [], "os.fstat": [], "urllib.parse.quote.decode.lstrip.upper.encode.tell": [], "json.dumps.encode.tell": [], "urllib.parse.urlparse._replace.geturl.decode.upper.tell": [], "urllib.parse.quote.decode.tell": [], "urllib.parse.urlunparse.upper.decode.encode.tell": [], "urllib.parse.quote.decode.upper.encode.tell": [], "urllib.parse.urlunparse.decode.tell": [], "urllib.parse.urljoin.decode.upper.tell": [], "collections.abc.MutableMapping.upper.encode.tell": [], "urllib.parse.urljoin.encode.tell": [], "urllib.parse.quote.decode.encode.tell": [], "collections.abc.MutableMapping.decode.upper.encode.tell": [], "urllib.parse.urlparse._replace.geturl.upper.decode.tell": [], "collections.abc.MutableMapping.decode.tell": [], "urllib.parse.quote.lstrip.upper.tell": [], "urllib.parse.quote.upper.decode.tell": [], "urllib.parse.urlparse._replace.geturl.encode.tell": [], "urllib.parse.urlunparse.decode.upper.tell": [], "collections.abc.MutableMapping.tell": [], "urllib.parse.urlunparse.decode.encode.tell": [], "urllib.parse.quote.lstrip.decode.encode.tell": [], "base64.b64encode.strip.upper.decode.tell": [], "urllib.parse.urlparse._replace.geturl.decode.upper.encode.tell": [], "urllib.parse.urlencode.tell": [], "urllib.parse.quote.lstrip.upper.encode.tell": [], "base64.b64encode.strip.upper.tell": [], "urllib.parse.quote.lstrip.decode.tell": [], "urllib.parse.quote.decode.lstrip.tell": [], "urllib.parse.urlparse.geturl.decode.encode.tell": [], "urllib.parse.urlunparse.encode.tell": [], "urllib.parse.quote.encode.tell": [], "base64.b64encode.strip.decode.tell": [], "urllib.parse.urlunparse.upper.encode.tell": [], "collections.abc.MutableMapping.decode.encode.tell": [], "urllib.parse.urlparse._replace.geturl.decode.encode.tell": [], "urllib.parse.quote.lstrip.encode.tell": [], "base64.b64encode.strip.tell": [], "urllib.parse.quote.upper.tell": [], "urllib.parse.urljoin.upper.decode.tell": [], "urllib.parse.urlparse.geturl.upper.encode.tell": [], "urllib.parse.urlparse.geturl.encode.tell": [], "urllib.parse.quote.lstrip.tell": [], "urllib.parse.quote.lstrip.decode.upper.tell": [], "urllib.parse.urlparse._replace.geturl.decode.tell": [], "urllib.parse.urlparse.geturl.upper.tell": [], "simplejson.dumps.encode.tell": [], "base64.b64encode.strip.decode.upper.tell": [], "urllib.parse.urlunparse.upper.tell": [], "urllib.parse.quote.upper.decode.encode.tell": [], "collections.abc.MutableMapping.upper.decode.encode.tell": [], "urllib.parse.urljoin.decode.tell": [], "urllib.parse.urljoin.decode.upper.encode.tell": [], "urllib.parse.urlparse._replace.geturl.tell": [], "urllib.parse.urlunparse.decode.upper.encode.tell": [], "urllib.parse.urlparse.geturl.upper.decode.tell": [], "urllib.parse.urlparse.geturl.upper.decode.encode.tell": [], "json.dumps.tell": [], "simplejson.dumps.tell": [], "urllib.parse.urlparse.geturl.decode.upper.encode.tell": [], "urllib.parse.urlunparse.upper.decode.tell": [], "urllib.parse.urlparse._replace.geturl.upper.encode.tell": [], "urllib.parse.quote.lstrip.upper.decode.tell": [], "urllib.parse.quote.decode.lstrip.encode.tell": [], "collections.abc.MutableMapping.upper.decode.tell": [], "collections.abc.MutableMapping.upper.tell": [], "urllib.parse.urljoin.upper.tell": [], "urllib.parse.quote.upper.encode.tell": [], "urllib.parse.quote.tell": [], "urllib.parse.urlparse.geturl.tell": [], "collections.abc.MutableMapping.decode.upper.tell": [], "urllib.parse.quote.decode.upper.tell": [], "urllib.parse.urljoin.upper.decode.encode.tell": [], "urllib.parse.urljoin.decode.encode.tell": [], "urllib.parse.urlparse.geturl.decode.tell": [], "urllib.parse.urlparse._replace.geturl.upper.decode.encode.tell": [], "collections.abc.MutableMapping.encode.tell": [], "urllib.parse.urlunparse.tell": [], "urllib.parse.urlparse._replace.geturl.upper.tell": [], "urllib.parse.quote.lstrip.upper.decode.encode.tell": [], "urllib.parse.urljoin.tell": [], "urllib.parse.quote.decode.lstrip.upper.tell": [], "urllib.parse.quote.lstrip.decode.upper.encode.tell": [], "urllib.parse.urljoin.upper.encode.tell": [], "urllib.parse.urlparse.geturl.decode.upper.tell": [], "urllib.parse.urlunparse.seek": [], "urllib.parse.urljoin.decode.upper.encode.seek": [], "json.dumps.encode.seek": [], "urllib.parse.quote.upper.encode.seek": [], "base64.b64encode.strip.upper.seek": [], "urllib.parse.urlencode.seek": [], "urllib.parse.quote.lstrip.decode.upper.encode.seek": [], "urllib.parse.quote.upper.decode.seek": [], "urllib.parse.quote.lstrip.encode.seek": [], "urllib.parse.urlparse.geturl.decode.upper.encode.seek": [], "simplejson.dumps.encode.seek": [], "urllib.parse.urlparse.geturl.decode.encode.seek": [], "urllib.parse.quote.lstrip.decode.seek": [], "urllib.parse.urljoin.decode.encode.seek": [], "urllib.parse.urlparse._replace.geturl.decode.upper.seek": [], "urllib.parse.urlunparse.upper.decode.encode.seek": [], "collections.abc.MutableMapping.decode.upper.seek": [], "collections.abc.MutableMapping.decode.upper.encode.seek": [], "urllib.parse.quote.upper.seek": [], "urllib.parse.quote.decode.seek": [], "urllib.parse.urlparse._replace.geturl.upper.decode.encode.seek": [], "urllib.parse.urlparse.geturl.upper.encode.seek": [], "urllib.parse.urlunparse.upper.encode.seek": [], "urllib.parse.quote.seek": [], "urllib.parse.urljoin.decode.upper.seek": [], "urllib.parse.urlparse.geturl.upper.decode.encode.seek": [], "urllib.parse.urljoin.decode.seek": [], "urllib.parse.urljoin.encode.seek": [], "urllib.parse.urlunparse.encode.seek": [], "urllib.parse.urljoin.upper.seek": [], "urllib.parse.quote.lstrip.upper.decode.encode.seek": [], "urllib.parse.urlparse._replace.geturl.upper.encode.seek": [], "collections.abc.MutableMapping.encode.seek": [], "urllib.parse.urlparse._replace.geturl.upper.seek": [], "urllib.parse.urlunparse.upper.seek": [], "collections.abc.MutableMapping.seek": [], "urllib.parse.urlparse._replace.geturl.decode.seek": [], "urllib.parse.urlparse.geturl.decode.upper.seek": [], "urllib.parse.urljoin.upper.decode.seek": [], "urllib.parse.urlparse._replace.geturl.encode.seek": [], "collections.abc.MutableMapping.decode.seek": [], "base64.b64encode.strip.decode.seek": [], "urllib.parse.urlparse.geturl.encode.seek": [], "collections.abc.MutableMapping.decode.encode.seek": [], "urllib.parse.urlunparse.decode.encode.seek": [], "collections.abc.MutableMapping.upper.encode.seek": [], "urllib.parse.urlunparse.decode.seek": [], "urllib.parse.quote.encode.seek": [], "urllib.parse.quote.decode.upper.encode.seek": [], "urllib.parse.quote.lstrip.upper.decode.seek": [], "simplejson.dumps.seek": [], "urllib.parse.quote.upper.decode.encode.seek": [], "base64.b64encode.strip.upper.decode.seek": [], "base64.b64encode.strip.seek": [], "urllib.parse.urlunparse.decode.upper.encode.seek": [], "urllib.parse.quote.decode.lstrip.upper.seek": [], "urllib.parse.quote.lstrip.seek": [], "urllib.parse.quote.lstrip.upper.seek": [], "urllib.parse.quote.lstrip.upper.encode.seek": [], "urllib.parse.urlparse._replace.geturl.upper.decode.seek": [], "urllib.parse.urlparse.geturl.decode.seek": [], "urllib.parse.quote.lstrip.decode.upper.seek": [], "urllib.parse.urlunparse.upper.decode.seek": [], "urllib.parse.urlparse._replace.geturl.decode.encode.seek": [], "json.dumps.seek": [], "urllib.parse.urljoin.upper.decode.encode.seek": [], "urllib.parse.quote.decode.upper.seek": [], "urllib.parse.urlunparse.decode.upper.seek": [], "urllib.parse.quote.decode.lstrip.upper.encode.seek": [], "urllib.parse.quote.decode.lstrip.seek": [], "collections.abc.MutableMapping.upper.decode.encode.seek": [], "collections.abc.MutableMapping.upper.seek": [], "urllib.parse.quote.decode.encode.seek": [], "urllib.parse.urljoin.upper.encode.seek": [], "urllib.parse.quote.decode.lstrip.encode.seek": [], "urllib.parse.urlparse.geturl.upper.seek": [], "urllib.parse.urljoin.seek": [], "urllib.parse.urlparse._replace.geturl.decode.upper.encode.seek": [], "urllib.parse.urlparse._replace.geturl.seek": [], "urllib.parse.urlparse.geturl.upper.decode.seek": [], "urllib.parse.quote.lstrip.decode.encode.seek": [], "urllib.parse.urlparse.geturl.seek": [], "base64.b64encode.strip.decode.upper.seek": [], "collections.abc.MutableMapping.upper.decode.seek": [], "<builtin>.max": [], "requests.utils.get_netrc_auth": ["os.environ.get", "netrc.netrc.authenticators", "urllib.parse.urlparse.netloc.split", "os.path.exists", "netrc.netrc", "urllib.parse.urlparse", "os.path.expanduser", "<builtin>.isinstance"], "os.environ.get": [], "os.path.expanduser": [], "os.path.exists": [], "urllib.parse.urlparse": [], "<builtin>.isinstance": [], "urllib.parse.urlparse.netloc.split": [], "netrc.netrc": [], "netrc.netrc.authenticators": [], "requests.utils.guess_filename": ["<builtin>.getattr", "os.path.basename", "<builtin>.isinstance"], "os.path.basename": [], "requests.utils.extract_zipped_paths": ["os.path.join", "zipfile.ZipFile.read", "zipfile.ZipFile.namelist", "os.path.split", "tempfile.gettempdir", "requests.utils.atomic_open", "os.path.exists", "zipfile.is_zipfile", "zipfile.ZipFile"], "os.path.split": [], "zipfile.is_zipfile": [], "zipfile.ZipFile": [], "zipfile.ZipFile.namelist": [], "tempfile.gettempdir": [], "os.path.join": [], "requests.utils.atomic_open": ["os.remove", "os.path.dirname", "os.replace", "tempfile.mkstemp", "os.fdopen"], "zipfile.ZipFile.read": [], "contextlib.contextmanager": [], "os.path.dirname": [], "tempfile.mkstemp": [], "os.fdopen": [], "os.replace": [], "os.remove": [], "requests.utils.from_key_val_list": ["collections.OrderedDict", "<builtin>.ValueError", "<builtin>.isinstance"], "<builtin>.ValueError": [], "collections.OrderedDict": [], "requests.utils.to_key_val_list": ["<builtin>.list", "<builtin>.ValueError", "collections.abc.MutableMapping.items", "<builtin>.isinstance"], "collections.abc.MutableMapping.items": [], "requests.utils.parse_list_header": ["urllib.request.parse_http_list", "requests.utils.unquote_header_value"], "urllib.request.parse_http_list": [], "requests.utils.unquote_header_value": [], "requests.utils.parse_dict_header": ["urllib.request.parse_http_list", "urllib.request.parse_http_list.split", "requests.utils.unquote_header_value"], "urllib.request.parse_http_list.split": [], "requests.utils.dict_from_cookiejar": [], "requests.utils.add_dict_to_cookiejar": ["requests.cookies.cookiejar_from_dict"], "requests.cookies.cookiejar_from_dict": ["requests.cookies.create_cookie", "requests.cookies.RequestsCookieJar.set_cookie", "http.cookiejar.CookieJar.__init__"], "requests.utils.get_encodings_from_content": ["warnings.warn", "re.compile", "re.compile.findall"], "re.compile": [], "re.compile.findall": [], "requests.utils._parse_content_type_header": ["collections.abc.MutableMapping.get.split"], "collections.abc.MutableMapping.get.split": [], "requests.utils.get_encoding_from_headers": ["collections.abc.MutableMapping.get", "requests.utils._parse_content_type_header"], "collections.abc.MutableMapping.get": [], "requests.utils.stream_decode_response_unicode": ["codecs.getincrementaldecoder.decode", "codecs.getincrementaldecoder"], "codecs.getincrementaldecoder": [], "codecs.getincrementaldecoder.decode": [], "requests.utils.iter_slices": ["<builtin>.len"], "requests.utils.get_unicode_from_response": ["warnings.warn", "requests.utils.get_encoding_from_headers"], "<builtin>.frozenset": [], "requests.utils.unquote_unreserved": ["urllib.parse.quote.lstrip.decode.split", "collections.abc.MutableMapping.split", "urllib.parse.urlparse._replace.geturl.split", "base64.b64encode.strip.split", "urllib.parse.urlparse.geturl.split", "urllib.parse.quote.lstrip.upper.decode.split", "urllib.parse.quote.decode.upper.split", "<builtin>.int", "urllib.parse.quote.decode.split", "urllib.parse.quote.decode.lstrip.upper.split", "urllib.parse.urlunparse.split", "collections.abc.MutableMapping.decode.split", "urllib.parse.urlunparse.decode.upper.split", "urllib.parse.urljoin.upper.decode.split", "urllib.parse.urlparse.geturl.decode.upper.split", "urllib.parse.urlparse.geturl.upper.split", "urllib.parse.urlparse.geturl.upper.decode.split", "<builtin>.chr", "urllib.parse.quote.lstrip.decode.upper.split", "base64.b64encode.strip.upper.split", "urllib.parse.urljoin.decode.split", "base64.b64encode.strip.upper.decode.split", "urllib.parse.urlparse.geturl.decode.split", "<builtin>.range", "urllib.parse.urlparse._replace.geturl.upper.split", "urllib.parse.urljoin.upper.split", "base64.b64encode.strip.decode.split", "collections.abc.MutableMapping.upper.decode.split", "urllib.parse.quote.upper.decode.split", "base64.b64encode.strip.decode.upper.split", "urllib.parse.urlparse._replace.geturl.decode.split", "urllib.parse.urljoin.split", "urllib.parse.quote.lstrip.upper.split", "urllib.parse.urljoin.decode.upper.split", "urllib.parse.quote.upper.split", "urllib.parse.urlparse._replace.geturl.decode.upper.split", "urllib.parse.urlunparse.upper.decode.split", "collections.abc.MutableMapping.decode.upper.split", "urllib.parse.quote.lstrip.split", "urllib.parse.urlunparse.decode.split", "urllib.parse.urlparse._replace.geturl.upper.decode.split", "requests.exceptions.RequestException.__init__", "urllib.parse.urlunparse.upper.split", "<builtin>.len", "urllib.parse.quote.split", "collections.abc.MutableMapping.upper.split", "urllib.parse.quote.decode.lstrip.split"], "urllib.parse.quote.lstrip.decode.split": [], "collections.abc.MutableMapping.split": [], "urllib.parse.urlparse._replace.geturl.split": [], "base64.b64encode.strip.split": [], "urllib.parse.urlparse.geturl.split": [], "urllib.parse.quote.lstrip.upper.decode.split": [], "urllib.parse.quote.decode.upper.split": [], "urllib.parse.quote.decode.split": [], "urllib.parse.quote.decode.lstrip.upper.split": [], "urllib.parse.urlunparse.split": [], "collections.abc.MutableMapping.decode.split": [], "urllib.parse.urlunparse.decode.upper.split": [], "urllib.parse.urljoin.upper.decode.split": [], "urllib.parse.urlparse.geturl.decode.upper.split": [], "urllib.parse.urlparse.geturl.upper.split": [], "urllib.parse.urlparse.geturl.upper.decode.split": [], "urllib.parse.quote.lstrip.decode.upper.split": [], "base64.b64encode.strip.upper.split": [], "urllib.parse.urljoin.decode.split": [], "base64.b64encode.strip.upper.decode.split": [], "urllib.parse.urlparse.geturl.decode.split": [], "urllib.parse.urlparse._replace.geturl.upper.split": [], "urllib.parse.urljoin.upper.split": [], "base64.b64encode.strip.decode.split": [], "collections.abc.MutableMapping.upper.decode.split": [], "urllib.parse.quote.upper.decode.split": [], "base64.b64encode.strip.decode.upper.split": [], "urllib.parse.urlparse._replace.geturl.decode.split": [], "urllib.parse.urljoin.split": [], "urllib.parse.quote.lstrip.upper.split": [], "urllib.parse.urljoin.decode.upper.split": [], "urllib.parse.quote.upper.split": [], "urllib.parse.urlparse._replace.geturl.decode.upper.split": [], "urllib.parse.urlunparse.upper.decode.split": [], "collections.abc.MutableMapping.decode.upper.split": [], "urllib.parse.quote.lstrip.split": [], "urllib.parse.urlunparse.decode.split": [], "urllib.parse.urlparse._replace.geturl.upper.decode.split": [], "urllib.parse.urlunparse.upper.split": [], "urllib.parse.quote.split": [], "collections.abc.MutableMapping.upper.split": [], "urllib.parse.quote.decode.lstrip.split": [], "<builtin>.range": [], "<builtin>.chr": [], "requests.exceptions.RequestException.__init__": ["<builtin>.hasattr", "<builtin>.super"], "requests.utils.requote_uri": ["requests.utils.unquote_unreserved", "urllib.parse.quote"], "urllib.parse.quote": [], "requests.utils.address_in_network": ["socket.inet_aton", "requests.utils.dotted_netmask", "struct.unpack", "<builtin>.int"], "socket.inet_aton": [], "struct.unpack": [], "requests.utils.dotted_netmask": ["socket.inet_ntoa", "struct.pack"], "struct.pack": [], "socket.inet_ntoa": [], "requests.utils.is_ipv4_address": ["socket.inet_aton"], "requests.utils.is_valid_cidr": ["socket.inet_aton", "<builtin>.int"], "requests.utils.set_environ": ["os.environ.get"], "requests.utils.should_bypass_proxies": ["urllib.request.proxy_bypass", "requests.utils.should_bypass_proxies.get_proxy", "requests.utils.is_ipv4_address", "requests.utils.set_environ", "requests.utils.address_in_network", "requests.utils.is_valid_cidr", "urllib.parse.urlparse.hostname.endswith", "urllib.parse.urlparse"], "requests.utils.should_bypass_proxies.get_proxy": ["os.environ.get"], "urllib.parse.urlparse.hostname.endswith": [], "urllib.request.proxy_bypass": [], "requests.utils.get_environ_proxies": ["urllib.request.getproxies", "requests.utils.should_bypass_proxies"], "urllib.request.getproxies": [], "requests.utils.select_proxy": ["urllib.parse.urlparse"], "requests.utils.resolve_proxies": ["requests.utils.get_environ_proxies.<dict1>.get", "requests.utils.get_environ_proxies", "requests.utils.should_bypass_proxies", "urllib.request.getproxies.get", "urllib.parse.urlparse"], "requests.utils.get_environ_proxies.<dict1>.get": [], "urllib.request.getproxies.get": [], "requests.utils.default_user_agent": [], "requests.utils.default_headers": ["requests.utils.default_user_agent", "requests.structures.CaseInsensitiveDict.__init__"], "requests.structures.CaseInsensitiveDict.__init__": ["collections.OrderedDict", "collections.abc.MutableMapping.update"], "requests.utils.parse_header_links": ["re.split", "collections.abc.MutableMapping.get.strip", "re.split.split"], "collections.abc.MutableMapping.get.strip": [], "re.split.split": [], "requests.utils.guess_json_utf": [], "requests.utils.prepend_scheme_if_needed": ["urllib3.util.parse_url", "urllib.parse.urlunparse"], "urllib3.util.parse_url": [], "urllib.parse.urlunparse": [], "requests.utils.get_auth_from_url": ["urllib.parse.urlparse", "urllib.parse.unquote"], "urllib.parse.unquote": [], "requests.utils.check_header_validity": ["requests.utils._validate_header_part", "<builtin>.type", "requests.exceptions.RequestException.__init__"], "<builtin>.type": [], "requests.utils._validate_header_part": ["requests.exceptions.RequestException.__init__"], "requests.utils.urldefragauth": ["urllib.parse.urlunparse", "urllib.parse.urlparse"], "requests.utils.rewind_body": ["<builtin>.getattr", "requests.exceptions.RequestException.__init__", "<builtin>.isinstance"], "requests.structures": [], "collections.abc.MutableMapping.update": [], "requests.structures.CaseInsensitiveDict.__setitem__": [], "requests.structures.CaseInsensitiveDict.__getitem__": [], "requests.structures.CaseInsensitiveDict.__delitem__": [], "requests.structures.CaseInsensitiveDict.__iter__": ["collections.OrderedDict.values"], "collections.OrderedDict.values": [], "requests.structures.CaseInsensitiveDict.__len__": ["<builtin>.len"], "requests.structures.CaseInsensitiveDict.lower_items": ["collections.OrderedDict.items"], "collections.OrderedDict.items": [], "requests.structures.CaseInsensitiveDict.__eq__": ["<builtin>.dict", "requests.structures.CaseInsensitiveDict.lower_items", "requests.structures.CaseInsensitiveDict.__init__", "<builtin>.isinstance"], "<builtin>.dict": [], "requests.structures.CaseInsensitiveDict.copy": ["collections.OrderedDict.values", "requests.structures.CaseInsensitiveDict.__init__"], "requests.structures.CaseInsensitiveDict.__repr__": ["<builtin>.str", "<builtin>.dict", "collections.abc.MutableMapping.items"], "<builtin>.str": [], "requests.structures.LookupDict.__init__": ["<builtin>.super"], "<builtin>.super": [], "requests.structures.LookupDict.__repr__": [], "requests.structures.LookupDict.__getitem__": [], "requests.structures.LookupDict.get": [], "requests.__version__": [], "requests._internal_utils": ["re.compile"], "requests._internal_utils.to_native_string": ["urllib.parse.urljoin.upper.decode", "urllib.parse.quote.lstrip.upper.decode", "urllib.parse.urlparse._replace.geturl.upper.decode", "urllib.parse.quote.lstrip.decode", "collections.abc.MutableMapping.decode", "collections.abc.MutableMapping.upper.decode", "urllib.parse.urlparse.geturl.decode", "urllib.parse.quote.upper.decode", "urllib.parse.urlparse._replace.geturl.decode", "urllib.parse.urlparse.geturl.upper.decode", "base64.b64encode.strip.decode", "urllib.parse.urljoin.decode", "urllib.parse.quote.decode", "base64.b64encode.strip.upper.decode", "urllib.parse.urlunparse.decode", "urllib.parse.urlunparse.upper.decode", "<builtin>.isinstance"], "urllib.parse.quote.lstrip.decode": [], "collections.abc.MutableMapping.upper.decode": [], "urllib.parse.urlparse.geturl.decode": [], "base64.b64encode.strip.decode": [], "urllib.parse.urlunparse.upper.decode": [], "urllib.parse.urlparse._replace.geturl.decode": [], "urllib.parse.urljoin.upper.decode": [], "urllib.parse.quote.lstrip.upper.decode": [], "urllib.parse.urlparse._replace.geturl.upper.decode": [], "collections.abc.MutableMapping.decode": [], "urllib.parse.quote.upper.decode": [], "urllib.parse.urlparse.geturl.upper.decode": [], "urllib.parse.urljoin.decode": [], "urllib.parse.quote.decode": [], "base64.b64encode.strip.upper.decode": [], "urllib.parse.urlunparse.decode": [], "requests._internal_utils.unicode_is_ascii": ["requests.models.PreparedRequest.prepare_url.host.encode", "idna.encode.decode.encode", "<builtin>.isinstance"], "requests.models.PreparedRequest.prepare_url.host.encode": [], "idna.encode.decode.encode": [], "requests.cookies": [], "requests.cookies.MockRequest.__init__": ["urllib.parse.urlparse"], "requests.cookies.MockRequest.get_type": [], "requests.cookies.MockRequest.get_host": ["urllib.parse.urlparse"], "requests.cookies.MockRequest.get_origin_req_host": ["requests.cookies.MockRequest.get_host"], "requests.cookies.MockRequest.get_full_url": ["collections.abc.MutableMapping.get", "urllib.parse.urlunparse", "requests._internal_utils.to_native_string", "urllib.parse.urlparse"], "requests.cookies.MockRequest.is_unverifiable": [], "requests.cookies.MockRequest.has_header": [], "requests.cookies.MockRequest.get_header": ["collections.abc.MutableMapping.get"], "requests.cookies.MockRequest.add_header": ["<builtin>.NotImplementedError"], "<builtin>.NotImplementedError": [], "requests.cookies.MockRequest.add_unredirected_header": [], "requests.cookies.MockRequest.get_new_headers": [], "requests.cookies.MockRequest.unverifiable": ["requests.cookies.MockRequest.is_unverifiable"], "requests.cookies.MockRequest.origin_req_host": ["requests.cookies.MockRequest.get_origin_req_host"], "requests.cookies.MockRequest.host": ["requests.cookies.MockRequest.get_host"], "requests.cookies.MockResponse.__init__": [], "requests.cookies.MockResponse.info": [], "requests.cookies.MockResponse.getheaders": ["urllib3.poolmanager.PoolManager.connection_from_url.proxy_pool.urlopen._original_response.msg.getheaders", "urllib3.poolmanager.proxy_from_url.connection_from_url.proxy_pool.urlopen._original_response.msg.getheaders", "urllib3.poolmanager.proxy_from_url.connection_from_url.urlopen._original_response.msg.getheaders", "urllib3.poolmanager.PoolManager.connection_from_url.urlopen._original_response.msg.getheaders", "urllib3.response.HTTPResponse.from_httplib._original_response.msg.getheaders"], "urllib3.poolmanager.PoolManager.connection_from_url.proxy_pool.urlopen._original_response.msg.getheaders": [], "urllib3.poolmanager.proxy_from_url.connection_from_url.proxy_pool.urlopen._original_response.msg.getheaders": [], "urllib3.poolmanager.proxy_from_url.connection_from_url.urlopen._original_response.msg.getheaders": [], "urllib3.poolmanager.PoolManager.connection_from_url.urlopen._original_response.msg.getheaders": [], "urllib3.response.HTTPResponse.from_httplib._original_response.msg.getheaders": [], "requests.cookies.extract_cookies_to_jar": ["http.cookiejar.CookieJar.extract_cookies", "requests.cookies.MockRequest.__init__", "<builtin>.hasattr", "requests.cookies.MockResponse.__init__"], "http.cookiejar.CookieJar.extract_cookies": [], "requests.cookies.get_cookie_header": ["requests.cookies.MockRequest.get_new_headers", "requests.cookies.MockRequest.__init__", "http.cookiejar.CookieJar.add_cookie_header"], "http.cookiejar.CookieJar.add_cookie_header": [], "requests.cookies.remove_cookie_by_name": ["http.cookiejar.CookieJar.clear"], "http.cookiejar.CookieJar.clear": [], "requests.cookies.RequestsCookieJar.get": ["requests.cookies.RequestsCookieJar._find_no_duplicates"], "requests.cookies.RequestsCookieJar._find_no_duplicates": ["<builtin>.iter", "<builtin>.KeyError"], "requests.cookies.RequestsCookieJar.set": ["requests.cookies.remove_cookie_by_name", "requests.cookies.RequestsCookieJar.set_cookie", "requests.cookies.create_cookie", "requests.cookies.morsel_to_cookie", "<builtin>.isinstance"], "requests.cookies.morsel_to_cookie": ["<builtin>.TypeError", "<builtin>.bool", "calendar.timegm", "time.strptime", "time.time", "<builtin>.int", "requests.cookies.create_cookie"], "requests.cookies.create_cookie": ["<builtin>.TypeError", "<builtin>.list", "<builtin>.bool", "http.cookiejar.Cookie", "<builtin>.set"], "requests.cookies.RequestsCookieJar.set_cookie": ["http.cookiejar.Cookie.value.endswith", "http.cookiejar.Cookie.value.startswith", "http.cookiejar.Cookie.value.replace.endswith", "http.cookiejar.Cookie.value.replace", "<builtin>.super", "http.cookiejar.Cookie.value.replace.startswith", "<builtin>.hasattr"], "requests.cookies.RequestsCookieJar.iterkeys": ["<builtin>.iter"], "<builtin>.iter": [], "requests.cookies.RequestsCookieJar.keys": ["<builtin>.list", "requests.cookies.RequestsCookieJar.iterkeys"], "requests.cookies.RequestsCookieJar.itervalues": ["<builtin>.iter"], "requests.cookies.RequestsCookieJar.values": ["<builtin>.list", "requests.cookies.RequestsCookieJar.itervalues"], "requests.cookies.RequestsCookieJar.iteritems": ["<builtin>.iter"], "requests.cookies.RequestsCookieJar.items": ["<builtin>.list", "requests.cookies.RequestsCookieJar.iteritems"], "requests.cookies.RequestsCookieJar.list_domains": ["<builtin>.iter"], "requests.cookies.RequestsCookieJar.list_paths": ["<builtin>.iter"], "requests.cookies.RequestsCookieJar.multiple_domains": ["<builtin>.iter"], "requests.cookies.RequestsCookieJar.get_dict": ["<builtin>.iter"], "requests.cookies.RequestsCookieJar.__contains__": ["<builtin>.super"], "requests.cookies.RequestsCookieJar.__getitem__": ["requests.cookies.RequestsCookieJar._find_no_duplicates"], "requests.cookies.RequestsCookieJar.__setitem__": ["requests.cookies.RequestsCookieJar.set"], "requests.cookies.RequestsCookieJar.__delitem__": ["requests.cookies.remove_cookie_by_name"], "http.cookiejar.Cookie.value.replace.startswith": [], "http.cookiejar.Cookie.value.startswith": [], "http.cookiejar.Cookie.value.replace.endswith": [], "http.cookiejar.Cookie.value.endswith": [], "http.cookiejar.Cookie.value.replace": [], "requests.cookies.RequestsCookieJar.update": ["<builtin>.super", "requests.cookies.RequestsCookieJar.set_cookie", "<builtin>.isinstance"], "requests.cookies.RequestsCookieJar._find": ["<builtin>.iter", "<builtin>.KeyError"], "<builtin>.KeyError": [], "requests.cookies.RequestsCookieJar.__getstate__": ["http.cookiejar.CookieJar.__dict__.copy.pop", "http.cookiejar.CookieJar.__dict__.copy"], "http.cookiejar.CookieJar.__dict__.copy": [], "http.cookiejar.CookieJar.__dict__.copy.pop": [], "requests.cookies.RequestsCookieJar.__setstate__": ["dummy_threading.RLock", "http.cookiejar.CookieJar.__dict__.update", "threading.RLock"], "http.cookiejar.CookieJar.__dict__.update": [], "dummy_threading.RLock": [], "threading.RLock": [], "requests.cookies.RequestsCookieJar.copy": ["http.cookiejar.CookieJar.set_policy", "requests.cookies.RequestsCookieJar.update", "requests.cookies.RequestsCookieJar.get_policy", "http.cookiejar.CookieJar.__init__", "collections.abc.MutableMapping.__init__", "requests.compat.MutableMapping.__init__"], "collections.abc.MutableMapping.__init__": [], "requests.compat.MutableMapping.__init__": [], "http.cookiejar.CookieJar.__init__": [], "requests.cookies.RequestsCookieJar.get_policy": [], "http.cookiejar.CookieJar.set_policy": [], "requests.cookies._copy_cookie_jar": ["requests.cookies.RequestsCookieJar.copy", "copy.copy", "<builtin>.hasattr"], "copy.copy": [], "<builtin>.set": [], "<builtin>.TypeError": [], "<builtin>.bool": [], "http.cookiejar.Cookie": [], "time.time": [], "time.strptime": [], "calendar.timegm": [], "requests.cookies.merge_cookies": ["requests.cookies.RequestsCookieJar.update", "<builtin>.ValueError", "requests.cookies.RequestsCookieJar.set_cookie", "requests.cookies.cookiejar_from_dict", "<builtin>.isinstance"], "requests.certs": ["certifi.where", "<builtin>.print"], "certifi.where": [], "<builtin>.print": [], "requests.packages": ["<builtin>.list", "charset_normalizer.__name__.replace", "<builtin>.__import__", "chardet.__name__.replace", "<builtin>.locals", "warnings.filterwarnings"], "warnings.filterwarnings": [], "<builtin>.locals": [], "<builtin>.__import__": [], "charset_normalizer.__name__.replace": [], "chardet.__name__.replace": [], "requests.sessions": [], "requests.sessions.merge_setting": ["requests.utils.to_key_val_list", "requests.structures.CaseInsensitiveDict.__init__", "collections.OrderedDict", "<builtin>.isinstance"], "requests.sessions.merge_hooks": ["requests.sessions.merge_setting"], "requests.sessions.SessionRedirectMixin.get_redirect_target": ["requests._internal_utils.to_native_string"], "requests.sessions.SessionRedirectMixin.should_strip_auth": ["urllib.parse.urlparse"], "requests.sessions.SessionRedirectMixin.resolve_redirects": ["urllib.parse.quote.decode.startswith", "urllib.parse.urlparse.geturl.decode.upper.startswith", "requests._internal_utils.to_native_string", "urllib.parse.urlparse.geturl.startswith", "requests.sessions.SessionRedirectMixin.get_redirect_target", "base64.b64encode.strip.decode.startswith", "urllib.parse.quote.startswith", "urllib.parse.urlparse._replace.geturl.startswith", "urllib.parse.urlunparse.startswith", "urllib.parse.urlparse", "urllib.parse.quote.lstrip.decode.upper.startswith", "urllib.parse.urljoin.startswith", "collections.abc.MutableMapping.decode.upper.startswith", "urllib.parse.urlparse._replace.geturl.decode.upper.startswith", "urllib.parse.urlunparse.upper.startswith", "base64.b64encode.strip.upper.startswith", "urllib.parse.urljoin", "requests.cookies.merge_cookies", "urllib.parse.urlparse._replace.geturl.upper.decode.startswith", "urllib.parse.quote.decode.upper.startswith", "collections.abc.MutableMapping.upper.startswith", "urllib.parse.quote.lstrip.startswith", "urllib.parse.urlparse._replace", "requests.sessions.SessionRedirectMixin.rebuild_auth", "requests.utils.rewind_body", "requests.sessions.Session.send", "base64.b64encode.strip.upper.decode.startswith", "urllib.parse.quote.upper.startswith", "urllib.parse.urlparse._replace.geturl.decode.startswith", "urllib.parse.urljoin.decode.upper.startswith", "urllib.parse.urlparse._replace.geturl", "requests.sessions.SessionRedirectMixin.rebuild_proxies", "urllib.parse.urlunparse.decode.startswith", "urllib.parse.urlparse._replace.geturl.upper.startswith", "urllib.parse.urlunparse.upper.decode.startswith", "requests.utils.requote_uri", "urllib.parse.quote.lstrip.decode.startswith", "urllib.parse.quote.upper.decode.startswith", "urllib.parse.urlparse.geturl.upper.decode.startswith", "requests.sessions.SessionRedirectMixin.rebuild_method", "urllib.parse.quote.decode.lstrip.startswith", "collections.abc.MutableMapping.pop", "requests.cookies.extract_cookies_to_jar", "urllib.parse.quote.decode.lstrip.upper.startswith", "urllib.parse.urlparse.geturl.upper.startswith", "base64.b64encode.strip.decode.upper.startswith", "urllib.parse.quote.lstrip.upper.decode.startswith", "urllib.parse.quote.lstrip.upper.startswith", "urllib.parse.urlunparse.decode.upper.startswith", "base64.b64encode.strip.startswith", "requests.models.PreparedRequest.copy", "requests.models.PreparedRequest.prepare_cookies", "collections.abc.MutableMapping.startswith", "urllib.parse.urljoin.decode.startswith", "requests.exceptions.RequestException.__init__", "urllib.parse.urlparse.geturl.decode.startswith", "urllib.parse.urlparse.geturl", "<builtin>.len", "collections.abc.MutableMapping.upper.decode.startswith", "collections.abc.MutableMapping.decode.startswith", "urllib.parse.urljoin.upper.startswith", "urllib.parse.urljoin.upper.decode.startswith"], "requests.models.PreparedRequest.copy": ["requests.models.PreparedRequest.__init__", "requests.cookies._copy_cookie_jar", "requests.structures.CaseInsensitiveDict.copy"], "urllib.parse.quote.decode.startswith": [], "urllib.parse.urlparse.geturl.decode.upper.startswith": [], "urllib.parse.urlparse.geturl.startswith": [], "base64.b64encode.strip.decode.startswith": [], "urllib.parse.quote.startswith": [], "urllib.parse.urlparse._replace.geturl.startswith": [], "urllib.parse.urlunparse.startswith": [], "urllib.parse.quote.lstrip.decode.upper.startswith": [], "urllib.parse.urljoin.startswith": [], "collections.abc.MutableMapping.decode.upper.startswith": [], "urllib.parse.urlparse._replace.geturl.decode.upper.startswith": [], "urllib.parse.urlunparse.upper.startswith": [], "base64.b64encode.strip.upper.startswith": [], "urllib.parse.urlparse._replace.geturl.upper.decode.startswith": [], "urllib.parse.quote.decode.upper.startswith": [], "collections.abc.MutableMapping.upper.startswith": [], "urllib.parse.quote.lstrip.startswith": [], "base64.b64encode.strip.upper.decode.startswith": [], "urllib.parse.quote.upper.startswith": [], "urllib.parse.urlparse._replace.geturl.decode.startswith": [], "urllib.parse.urljoin.decode.upper.startswith": [], "urllib.parse.urlunparse.decode.startswith": [], "urllib.parse.urlparse._replace.geturl.upper.startswith": [], "urllib.parse.urlunparse.upper.decode.startswith": [], "urllib.parse.quote.lstrip.decode.startswith": [], "urllib.parse.quote.upper.decode.startswith": [], "urllib.parse.urlparse.geturl.upper.decode.startswith": [], "urllib.parse.quote.decode.lstrip.startswith": [], "urllib.parse.quote.decode.lstrip.upper.startswith": [], "urllib.parse.urlparse.geturl.upper.startswith": [], "base64.b64encode.strip.decode.upper.startswith": [], "urllib.parse.quote.lstrip.upper.decode.startswith": [], "urllib.parse.quote.lstrip.upper.startswith": [], "urllib.parse.urlunparse.decode.upper.startswith": [], "base64.b64encode.strip.startswith": [], "urllib.parse.urljoin.upper.decode.startswith": [], "urllib.parse.urljoin.decode.startswith": [], "urllib.parse.urlparse.geturl.decode.startswith": [], "collections.abc.MutableMapping.upper.decode.startswith": [], "collections.abc.MutableMapping.decode.startswith": [], "urllib.parse.urljoin.upper.startswith": [], "collections.abc.MutableMapping.startswith": [], "urllib.parse.urlparse._replace": [], "urllib.parse.urlparse._replace.geturl": [], "urllib.parse.urlparse.geturl": [], "urllib.parse.urljoin": [], "requests.sessions.SessionRedirectMixin.rebuild_method": [], "collections.abc.MutableMapping.pop": [], "requests.models.PreparedRequest.prepare_cookies": ["requests.cookies.get_cookie_header", "requests.cookies.cookiejar_from_dict", "<builtin>.isinstance"], "requests.sessions.SessionRedirectMixin.rebuild_proxies": ["requests.auth._basic_auth_str", "requests.utils.get_auth_from_url", "urllib.parse.urlparse", "requests.utils.resolve_proxies"], "requests.sessions.SessionRedirectMixin.rebuild_auth": ["requests.utils.get_netrc_auth", "requests.sessions.SessionRedirectMixin.should_strip_auth", "requests.models.PreparedRequest.prepare_auth"], "requests.sessions.Session.send": ["time.perf_counter", "requests.cookies.extract_cookies_to_jar", "requests.hooks.dispatch_hook", "<builtin>.ValueError", "datetime.timedelta", "requests.sessions.Session.get_adapter", "requests.sessions.SessionRedirectMixin.resolve_redirects", "<builtin>.next", "requests.utils.resolve_proxies", "<builtin>.isinstance"], "requests.models.PreparedRequest.prepare_auth": ["requests.utils.get_auth_from_url", "requests.auth.HTTPBasicAuth.__init__", "<builtin>.len", "<builtin>.any", "requests.models.PreparedRequest.prepare_content_length", "requests.structures.CaseInsensitiveDict.__init__", "<builtin>.isinstance"], "requests.auth._basic_auth_str": ["requests._internal_utils.to_native_string", "warnings.warn", "base64.b64encode", "base64.b64encode.strip", "<builtin>.type", "<builtin>.isinstance"], "requests.sessions.Session.__init__": ["requests.adapters.HTTPAdapter.__init__", "requests.sessions.Session.mount", "requests.utils.default_headers", "requests.hooks.default_hooks", "collections.OrderedDict", "requests.cookies.cookiejar_from_dict"], "requests.hooks.default_hooks": [], "requests.adapters.HTTPAdapter.__init__": ["requests.adapters.HTTPAdapter.init_poolmanager", "urllib3.util.retry.Retry.from_int", "urllib3.util.retry.Retry", "<builtin>.super"], "requests.sessions.Session.mount": ["collections.OrderedDict.pop", "<builtin>.len"], "requests.sessions.Session.__enter__": [], "requests.sessions.Session.__exit__": ["requests.sessions.Session.close"], "requests.sessions.Session.close": ["collections.OrderedDict.values", "collections.OrderedDict.values.close"], "requests.sessions.Session.prepare_request": ["requests.cookies.merge_cookies", "requests.utils.get_netrc_auth", "requests.models.PreparedRequest.prepare", "requests.models.PreparedRequest.__init__", "http.cookiejar.CookieJar.__init__", "requests.sessions.merge_hooks", "requests.sessions.merge_setting", "requests.cookies.cookiejar_from_dict", "<builtin>.isinstance"], "requests.models.PreparedRequest.__init__": ["requests.hooks.default_hooks"], "requests.models.PreparedRequest.prepare": ["requests.models.PreparedRequest.prepare_hooks", "requests.models.PreparedRequest.prepare_headers", "requests.models.PreparedRequest.prepare_cookies", "requests.models.PreparedRequest.prepare_body", "requests.models.PreparedRequest.prepare_url", "requests.models.PreparedRequest.prepare_auth", "requests.models.PreparedRequest.prepare_method"], "requests.sessions.Session.request": ["requests.sessions.Session.send", "requests.sessions.Session.merge_environment_settings", "requests.models.Request.__init__", "requests.sessions.Session.prepare_request"], "requests.models.Request.__init__": ["requests.models.RequestHooksMixin.register_hook", "requests.hooks.default_hooks", "<builtin>.list"], "requests.sessions.Session.merge_environment_settings": ["os.environ.get", "requests.utils.get_environ_proxies", "collections.abc.MutableMapping.setdefault", "requests.sessions.merge_setting", "collections.abc.MutableMapping.get", "urllib.request.getproxies.items"], "requests.sessions.Session.get": ["requests.sessions.Session.request"], "requests.sessions.Session.options": ["requests.sessions.Session.request"], "requests.sessions.Session.head": ["requests.sessions.Session.request"], "requests.sessions.Session.post": ["requests.sessions.Session.request"], "requests.sessions.Session.put": ["requests.sessions.Session.request"], "requests.sessions.Session.patch": ["requests.sessions.Session.request"], "requests.sessions.Session.delete": ["requests.sessions.Session.request"], "requests.sessions.Session.get_adapter": ["urllib.parse.urljoin.lower", "urllib.parse.urlunparse.upper.lower.startswith", "base64.b64encode.strip.decode.lower", "collections.abc.MutableMapping.lower.startswith", "urllib.parse.quote.decode.lstrip.upper.lower", "urllib.parse.quote.decode.upper.lower.startswith", "collections.abc.MutableMapping.upper.decode.lower.startswith", "urllib.parse.urlparse.geturl.lower.startswith", "collections.abc.MutableMapping.decode.upper.lower.startswith", "urllib.parse.quote.lstrip.upper.decode.lower.startswith", "collections.abc.MutableMapping.lower", "base64.b64encode.strip.upper.lower.startswith", "urllib.parse.quote.lstrip.decode.upper.lower.startswith", "urllib.parse.quote.upper.lower.startswith", "urllib.parse.urljoin.upper.lower", "urllib.parse.urlparse._replace.geturl.upper.lower.startswith", "urllib.parse.urlparse.geturl.decode.upper.lower", "collections.abc.MutableMapping.decode.lower.startswith", "urllib.parse.urlparse.geturl.decode.lower", "urllib.parse.urljoin.upper.lower.startswith", "urllib.parse.urljoin.lower.startswith", "urllib.parse.urlparse.geturl.lower", "urllib.parse.quote.decode.lstrip.lower.startswith", "base64.b64encode.strip.upper.lower", "urllib.parse.quote.upper.lower", "urllib.parse.quote.upper.decode.lower.startswith", "collections.abc.MutableMapping.upper.lower", "urllib.parse.urljoin.decode.lower.startswith", "urllib.parse.quote.lstrip.decode.upper.lower", "urllib.parse.urlparse.geturl.decode.upper.lower.startswith", "urllib.parse.urlparse._replace.geturl.lower", "urllib.parse.urlunparse.decode.upper.lower.startswith", "urllib.parse.quote.decode.lstrip.lower", "urllib.parse.urljoin.upper.decode.lower", "urllib.parse.urlparse._replace.geturl.decode.upper.lower", "urllib.parse.urlunparse.decode.upper.lower", "collections.abc.MutableMapping.upper.decode.lower", "urllib.parse.quote.decode.lstrip.upper.lower.startswith", "base64.b64encode.strip.lower.startswith", "urllib.parse.quote.lstrip.upper.decode.lower", "urllib.parse.urljoin.decode.lower", "requests.exceptions.RequestException.__init__", "urllib.parse.quote.lstrip.upper.lower.startswith", "urllib.parse.quote.decode.lower.startswith", "urllib.parse.urlparse._replace.geturl.decode.lower.startswith", "urllib.parse.quote.lower.startswith", "collections.abc.MutableMapping.decode.lower", "collections.abc.MutableMapping.decode.upper.lower", "urllib.parse.quote.lstrip.lower", "collections.OrderedDict.items", "urllib.parse.quote.decode.lower", "base64.b64encode.strip.lower", "urllib.parse.quote.lstrip.decode.lower.startswith", "urllib.parse.urlparse._replace.geturl.decode.lower", "base64.b64encode.strip.decode.upper.lower", "urllib.parse.urlparse._replace.geturl.decode.upper.lower.startswith", "base64.b64encode.strip.upper.decode.lower.startswith", "urllib.parse.quote.lstrip.decode.lower", "urllib.parse.quote.decode.upper.lower", "urllib.parse.urljoin.decode.upper.lower", "urllib.parse.urljoin.decode.upper.lower.startswith", "collections.abc.MutableMapping.upper.lower.startswith", "urllib.parse.urlparse.geturl.upper.lower.startswith", "base64.b64encode.strip.decode.upper.lower.startswith", "urllib.parse.urlunparse.lower", "urllib.parse.quote.lower", "urllib.parse.urlunparse.upper.decode.lower.startswith", "urllib.parse.urlunparse.upper.decode.lower", "urllib.parse.urljoin.upper.decode.lower.startswith", "urllib.parse.urlparse.geturl.upper.decode.lower", "urllib.parse.urlparse.geturl.upper.decode.lower.startswith", "urllib.parse.urlparse.geturl.decode.lower.startswith", "urllib.parse.urlunparse.decode.lower.startswith", "urllib.parse.urlunparse.upper.lower", "urllib.parse.urlparse.geturl.upper.lower", "urllib.parse.urlparse._replace.geturl.upper.lower", "urllib.parse.quote.upper.decode.lower", "urllib.parse.urlparse._replace.geturl.lower.startswith", "urllib.parse.quote.lstrip.lower.startswith", "urllib.parse.urlparse._replace.geturl.upper.decode.lower.startswith", "urllib.parse.quote.lstrip.upper.lower", "urllib.parse.urlparse._replace.geturl.upper.decode.lower", "urllib.parse.urlunparse.lower.startswith", "base64.b64encode.strip.upper.decode.lower", "urllib.parse.urlunparse.decode.lower", "base64.b64encode.strip.decode.lower.startswith"], "time.perf_counter": [], "datetime.timedelta": [], "requests.hooks.dispatch_hook": ["<builtin>.hasattr"], "<builtin>.next": [], "urllib.request.getproxies.items": [], "collections.abc.MutableMapping.setdefault": [], "urllib.parse.urljoin.lower": [], "urllib.parse.quote.decode.upper.lower": [], "urllib.parse.urljoin.decode.upper.lower": [], "base64.b64encode.strip.decode.lower": [], "urllib.parse.quote.decode.lstrip.upper.lower": [], "base64.b64encode.strip.upper.lower": [], "urllib.parse.quote.upper.lower": [], "urllib.parse.urlunparse.lower": [], "collections.abc.MutableMapping.upper.lower": [], "urllib.parse.quote.lstrip.decode.upper.lower": [], "urllib.parse.quote.lower": [], "urllib.parse.urlparse._replace.geturl.lower": [], "urllib.parse.urlunparse.upper.decode.lower": [], "urllib.parse.quote.decode.lstrip.lower": [], "urllib.parse.urljoin.upper.decode.lower": [], "collections.abc.MutableMapping.decode.lower": [], "urllib.parse.urlparse.geturl.upper.decode.lower": [], "collections.abc.MutableMapping.lower": [], "collections.abc.MutableMapping.decode.upper.lower": [], "urllib.parse.quote.lstrip.lower": [], "urllib.parse.urlunparse.upper.lower": [], "urllib.parse.urlparse.geturl.upper.lower": [], "urllib.parse.urlparse._replace.geturl.decode.upper.lower": [], "urllib.parse.urlparse._replace.geturl.upper.lower": [], "urllib.parse.urljoin.upper.lower": [], "urllib.parse.quote.upper.decode.lower": [], "urllib.parse.urlunparse.decode.upper.lower": [], "collections.abc.MutableMapping.upper.decode.lower": [], "urllib.parse.quote.decode.lower": [], "urllib.parse.quote.lstrip.upper.lower": [], "urllib.parse.urlparse._replace.geturl.upper.decode.lower": [], "base64.b64encode.strip.lower": [], "urllib.parse.urlparse.geturl.decode.upper.lower": [], "urllib.parse.urlparse._replace.geturl.decode.lower": [], "base64.b64encode.strip.decode.upper.lower": [], "urllib.parse.quote.lstrip.upper.decode.lower": [], "urllib.parse.urlparse.geturl.decode.lower": [], "urllib.parse.urljoin.decode.lower": [], "base64.b64encode.strip.upper.decode.lower": [], "urllib.parse.urlparse.geturl.lower": [], "urllib.parse.urlunparse.decode.lower": [], "urllib.parse.quote.lstrip.decode.lower": [], "urllib.parse.urlunparse.upper.lower.startswith": [], "urllib.parse.quote.decode.lower.startswith": [], "urllib.parse.urljoin.decode.upper.lower.startswith": [], "collections.abc.MutableMapping.lower.startswith": [], "urllib.parse.quote.decode.lstrip.lower.startswith": [], "collections.abc.MutableMapping.upper.lower.startswith": [], "urllib.parse.urlparse.geturl.upper.lower.startswith": [], "urllib.parse.quote.decode.upper.lower.startswith": [], "base64.b64encode.strip.decode.upper.lower.startswith": [], "urllib.parse.urlparse._replace.geturl.decode.lower.startswith": [], "urllib.parse.quote.upper.decode.lower.startswith": [], "urllib.parse.urljoin.decode.lower.startswith": [], "urllib.parse.quote.lower.startswith": [], "collections.abc.MutableMapping.upper.decode.lower.startswith": [], "urllib.parse.urlparse.geturl.lower.startswith": [], "urllib.parse.urlparse.geturl.decode.upper.lower.startswith": [], "urllib.parse.urlunparse.upper.decode.lower.startswith": [], "collections.abc.MutableMapping.decode.upper.lower.startswith": [], "urllib.parse.urljoin.upper.decode.lower.startswith": [], "urllib.parse.quote.lstrip.upper.decode.lower.startswith": [], "urllib.parse.urlunparse.decode.upper.lower.startswith": [], "base64.b64encode.strip.upper.lower.startswith": [], "urllib.parse.quote.lstrip.decode.upper.lower.startswith": [], "urllib.parse.urlparse.geturl.upper.decode.lower.startswith": [], "urllib.parse.quote.upper.lower.startswith": [], "urllib.parse.urlparse.geturl.decode.lower.startswith": [], "urllib.parse.urlunparse.decode.lower.startswith": [], "urllib.parse.urlparse._replace.geturl.lower.startswith": [], "urllib.parse.quote.lstrip.lower.startswith": [], "urllib.parse.urlparse._replace.geturl.upper.decode.lower.startswith": [], "urllib.parse.urlparse._replace.geturl.upper.lower.startswith": [], "urllib.parse.quote.lstrip.decode.lower.startswith": [], "collections.abc.MutableMapping.decode.lower.startswith": [], "urllib.parse.quote.decode.lstrip.upper.lower.startswith": [], "urllib.parse.urlunparse.lower.startswith": [], "base64.b64encode.strip.lower.startswith": [], "urllib.parse.urljoin.upper.lower.startswith": [], "urllib.parse.urlparse._replace.geturl.decode.upper.lower.startswith": [], "urllib.parse.urljoin.lower.startswith": [], "urllib.parse.quote.lstrip.upper.lower.startswith": [], "base64.b64encode.strip.upper.decode.lower.startswith": [], "base64.b64encode.strip.decode.lower.startswith": [], "collections.OrderedDict.values.close": [], "collections.OrderedDict.pop": [], "requests.sessions.Session.__getstate__": ["<builtin>.getattr"], "requests.sessions.Session.__setstate__": ["<builtin>.setattr"], "<builtin>.setattr": [], "requests.sessions.session": ["requests.sessions.Session.__init__"], "requests.adapters": [], "requests.adapters.SOCKSProxyManager": ["requests.exceptions.RequestException.__init__"], "requests.adapters.BaseAdapter.__init__": ["<builtin>.super"], "requests.adapters.BaseAdapter.send": [], "requests.adapters.BaseAdapter.close": [], "urllib3.util.retry.Retry": [], "urllib3.util.retry.Retry.from_int": [], "requests.adapters.HTTPAdapter.init_poolmanager": ["urllib3.poolmanager.PoolManager"], "requests.adapters.HTTPAdapter.__getstate__": ["<builtin>.getattr"], "requests.adapters.HTTPAdapter.__setstate__": ["requests.adapters.HTTPAdapter.init_poolmanager", "<builtin>.setattr"], "urllib3.poolmanager.PoolManager": [], "requests.adapters.HTTPAdapter.proxy_manager_for": ["urllib.parse.quote.lower", "urllib.parse.quote.decode.lower.startswith", "requests.utils.get_auth_from_url", "urllib.parse.quote.lstrip.lower", "urllib.parse.urlunparse.lower.startswith", "urllib.parse.quote.decode.lstrip.lower.startswith", "requests.adapters.HTTPAdapter.proxy_headers", "urllib.parse.quote.decode.lstrip.lower", "urllib.parse.quote.decode.lower", "urllib.parse.urlunparse.lower", "urllib.parse.quote.lstrip.lower.startswith", "urllib.parse.quote.lstrip.decode.lower.startswith", "urllib3.poolmanager.proxy_from_url", "urllib.parse.quote.lstrip.decode.lower", "urllib.parse.quote.lower.startswith", "urllib3.contrib.socks.SOCKSProxyManager"], "urllib3.contrib.socks.SOCKSProxyManager": [], "requests.adapters.HTTPAdapter.proxy_headers": ["requests.auth._basic_auth_str", "requests.utils.get_auth_from_url"], "urllib3.poolmanager.proxy_from_url": [], "requests.adapters.HTTPAdapter.cert_verify": ["os.path.exists", "os.path.isdir", "<builtin>.OSError", "requests.utils.extract_zipped_paths", "<builtin>.isinstance"], "<builtin>.OSError": [], "os.path.isdir": [], "requests.adapters.HTTPAdapter.build_response": ["requests.utils.get_encoding_from_headers", "requests.cookies.extract_cookies_to_jar", "requests.models.Response.__init__", "<builtin>.getattr", "requests.structures.CaseInsensitiveDict.__init__", "<builtin>.isinstance"], "requests.models.Response.__init__": ["requests.structures.CaseInsensitiveDict.__init__", "requests.cookies.cookiejar_from_dict", "datetime.timedelta"], "requests.adapters.HTTPAdapter.get_connection": ["requests.utils.select_proxy", "urllib3.poolmanager.proxy_from_url.connection_from_url", "requests.exceptions.RequestException.__init__", "urllib.parse.urlparse.geturl", "urllib3.poolmanager.PoolManager.connection_from_url", "urllib3.util.parse_url", "requests.adapters.HTTPAdapter.proxy_manager_for", "urllib.parse.urlparse", "requests.utils.prepend_scheme_if_needed"], "urllib3.poolmanager.proxy_from_url.connection_from_url": [], "urllib3.poolmanager.PoolManager.connection_from_url": [], "requests.adapters.HTTPAdapter.close": ["urllib3.poolmanager.PoolManager.clear"], "urllib3.poolmanager.PoolManager.clear": [], "requests.adapters.HTTPAdapter.request_url": ["requests.utils.select_proxy", "urllib.parse.urlparse.scheme.lower", "urllib.parse.urlparse", "requests.utils.urldefragauth", "urllib.parse.urlparse.scheme.lower.startswith"], "urllib.parse.urlparse.scheme.lower": [], "urllib.parse.urlparse.scheme.lower.startswith": [], "requests.adapters.HTTPAdapter.add_headers": [], "requests.adapters.HTTPAdapter.send": ["urllib3.poolmanager.PoolManager.connection_from_url.proxy_pool._get_conn.getresponse", "urllib3.poolmanager.proxy_from_url.connection_from_url.proxy_pool._get_conn.close", "urllib3.poolmanager.proxy_from_url.connection_from_url.proxy_pool._get_conn.endheaders", "urllib3.util.Timeout", "urllib3.poolmanager.proxy_from_url.connection_from_url._get_conn.putrequest", "requests.adapters.HTTPAdapter.add_headers", "urllib3.poolmanager.proxy_from_url.connection_from_url._get_conn.endheaders", "urllib3.poolmanager.proxy_from_url.connection_from_url.urlopen", "urllib3.poolmanager.proxy_from_url.connection_from_url.proxy_pool._get_conn", "requests.adapters.HTTPAdapter.get_connection", "requests.adapters.HTTPAdapter.cert_verify", "urllib3.poolmanager.PoolManager.connection_from_url.proxy_pool._get_conn.endheaders", "urllib3.poolmanager.PoolManager.connection_from_url.proxy_pool._get_conn.send", "urllib3.poolmanager.PoolManager.connection_from_url.urlopen", "urllib3.poolmanager.proxy_from_url.connection_from_url.proxy_pool._get_conn.getresponse", "urllib3.poolmanager.proxy_from_url.connection_from_url._get_conn.putheader", "urllib3.poolmanager.proxy_from_url.connection_from_url.proxy_pool._get_conn.send", "<builtin>.ValueError", "urllib3.poolmanager.PoolManager.connection_from_url.proxy_pool._get_conn.putheader", "urllib3.poolmanager.proxy_from_url.connection_from_url._get_conn", "urllib3.poolmanager.proxy_from_url.connection_from_url._get_conn.close", "urllib3.poolmanager.PoolManager.connection_from_url.proxy_pool._get_conn.putrequest", "urllib3.poolmanager.PoolManager.connection_from_url.proxy_pool._get_conn.close", "urllib3.poolmanager.PoolManager.connection_from_url.proxy_pool.urlopen", "urllib3.poolmanager.proxy_from_url.connection_from_url._get_conn.getresponse", "urllib3.poolmanager.proxy_from_url.connection_from_url.proxy_pool._get_conn.putrequest", "urllib3.poolmanager.PoolManager.connection_from_url._get_conn.close", "urllib3.poolmanager.PoolManager.connection_from_url._get_conn.getresponse", "urllib3.response.HTTPResponse.from_httplib", "requests.adapters.HTTPAdapter.build_response", "urllib3.poolmanager.proxy_from_url.connection_from_url.proxy_pool._get_conn.putheader", "urllib3.poolmanager.PoolManager.connection_from_url._get_conn", "<builtin>.hasattr", "requests.adapters.HTTPAdapter.request_url", "urllib3.poolmanager.PoolManager.connection_from_url._get_conn.putrequest", "urllib3.poolmanager.PoolManager.connection_from_url._get_conn.putheader", "<builtin>.hex", "urllib3.poolmanager.proxy_from_url.connection_from_url._get_conn.send", "requests.exceptions.RequestException.__init__", "urllib3.poolmanager.PoolManager.connection_from_url.proxy_pool._get_conn", "urllib3.poolmanager.PoolManager.connection_from_url._get_conn.endheaders", "<builtin>.len", "urllib3.poolmanager.PoolManager.connection_from_url._get_conn.send", "urllib3.poolmanager.proxy_from_url.connection_from_url.proxy_pool.urlopen", "<builtin>.isinstance"], "urllib3.util.Timeout": [], "urllib3.poolmanager.PoolManager.connection_from_url.urlopen": [], "urllib3.poolmanager.PoolManager.connection_from_url.proxy_pool.urlopen": [], "urllib3.poolmanager.proxy_from_url.connection_from_url.urlopen": [], "urllib3.poolmanager.proxy_from_url.connection_from_url.proxy_pool.urlopen": [], "urllib3.poolmanager.PoolManager.connection_from_url._get_conn": [], "urllib3.poolmanager.proxy_from_url.connection_from_url._get_conn": [], "urllib3.poolmanager.proxy_from_url.connection_from_url.proxy_pool._get_conn": [], "urllib3.poolmanager.PoolManager.connection_from_url.proxy_pool._get_conn": [], "urllib3.poolmanager.PoolManager.connection_from_url._get_conn.putrequest": [], "urllib3.poolmanager.proxy_from_url.connection_from_url._get_conn.putrequest": [], "urllib3.poolmanager.PoolManager.connection_from_url.proxy_pool._get_conn.putrequest": [], "urllib3.poolmanager.proxy_from_url.connection_from_url.proxy_pool._get_conn.putrequest": [], "urllib3.poolmanager.PoolManager.connection_from_url.proxy_pool._get_conn.putheader": [], "urllib3.poolmanager.proxy_from_url.connection_from_url._get_conn.putheader": [], "urllib3.poolmanager.proxy_from_url.connection_from_url.proxy_pool._get_conn.putheader": [], "urllib3.poolmanager.PoolManager.connection_from_url._get_conn.putheader": [], "urllib3.poolmanager.proxy_from_url.connection_from_url.proxy_pool._get_conn.endheaders": [], "urllib3.poolmanager.PoolManager.connection_from_url._get_conn.endheaders": [], "urllib3.poolmanager.PoolManager.connection_from_url.proxy_pool._get_conn.endheaders": [], "urllib3.poolmanager.proxy_from_url.connection_from_url._get_conn.endheaders": [], "<builtin>.hex": [], "urllib3.poolmanager.PoolManager.connection_from_url.proxy_pool._get_conn.send": [], "urllib3.poolmanager.PoolManager.connection_from_url._get_conn.send": [], "urllib3.poolmanager.proxy_from_url.connection_from_url.proxy_pool._get_conn.send": [], "urllib3.poolmanager.proxy_from_url.connection_from_url._get_conn.send": [], "urllib3.poolmanager.PoolManager.connection_from_url.proxy_pool._get_conn.getresponse": [], "urllib3.poolmanager.PoolManager.connection_from_url._get_conn.getresponse": [], "urllib3.poolmanager.proxy_from_url.connection_from_url.proxy_pool._get_conn.getresponse": [], "urllib3.poolmanager.proxy_from_url.connection_from_url._get_conn.getresponse": [], "urllib3.response.HTTPResponse.from_httplib": [], "urllib3.poolmanager.proxy_from_url.connection_from_url.proxy_pool._get_conn.close": [], "urllib3.poolmanager.proxy_from_url.connection_from_url._get_conn.close": [], "urllib3.poolmanager.PoolManager.connection_from_url._get_conn.close": [], "urllib3.poolmanager.PoolManager.connection_from_url.proxy_pool._get_conn.close": [], "requests.auth": [], "base64.b64encode": [], "base64.b64encode.strip": [], "requests.auth.AuthBase.__call__": ["<builtin>.NotImplementedError"], "requests.auth.HTTPBasicAuth.__init__": [], "requests.auth.HTTPBasicAuth.__eq__": ["<builtin>.all"], "<builtin>.all": [], "requests.auth.HTTPBasicAuth.__ne__": [], "requests.auth.HTTPBasicAuth.__call__": ["requests.auth._basic_auth_str"], "requests.auth.HTTPProxyAuth.__call__": ["requests.auth._basic_auth_str"], "requests.auth.HTTPDigestAuth.__init__": ["threading.local"], "threading.local": [], "requests.auth.HTTPDigestAuth.init_per_thread_state": ["<builtin>.hasattr"], "requests.auth.HTTPDigestAuth.build_digest_header": ["requests.auth.HTTPDigestAuth.build_digest_header.<lambda1>", "requests.auth.HTTPDigestAuth.build_digest_header.sha512_utf8", "threading.local.chal.get.split", "time.ctime.encode", "requests.auth.HTTPDigestAuth.build_digest_header.sha_utf8", "threading.local.chal.get.upper", "threading.local.chal.get", "hashlib.sha1.hexdigest", "urllib.parse.urlparse", "hashlib.sha1", "requests.auth.HTTPDigestAuth.build_digest_header.sha256_utf8", "requests.auth.HTTPDigestAuth.build_digest_header.md5_utf8", "os.urandom", "time.ctime"], "threading.local.chal.get": [], "threading.local.chal.get.upper": [], "requests.auth.HTTPDigestAuth.build_digest_header.md5_utf8": ["hashlib.md5.hexdigest", "hashlib.md5", "<builtin>.isinstance"], "hashlib.md5": [], "hashlib.md5.hexdigest": [], "requests.auth.HTTPDigestAuth.build_digest_header.sha_utf8": ["hashlib.sha1", "hashlib.sha1.hexdigest", "<builtin>.isinstance"], "hashlib.sha1": [], "hashlib.sha1.hexdigest": [], "requests.auth.HTTPDigestAuth.build_digest_header.sha256_utf8": ["hashlib.sha256.hexdigest", "hashlib.sha256", "<builtin>.isinstance"], "hashlib.sha256": [], "hashlib.sha256.hexdigest": [], "requests.auth.HTTPDigestAuth.build_digest_header.sha512_utf8": ["hashlib.sha512", "hashlib.sha512.hexdigest", "<builtin>.isinstance"], "hashlib.sha512": [], "hashlib.sha512.hexdigest": [], "requests.auth.HTTPDigestAuth.build_digest_header.<lambda1>": ["requests.auth.HTTPDigestAuth.build_digest_header.md5_utf8", "requests.auth.HTTPDigestAuth.build_digest_header.sha512_utf8", "requests.auth.HTTPDigestAuth.build_digest_header.sha_utf8", "requests.auth.HTTPDigestAuth.build_digest_header.sha256_utf8"], "time.ctime": [], "time.ctime.encode": [], "os.urandom": [], "threading.local.chal.get.split": [], "requests.auth.HTTPDigestAuth.handle_redirect": [], "requests.auth.HTTPDigestAuth.handle_401": ["requests.utils.parse_dict_header", "re.compile.sub", "requests.cookies.extract_cookies_to_jar", "requests.auth.HTTPDigestAuth.build_digest_header", "re.compile"], "re.compile.sub": [], "requests.auth.HTTPDigestAuth.__call__": ["requests.auth.HTTPDigestAuth.build_digest_header", "requests.auth.HTTPDigestAuth.init_per_thread_state"], "requests.auth.HTTPDigestAuth.__eq__": ["<builtin>.all"], "requests.auth.HTTPDigestAuth.__ne__": [], "requests.models": [], "requests.models.RequestEncodingMixin.path_url": ["urllib.parse.urlsplit"], "urllib.parse.urlsplit": [], "requests.models.RequestEncodingMixin._encode_params": ["urllib.parse.urlencode", "requests.utils.to_key_val_list", "<builtin>.hasattr", "<builtin>.isinstance"], "urllib.parse.urlencode": [], "requests.models.RequestEncodingMixin._encode_files": ["urllib3.filepost.encode_multipart_formdata", "requests.utils.guess_filename", "<builtin>.str", "<builtin>.ValueError", "requests.utils.to_key_val_list", "urllib3.fields.RequestField", "<builtin>.len", "urllib3.fields.RequestField.make_multipart", "<builtin>.hasattr", "<builtin>.isinstance"], "urllib3.fields.RequestField": [], "urllib3.fields.RequestField.make_multipart": [], "urllib3.filepost.encode_multipart_formdata": [], "requests.models.RequestHooksMixin.register_hook": ["<builtin>.hasattr", "<builtin>.isinstance", "<builtin>.ValueError"], "requests.models.RequestHooksMixin.deregister_hook": [], "requests.models.Request.__repr__": [], "requests.models.Request.prepare": ["requests.models.PreparedRequest.__init__", "requests.models.PreparedRequest.prepare"], "requests.models.PreparedRequest.prepare_method": ["urllib.parse.urlunparse.upper", "urllib.parse.urljoin.decode.upper", "urllib.parse.quote.upper", "base64.b64encode.strip.decode.upper", "urllib.parse.urlunparse.decode.upper", "collections.abc.MutableMapping.upper", "base64.b64encode.strip.upper", "requests._internal_utils.to_native_string", "urllib.parse.quote.lstrip.upper", "urllib.parse.urlparse._replace.geturl.decode.upper", "urllib.parse.urlparse.geturl.upper", "urllib.parse.quote.decode.upper", "urllib.parse.quote.lstrip.decode.upper", "urllib.parse.urlparse.geturl.decode.upper", "urllib.parse.quote.decode.lstrip.upper", "urllib.parse.urlparse._replace.geturl.upper", "urllib.parse.urljoin.upper", "collections.abc.MutableMapping.decode.upper"], "requests.models.PreparedRequest.prepare_url": ["urllib.parse.quote.decode.lower.startswith", "requests._internal_utils.to_native_string", "urllib.parse.urlunparse", "urllib.parse.quote.lstrip.decode", "urllib.parse.quote.decode.lstrip.lower.startswith", "urllib.parse.quote.decode.lstrip", "urllib3.util.parse_url", "requests.models.RequestEncodingMixin._encode_params", "requests.models.PreparedRequest._get_idna_encoded_host", "urllib.parse.quote.lower.startswith", "urllib.parse.quote.lower", "urllib.parse.quote.lstrip", "urllib.parse.quote.decode.lstrip.lower", "requests.utils.requote_uri", "urllib.parse.quote.lstrip.lower", "idna.encode.decode.startswith", "<builtin>.str", "urllib.parse.quote.decode.lower", "urllib.parse.quote.lstrip.lower.startswith", "urllib.parse.quote.lstrip.decode.lower.startswith", "requests._internal_utils.unicode_is_ascii", "requests.exceptions.RequestException.__init__", "urllib.parse.quote.decode", "urllib.parse.quote.lstrip.decode.lower", "<builtin>.isinstance"], "requests.models.PreparedRequest.prepare_headers": ["requests.utils.check_header_validity", "requests.structures.CaseInsensitiveDict.__init__", "requests._internal_utils.to_native_string", "collections.abc.MutableMapping.items"], "requests.models.PreparedRequest.prepare_body": ["urllib.parse.urlparse._replace.geturl.decode.encode", "urllib.parse.quote.decode.lstrip.upper.encode.tell", "urllib.parse.urlparse._replace.geturl.decode.upper.encode", "json.dumps.encode.tell", "urllib.parse.quote.decode.tell", "collections.abc.MutableMapping.encode", "urllib.parse.urlunparse.encode", "urllib.parse.urlunparse.upper.decode.encode.tell", "urllib.parse.urlunparse.decode.tell", "urllib.parse.urljoin.decode.upper.tell", "collections.abc.MutableMapping.upper.encode.tell", "urllib.parse.urljoin.encode.tell", "urllib.parse.urljoin.upper.decode.encode", "requests.models.RequestEncodingMixin._encode_files", "urllib.parse.quote.decode.encode.tell", "collections.abc.MutableMapping.decode.upper.encode.tell", "urllib.parse.urljoin.decode.encode", "urllib.parse.urlparse._replace.geturl.upper.decode.tell", "requests.utils.super_len", "collections.abc.MutableMapping.decode.tell", "urllib.parse.urljoin.decode.upper.encode", "urllib.parse.quote.lstrip.upper.tell", "collections.abc.MutableMapping.upper.encode", "urllib.parse.urlparse.geturl.decode.encode", "collections.abc.MutableMapping.tell", "collections.abc.MutableMapping.decode.encode", "urllib.parse.urlunparse.decode.encode.tell", "simplejson.dumps.encode", "base64.b64encode.strip.upper.decode.tell", "urllib.parse.urlparse._replace.geturl.decode.upper.encode.tell", "urllib.parse.quote.encode", "urllib.parse.quote.lstrip.upper.encode.tell", "urllib.parse.quote.lstrip.decode.tell", "urllib.parse.urlunparse.decode.encode", "urllib.parse.urlparse.geturl.decode.encode.tell", "urllib.parse.urlunparse.encode.tell", "requests.models.PreparedRequest.prepare_content_length", "urllib.parse.urlunparse.upper.encode.tell", "urllib.parse.urlparse._replace.geturl.decode.encode.tell", "base64.b64encode.strip.tell", "urllib.parse.quote.upper.tell", "urllib.parse.urljoin.upper.decode.tell", "urllib.parse.urlparse.geturl.upper.encode.tell", "urllib.parse.urlparse._replace.geturl.decode.tell", "urllib.parse.urlparse.geturl.upper.tell", "simplejson.dumps.encode.tell", "<builtin>.NotImplementedError", "collections.abc.MutableMapping.upper.decode.encode.tell", "urllib.parse.quote.lstrip.decode.upper.encode", "urllib.parse.urlparse._replace.geturl.tell", "json.dumps", "urllib.parse.urlunparse.upper.encode", "urllib.parse.urlparse.geturl.upper.decode.tell", "urllib.parse.urlparse.geturl.upper.decode.encode.tell", "simplejson.dumps.tell", "urllib.parse.urlparse.geturl.decode.upper.encode.tell", "collections.abc.MutableMapping.upper.decode.encode", "urllib.parse.urlparse._replace.geturl.upper.encode.tell", "urllib.parse.urlunparse.decode.upper.encode", "urllib.parse.quote.decode.lstrip.encode.tell", "urllib.parse.quote.lstrip.encode", "urllib.parse.quote.upper.encode", "collections.abc.MutableMapping.upper.tell", "urllib.parse.quote.tell", "urllib.parse.urlparse.geturl.tell", "urllib.parse.urlparse.geturl.upper.decode.encode", "collections.abc.MutableMapping.decode.upper.tell", "urllib.parse.urlparse.geturl.upper.encode", "urllib.parse.urljoin.upper.encode", "urllib.parse.urljoin.upper.decode.encode.tell", "urllib.parse.urljoin.decode.encode.tell", "urllib.parse.urlparse.geturl.decode.tell", "urllib.parse.urlparse._replace.geturl.encode", "collections.abc.MutableMapping.encode.tell", "urllib.parse.urlunparse.tell", "requests.exceptions.RequestException.__init__", "urllib.parse.quote.decode.lstrip.upper.tell", "<builtin>.all", "urllib.parse.quote.lstrip.decode.upper.encode.tell", "urllib.parse.urljoin.upper.encode.tell", "urllib.parse.quote.decode.lstrip.upper.encode", "urllib.parse.quote.decode.upper.encode", "simplejson.dumps", "urllib.parse.urlparse.geturl.decode.upper.encode", "urllib.parse.quote.decode.encode", "urllib.parse.urlparse._replace.geturl.decode.upper.tell", "urllib.parse.quote.lstrip.upper.decode.encode", "<builtin>.object", "requests.models.RequestEncodingMixin._encode_params", "urllib.parse.urljoin.encode", "urllib.parse.quote.decode.upper.encode.tell", "urllib.parse.urlparse._replace.geturl.upper.decode.encode", "<builtin>.getattr", "urllib.parse.quote.decode.lstrip.encode", "urllib.parse.quote.upper.decode.tell", "urllib.parse.urlparse._replace.geturl.upper.encode", "urllib.parse.urlparse._replace.geturl.encode.tell", "urllib.parse.urlunparse.decode.upper.tell", "urllib.parse.quote.lstrip.upper.encode", "<builtin>.hasattr", "urllib.parse.quote.lstrip.decode.encode", "urllib.parse.quote.lstrip.decode.encode.tell", "urllib.parse.urlencode.tell", "base64.b64encode.strip.upper.tell", "collections.abc.MutableMapping.decode.upper.encode", "urllib.parse.urlparse.geturl.encode", "urllib.parse.quote.decode.lstrip.tell", "urllib.parse.quote.encode.tell", "base64.b64encode.strip.decode.tell", "<builtin>.isinstance", "collections.abc.MutableMapping.decode.encode.tell", "urllib.parse.quote.lstrip.encode.tell", "urllib.parse.urlparse.geturl.encode.tell", "urllib.parse.quote.lstrip.tell", "urllib.parse.quote.lstrip.decode.upper.tell", "base64.b64encode.strip.decode.upper.tell", "urllib.parse.quote.upper.decode.encode.tell", "urllib.parse.urlunparse.upper.tell", "urllib.parse.urljoin.decode.tell", "urllib.parse.urljoin.decode.upper.encode.tell", "urllib.parse.urlunparse.decode.upper.encode.tell", "json.dumps.encode", "json.dumps.tell", "urllib.parse.urlunparse.upper.decode.tell", "urllib.parse.quote.lstrip.upper.decode.tell", "collections.abc.MutableMapping.upper.decode.tell", "urllib.parse.urljoin.upper.tell", "urllib.parse.quote.upper.encode.tell", "urllib.parse.urlunparse.upper.decode.encode", "urllib.parse.quote.decode.upper.tell", "urllib.parse.urlparse._replace.geturl.upper.decode.encode.tell", "urllib.parse.quote.lstrip.upper.decode.encode.tell", "urllib.parse.urlparse._replace.geturl.upper.tell", "urllib.parse.urljoin.tell", "urllib.parse.quote.upper.decode.encode", "urllib.parse.urlparse.geturl.decode.upper.tell"], "requests.models.PreparedRequest.prepare_hooks": ["requests.models.RequestHooksMixin.register_hook", "requests.structures.CaseInsensitiveDict.__iter__"], "requests.models.PreparedRequest.__repr__": [], "urllib.parse.quote.upper": [], "collections.abc.MutableMapping.upper": [], "urllib.parse.quote.decode.upper": [], "urllib.parse.urlparse.geturl.decode.upper": [], "urllib.parse.urlparse._replace.geturl.upper": [], "urllib.parse.urlunparse.upper": [], "urllib.parse.urljoin.decode.upper": [], "base64.b64encode.strip.decode.upper": [], "urllib.parse.urlunparse.decode.upper": [], "base64.b64encode.strip.upper": [], "urllib.parse.quote.lstrip.upper": [], "urllib.parse.urlparse._replace.geturl.decode.upper": [], "urllib.parse.urlparse.geturl.upper": [], "urllib.parse.quote.lstrip.decode.upper": [], "urllib.parse.quote.decode.lstrip.upper": [], "urllib.parse.urljoin.upper": [], "collections.abc.MutableMapping.decode.upper": [], "requests.models.PreparedRequest._get_idna_encoded_host": ["idna.encode.decode", "idna.encode"], "idna.encode": [], "idna.encode.decode": [], "urllib.parse.quote.lstrip": [], "urllib.parse.quote.decode.lstrip": [], "idna.encode.decode.startswith": [], "simplejson.dumps": [], "json.dumps": [], "urllib.parse.urlparse.geturl.decode.upper.encode": [], "urllib.parse.urlparse._replace.geturl.decode.encode": [], "urllib.parse.urlparse._replace.geturl.decode.upper.encode": [], "urllib.parse.quote.decode.encode": [], "urllib.parse.quote.lstrip.upper.decode.encode": [], "collections.abc.MutableMapping.encode": [], "urllib.parse.urlunparse.encode": [], "urllib.parse.urljoin.encode": [], "urllib.parse.quote.lstrip.decode.upper.encode": [], "urllib.parse.urlunparse.upper.encode": [], "urllib.parse.urljoin.upper.decode.encode": [], "urllib.parse.urlparse._replace.geturl.upper.decode.encode": [], "json.dumps.encode": [], "urllib.parse.urljoin.decode.encode": [], "collections.abc.MutableMapping.upper.decode.encode": [], "urllib.parse.urlunparse.decode.upper.encode": [], "urllib.parse.quote.lstrip.encode": [], "urllib.parse.quote.decode.lstrip.encode": [], "urllib.parse.urljoin.decode.upper.encode": [], "urllib.parse.quote.upper.encode": [], "collections.abc.MutableMapping.upper.encode": [], "urllib.parse.urlparse._replace.geturl.upper.encode": [], "urllib.parse.urlparse.geturl.decode.encode": [], "urllib.parse.urlunparse.upper.decode.encode": [], "urllib.parse.urlparse.geturl.upper.decode.encode": [], "urllib.parse.quote.lstrip.upper.encode": [], "urllib.parse.urlparse.geturl.upper.encode": [], "urllib.parse.urljoin.upper.encode": [], "urllib.parse.quote.lstrip.decode.encode": [], "collections.abc.MutableMapping.decode.encode": [], "simplejson.dumps.encode": [], "urllib.parse.urlparse._replace.geturl.encode": [], "urllib.parse.quote.encode": [], "collections.abc.MutableMapping.decode.upper.encode": [], "urllib.parse.urlparse.geturl.encode": [], "urllib.parse.quote.upper.decode.encode": [], "urllib.parse.urlunparse.decode.encode": [], "urllib.parse.quote.decode.lstrip.upper.encode": [], "urllib.parse.quote.decode.upper.encode": [], "<builtin>.object": [], "requests.models.PreparedRequest.prepare_content_length": ["collections.abc.MutableMapping.get", "requests.utils.super_len"], "<builtin>.any": [], "requests.models.Response.__enter__": [], "requests.models.Response.__exit__": ["requests.models.Response.close"], "requests.models.Response.close": ["urllib3.poolmanager.proxy_from_url.connection_from_url.proxy_pool.urlopen.close", "urllib3.response.HTTPResponse.from_httplib.close", "urllib3.poolmanager.PoolManager.connection_from_url.proxy_pool.urlopen.close", "<builtin>.getattr", "urllib3.poolmanager.PoolManager.connection_from_url.urlopen.close", "urllib3.poolmanager.proxy_from_url.connection_from_url.urlopen.close"], "requests.models.Response.__getstate__": ["<builtin>.getattr"], "requests.models.Response.__setstate__": ["<builtin>.setattr"], "requests.models.Response.__repr__": [], "requests.models.Response.__bool__": [], "requests.models.Response.__nonzero__": [], "requests.models.Response.__iter__": ["requests.models.Response.iter_content"], "requests.models.Response.iter_content": ["<builtin>.TypeError", "requests.utils.stream_decode_response_unicode", "requests.utils.iter_slices", "requests.models.Response.iter_content.generate", "requests.exceptions.RequestException.__init__", "<builtin>.type", "<builtin>.isinstance"], "requests.models.Response.ok": ["requests.models.Response.raise_for_status"], "requests.models.Response.raise_for_status": ["urllib3.response.HTTPResponse.from_httplib.reason.decode", "urllib3.poolmanager.PoolManager.connection_from_url.proxy_pool.urlopen.reason.decode", "requests.exceptions.RequestException.__init__", "urllib3.poolmanager.proxy_from_url.connection_from_url.proxy_pool.urlopen.reason.decode", "urllib3.poolmanager.PoolManager.connection_from_url.urlopen.reason.decode", "urllib3.poolmanager.proxy_from_url.connection_from_url.urlopen.reason.decode", "<builtin>.isinstance"], "requests.models.Response.is_redirect": [], "requests.models.Response.is_permanent_redirect": [], "requests.models.Response.next": [], "requests.models.Response.apparent_encoding": ["charset_normalizer.detect", "chardet.detect"], "charset_normalizer.detect": [], "chardet.detect": [], "requests.models.Response.iter_content.generate": ["urllib3.poolmanager.PoolManager.connection_from_url.proxy_pool.urlopen.stream", "urllib3.poolmanager.PoolManager.connection_from_url.proxy_pool.urlopen.read", "urllib3.poolmanager.PoolManager.connection_from_url.urlopen.stream", "urllib3.poolmanager.proxy_from_url.connection_from_url.urlopen.stream", "urllib3.poolmanager.PoolManager.connection_from_url.urlopen.read", "urllib3.response.HTTPResponse.from_httplib.read", "requests.exceptions.RequestException.__init__", "urllib3.poolmanager.proxy_from_url.connection_from_url.proxy_pool.urlopen.read", "urllib3.poolmanager.proxy_from_url.connection_from_url.urlopen.read", "urllib3.response.HTTPResponse.from_httplib.stream", "urllib3.poolmanager.proxy_from_url.connection_from_url.proxy_pool.urlopen.stream", "<builtin>.hasattr"], "urllib3.poolmanager.PoolManager.connection_from_url.proxy_pool.urlopen.stream": [], "urllib3.poolmanager.PoolManager.connection_from_url.urlopen.stream": [], "urllib3.poolmanager.proxy_from_url.connection_from_url.urlopen.stream": [], "urllib3.response.HTTPResponse.from_httplib.stream": [], "urllib3.poolmanager.proxy_from_url.connection_from_url.proxy_pool.urlopen.stream": [], "urllib3.poolmanager.PoolManager.connection_from_url.proxy_pool.urlopen.read": [], "urllib3.poolmanager.PoolManager.connection_from_url.urlopen.read": [], "urllib3.response.HTTPResponse.from_httplib.read": [], "urllib3.poolmanager.proxy_from_url.connection_from_url.proxy_pool.urlopen.read": [], "urllib3.poolmanager.proxy_from_url.connection_from_url.urlopen.read": [], "requests.models.Response.iter_lines": ["requests.models.Response.iter_content"], "requests.models.Response.content": ["<builtin>.RuntimeError", "requests.models.Response.iter_content"], "<builtin>.RuntimeError": [], "requests.models.Response.text": ["<builtin>.str"], "requests.models.Response.json": ["simplejson.loads", "<builtin>.len", "json.loads", "requests.utils.guess_json_utf", "requests.exceptions.JSONDecodeError.__init__"], "simplejson.loads": [], "json.loads": [], "requests.exceptions.JSONDecodeError.__init__": ["simplejson.JSONDecodeError.__init__", "json.JSONDecodeError.__init__", "requests.exceptions.RequestException.__init__"], "requests.models.Response.links": ["collections.abc.MutableMapping.get", "requests.utils.parse_header_links"], "urllib3.response.HTTPResponse.from_httplib.reason.decode": [], "urllib3.poolmanager.PoolManager.connection_from_url.proxy_pool.urlopen.reason.decode": [], "urllib3.poolmanager.proxy_from_url.connection_from_url.proxy_pool.urlopen.reason.decode": [], "urllib3.poolmanager.PoolManager.connection_from_url.urlopen.reason.decode": [], "urllib3.poolmanager.proxy_from_url.connection_from_url.urlopen.reason.decode": [], "urllib3.poolmanager.proxy_from_url.connection_from_url.proxy_pool.urlopen.close": [], "urllib3.response.HTTPResponse.from_httplib.close": [], "urllib3.poolmanager.PoolManager.connection_from_url.proxy_pool.urlopen.close": [], "urllib3.poolmanager.PoolManager.connection_from_url.urlopen.close": [], "urllib3.poolmanager.proxy_from_url.connection_from_url.urlopen.close": [], "requests.status_codes": ["requests.structures.LookupDict.__init__", "requests.status_codes._init"], "requests.status_codes._init": ["<builtin>.sorted", "<builtin>.setattr", "requests.status_codes._init.doc"], "requests.status_codes._init.doc": [], "<builtin>.sorted": [], "requests.hooks": [], "requests.exceptions": [], "simplejson.JSONDecodeError.__init__": [], "json.JSONDecodeError.__init__": [], "requests.compat": [], "requests.api": [], "requests.api.request": ["requests.sessions.Session.__init__"], "requests.api.get": ["requests.api.request"], "requests.api.options": ["requests.api.request"], "requests.api.head": ["requests.api.request"], "requests.api.post": ["requests.api.request"], "requests.api.put": ["requests.api.request"], "requests.api.patch": ["requests.api.request"], "requests.api.delete": ["requests.api.request"], "requests.help": ["requests.help.main"], "requests.help._implementation": ["platform.python_implementation", "platform.python_version"], "platform.python_implementation": [], "platform.python_version": [], "requests.help.info": ["platform.system", "<builtin>.getattr", "requests.help._implementation", "platform.release"], "platform.system": [], "platform.release": [], "requests.help.main": ["requests.help.info", "json.dumps", "<builtin>.print"], "setup": ["os.path.join", "setuptools.setup", "<builtin>.exec", "os.path.abspath", "os.system", "sys.stderr.write", "os.path.dirname", "sys.exit", "codecs.open"], "sys.stderr.write": [], "sys.exit": [], "setup.PyTest.initialize_options": ["<builtin>.str", "multiprocessing.cpu_count", "setuptools.command.test.test.initialize_options"], "setuptools.command.test.test.initialize_options": [], "multiprocessing.cpu_count": [], "setup.PyTest.finalize_options": ["setuptools.command.test.test.finalize_options"], "setuptools.command.test.test.finalize_options": [], "setup.PyTest.run_tests": ["sys.exit", "pytest.main"], "pytest.main": [], "os.system": [], "codecs.open": [], "<builtin>.exec": [], "setuptools.setup": []}