{"tests.test_bytes": ["pytest.mark.parametrize"], "pytest.mark.parametrize": [], "tests.test_bytes.test_guess_bytes": ["ftfy.guess_bytes"], "ftfy.guess_bytes": ["<builtin>.isinstance", "<builtin>.UnicodeError", "<builtin>.set"], "tests.test_bytes.test_guess_bytes_null": ["ftfy.guess_bytes"], "tests.test_bytes.test_incomplete_sequences": ["encodings.utf_8.IncrementalDecoder.__init__", "<builtin>.range", "<builtin>.len", "encodings.utf_8.IncrementalDecoder.decode"], "<builtin>.len": [], "<builtin>.range": [], "encodings.utf_8.IncrementalDecoder.__init__": [], "encodings.utf_8.IncrementalDecoder.decode": [], "ftfy.bad_codecs.utf8_variants": ["re.compile", "codecs.CodecInfo"], "re.compile": [], "ftfy.bad_codecs.utf8_variants.IncrementalDecoder._buffer_decode": ["<builtin>.len", "ftfy.bad_codecs.utf8_variants.IncrementalDecoder._buffer_decode_step"], "ftfy.bad_codecs.utf8_variants.IncrementalDecoder._buffer_decode_step": ["<builtin>.len", "re.compile.search.start", "encodings.utf_8.IncrementalDecoder._buffer_decode", "ftfy.bad_codecs.utf8_variants.IncrementalDecoder._buffer_decode_surrogates", "re.compile.search"], "re.compile.search": [], "encodings.utf_8.IncrementalDecoder._buffer_decode": [], "re.compile.search.start": [], "ftfy.bad_codecs.utf8_variants.IncrementalDecoder._buffer_decode_surrogates": ["encodings.utf_8.IncrementalDecoder._buffer_decode", "<builtin>.chr", "re.compile.match", "<builtin>.len"], "re.compile.match": [], "<builtin>.chr": [], "ftfy.bad_codecs.utf8_variants.StreamWriter.encode": ["encodings.utf_8.IncrementalEncoder", "<builtin>.len"], "encodings.utf_8.IncrementalEncoder": [], "ftfy.bad_codecs.utf8_variants.StreamReader.decode": ["encodings.utf_8.IncrementalDecoder.__init__", "<builtin>.len", "encodings.utf_8.IncrementalDecoder.decode"], "codecs.CodecInfo": [], "ftfy": ["ftfy.bad_codecs.ok", "typing.no_type_check"], "ftfy.bad_codecs.ok": [], "ftfy.ExplanationStep.__repr__": ["<builtin>.repr", "<builtin>.tuple"], "<builtin>.tuple": [], "<builtin>.repr": [], "ftfy._config_from_kwargs": ["warnings.warn", "typing.NamedTuple._replace"], "warnings.warn": [], "typing.NamedTuple._replace": [], "ftfy._try_fix": ["typing.cast", "<builtin>.getattr", "typing.NamedTuple.__init__"], "<builtin>.getattr": [], "typing.NamedTuple.__init__": [], "typing.cast": [], "ftfy.fix_text": ["<builtin>.isinstance", "typing.NamedTuple._replace", "<builtin>.len", "ftfy.fix_and_explain", "ftfy._config_from_kwargs", "<builtin>.UnicodeError", "typing.NamedTuple.__init__"], "<builtin>.isinstance": [], "<builtin>.UnicodeError": [], "ftfy.fix_and_explain": ["<builtin>.isinstance", "typing.NamedTuple._replace", "ftfy.fix_encoding", "ftfy._config_from_kwargs", "ftfy._try_fix", "ftfy.fix_encoding_and_explain", "<builtin>.UnicodeError", "typing.NamedTuple.__init__", "unicodedata.normalize"], "ftfy.fix_encoding": ["ftfy._config_from_kwargs", "ftfy.fix_encoding_and_explain", "typing.NamedTuple.__init__"], "ftfy.fix_encoding_and_explain": ["<builtin>.isinstance", "ftfy._config_from_kwargs", "<builtin>.UnicodeError", "ftfy._fix_encoding_one_step_and_explain", "typing.NamedTuple.__init__"], "unicodedata.normalize": [], "ftfy._fix_encoding_one_step_and_explain": ["ftfy.chardata.possible_encoding", "unicodedata.normalize.encode", "unicodedata.normalize.encode.decode", "ftfy.fixes.decode_inconsistent_utf8", "<builtin>.len", "ftfy.fixes.fix_c1_controls", "typing.cast.encode.decode", "typing.cast.encode", "ftfy.fixes.restore_byte_a0", "re.compile.sub.decode", "re.compile.search", "typing.NamedTuple.__init__", "ftfy.fixes.replace_lossy_sequences", "ftfy.badness.is_bad"], "ftfy.chardata.possible_encoding": ["<builtin>.bool"], "ftfy.badness.is_bad": ["<builtin>.bool", "re.compile.search"], "unicodedata.normalize.encode": [], "typing.cast.encode": [], "ftfy.fixes.restore_byte_a0": ["re.compile.sub"], "ftfy.fixes.replace_lossy_sequences": ["re.compile.sub"], "re.compile.sub.decode": [], "typing.cast.encode.decode": [], "unicodedata.normalize.encode.decode": [], "ftfy.fixes.decode_inconsistent_utf8": ["re.compile.sub"], "ftfy.fixes.fix_c1_controls": ["re.compile.sub"], "ftfy.fix_text_segment": ["ftfy._config_from_kwargs", "ftfy.fix_and_explain", "typing.NamedTuple.__init__"], "ftfy.fix_file": ["<builtin>.isinstance", "typing.NamedTuple._replace", "ftfy.fix_and_explain", "ftfy._config_from_kwargs", "typing.NamedTuple.__init__", "ftfy.guess_bytes"], "<builtin>.set": [], "typing.no_type_check": [], "ftfy.apply_plan": ["<builtin>.ValueError"], "<builtin>.ValueError": [], "ftfy.explain_unicode": ["ftfy.formatting.display_ljust", "<builtin>.ord", "unicodedata.category", "<builtin>.print", "unicodedata.name"], "ftfy.formatting.display_ljust": ["<builtin>.ValueError", "ftfy.formatting.monospaced_width", "ftfy.formatting.character_width", "<builtin>.max"], "<builtin>.ord": [], "unicodedata.category": [], "unicodedata.name": [], "<builtin>.print": [], "ftfy.bad_codecs": ["codecs.register"], "ftfy.bad_codecs.search_function": ["encodings.normalize_encoding.startswith", "encodings.normalize_encoding"], "encodings.normalize_encoding": [], "encodings.normalize_encoding.startswith": [], "codecs.register": [], "ftfy.bad_codecs.sloppy": ["<builtin>.range", "ftfy.bad_codecs.sloppy.make_sloppy_codec", "encodings.normalize_encoding"], "ftfy.bad_codecs.sloppy.make_sloppy_codec": ["<builtin>.enumerate", "codecs.charmap_build", "codecs.Codec.__init__", "<builtin>.bytes", "<builtin>.list", "codecs.CodecInfo", "<builtin>.range"], "<builtin>.bytes": [], "<builtin>.list": [], "<builtin>.enumerate": [], "codecs.charmap_build": [], "ftfy.bad_codecs.sloppy.make_sloppy_codec.Codec.encode": ["codecs.charmap_encode"], "codecs.charmap_encode": [], "ftfy.bad_codecs.sloppy.make_sloppy_codec.Codec.decode": ["codecs.charmap_decode"], "codecs.charmap_decode": [], "ftfy.bad_codecs.sloppy.make_sloppy_codec.IncrementalEncoder.encode": ["codecs.charmap_encode"], "ftfy.bad_codecs.sloppy.make_sloppy_codec.IncrementalDecoder.decode": ["codecs.charmap_decode"], "codecs.Codec.__init__": [], "ftfy.badness": ["re.compile"], "ftfy.badness.sequence_weirdness": ["warnings.warn", "ftfy.badness.badness"], "ftfy.badness.badness": ["re.compile.findall", "<builtin>.len"], "re.compile.findall": [], "<builtin>.bool": [], "ftfy.fixes": ["re.compile"], "ftfy.fixes.fix_encoding_and_explain": ["warnings.warn", "ftfy.fix_encoding_and_explain"], "ftfy.fixes.fix_encoding": ["warnings.warn", "ftfy.fix_encoding"], "ftfy.fixes.apply_plan": ["warnings.warn", "ftfy.apply_plan"], "ftfy.fixes._unescape_fixup": ["html.unescape"], "html.unescape": [], "ftfy.fixes.unescape_html": ["re.compile.sub"], "re.compile.sub": [], "ftfy.fixes.remove_terminal_escapes": ["re.compile.sub"], "ftfy.fixes.uncurl_quotes": ["re.compile.sub"], "ftfy.fixes.fix_latin_ligatures": [], "ftfy.fixes.fix_character_width": [], "ftfy.fixes.fix_line_breaks": [], "ftfy.fixes.convert_surrogate_pair": ["<builtin>.ord", "<builtin>.chr"], "ftfy.fixes.fix_surrogates": ["re.compile.sub", "re.compile.search"], "ftfy.fixes.remove_control_chars": [], "ftfy.fixes.remove_bom": ["<builtin>.chr"], "ftfy.fixes.decode_escapes": ["re.compile.sub"], "ftfy.fixes.decode_escapes.decode_match": ["codecs.decode"], "codecs.decode": [], "ftfy.fixes.restore_byte_a0.replacement": [], "ftfy.fixes.decode_inconsistent_utf8.fix_embedded_mojibake": ["ftfy.fix_encoding", "ftfy.badness.is_bad", "<builtin>.len"], "ftfy.fixes._c1_fixer": [], "ftfy.chardata": ["ftfy.chardata._build_width_map", "<builtin>.ord", "ftfy.chardata._build_control_char_mapping", "re.compile", "ftfy.chardata._build_html_entities", "ftfy.chardata._build_regexes"], "ftfy.chardata._build_regexes": ["<builtin>.bytes", "re.compile", "<builtin>.list", "<builtin>.range"], "ftfy.chardata._build_html_entities": ["html.entities.html5.items", "html.unescape"], "html.entities.html5.items": [], "ftfy.chardata._build_control_char_mapping": ["itertools.chain", "<builtin>.range"], "itertools.chain": [], "ftfy.chardata._build_width_map": ["<builtin>.chr", "<builtin>.range", "unicodedata.normalize"], "ftfy.formatting": [], "ftfy.formatting.character_width": ["wcwidth.wcwidth"], "wcwidth.wcwidth": [], "ftfy.formatting.monospaced_width": ["ftfy.fixes.remove_terminal_escapes", "wcwidth.wcswidth", "unicodedata.normalize"], "wcwidth.wcswidth": [], "<builtin>.max": [], "ftfy.formatting.display_rjust": ["<builtin>.ValueError", "ftfy.formatting.monospaced_width", "ftfy.formatting.character_width", "<builtin>.max"], "ftfy.formatting.display_center": ["<builtin>.ValueError", "ftfy.formatting.monospaced_width", "ftfy.formatting.character_width", "<builtin>.max"], "tests.test_entities": [], "tests.test_entities.test_entities": ["ftfy.fix_text_segment", "ftfy.fix_text", "ftfy.fixes.unescape_html"], "tests.test_entities.test_old_parameter_name": ["pytest.deprecated_call", "ftfy.fix_text"], "pytest.deprecated_call": [], "tests.test_examples_in_json": ["os.path.dirname", "os.path.join", "<builtin>.open", "json.load", "pytest.mark.xfail", "pytest.mark.parametrize"], "os.path.dirname": [], "os.path.join": [], "<builtin>.open": [], "json.load": [], "tests.test_examples_in_json.test_well_formed_example": [], "tests.test_examples_in_json.test_json_example": ["ftfy.fix_and_explain", "ftfy.fix_encoding_and_explain", "ftfy.fix_text", "ftfy.apply_plan"], "pytest.mark.xfail": [], "tests.test_examples_in_json.test_failing_json_example": ["ftfy.fix_encoding_and_explain"], "tests.test_characters": [], "tests.test_characters.test_possible_encoding": ["<builtin>.chr", "ftfy.chardata.possible_encoding", "<builtin>.range"], "tests.test_characters.test_byte_order_mark": ["ftfy.fix_encoding"], "tests.test_characters.test_control_chars": ["ftfy.fixes.remove_control_chars"], "tests.test_characters.test_welsh_flag": ["ftfy.fixes.remove_control_chars"], "tests.test_characters.test_ohio_flag": ["ftfy.fix_text"], "tests.test_characters.test_surrogates": ["ftfy.fixes.fix_surrogates"], "tests.test_characters.test_color_escapes": ["<builtin>.print", "ftfy.fix_and_explain"], "tests.test_encodings": [], "tests.test_encodings.test_cesu8": ["ftfy.bad_codecs.search_function"], "tests.test_encodings.test_russian_crash": ["ftfy.guess_bytes"], "tests.test_cli": ["os.linesep.join", "os.path.join", "os.path.dirname"], "os.linesep.join": [], "tests.test_cli.get_command_output": ["subprocess.check_output", "subprocess.check_output.decode"], "subprocess.check_output": [], "subprocess.check_output.decode": [], "tests.test_cli.test_basic": ["tests.test_cli.get_command_output"], "tests.test_cli.test_guess_bytes": ["tests.test_cli.get_command_output"], "tests.test_cli.test_alternate_encoding": ["tests.test_cli.get_command_output"], "tests.test_cli.test_wrong_encoding": ["tests.test_cli.get_command_output", "pytest.raises"], "pytest.raises": [], "tests.test_cli.test_same_file": ["tests.test_cli.get_command_output", "pytest.raises"], "tests.test_cli.test_stdin": ["tests.test_cli.get_command_output", "<builtin>.open"], "setup": ["setuptools.setup", "sys.version.split", "<builtin>.open", "<builtin>.print", "sys.exit"], "sys.version.split": [], "sys.exit": [], "setuptools.setup": [], "ftfy.cli": ["ftfy.cli.main"], "ftfy.cli.main": ["ftfy.fix_file", "argparse.ArgumentParser.parse_args.normalization.lower", "os.path.realpath", "sys.stderr.write", "sys.stdout.write", "argparse.ArgumentParser.parse_args", "<builtin>.open", "typing.NamedTuple.__init__", "argparse.ArgumentParser", "sys.exit", "argparse.ArgumentParser.add_argument"], "argparse.ArgumentParser": [], "argparse.ArgumentParser.add_argument": [], "argparse.ArgumentParser.parse_args": [], "os.path.realpath": [], "sys.stderr.write": [], "argparse.ArgumentParser.parse_args.normalization.lower": [], "sys.stdout.write": [], "docs.conf": []}