{"docs.conf": [], "tests.test_grab_charset": [], "tests.test_grab_charset.GrabCharsetDetectionTestCase.setUp": [], "tests.test_grab_charset.GrabCharsetDetectionTestCase.test_encoding_option": ["test_server.Respons", "grab.client.reques", "unittest.TestCase.assertEqua"], "test_server.Response": [], "grab.client.request": ["grab.util.types.resolve_entit"], "unittest.TestCase.assertEqual": [], "tests.test_grab_charset.GrabCharsetDetectionTestCase.test_encoding_lowercase": ["test_server.Respons", "grab.client.reques", "unittest.TestCase.assertEqua"], "tests.test_grab_charset.GrabCharsetDetectionTestCase.test_dash2_issue": ["grab.client.reques", "unittest.TestCase.assertFals", "<builtin>.ch", "test_server.Respons", "unittest.TestCase.assertTru"], "<builtin>.chr": [], "unittest.TestCase.assertFalse": [], "unittest.TestCase.assertTrue": [], "tests.test_grab_charset.GrabCharsetDetectionTestCase.test_invalid_charset": ["test_server.Respons", "unittest.TestCase.assertTru", "grab.client.reques"], "tests.test_grab_charset.GrabCharsetDetectionTestCase.test_charset_html5": ["grab.document.Document.__init_", "unittest.TestCase.assertEqua"], "grab.document.Document.__init__": ["<builtin>.ValueErro", "email.message.Messag", "grab.document.Document.process_encodin", "<builtin>.isinstanc"], "tests": [], "grab.document": ["logging.getLogge", "threading.loca", "<builtin>.objec"], "threading.local": [], "logging.getLogger": [], "<builtin>.object": [], "grab.document.normalize_pairs": ["<builtin>.lis", "<builtin>.isinstanc"], "<builtin>.isinstance": [], "<builtin>.list": [], "<builtin>.ValueError": [], "email.message.Message": [], "grab.document.Document.process_encoding": ["grab.document.Document.get_body_chun", "unicodec.normalize_encoding_nam", "unicodec.detect_content_encodin"], "grab.document.Document.__call__": ["grab.document.Document.selec"], "grab.document.Document.select": ["selection.XpathSelecto"], "selection.XpathSelector": [], "unicodec.normalize_encoding_name": [], "grab.document.Document.get_body_chunk": [], "unicodec.detect_content_encoding": [], "grab.document.Document.copy": ["grab.document.Document.cop", "copy.deepcop"], "copy.deepcopy": [], "grab.document.Document.save": ["os.makedir", "os.path.spli", "contextlib.suppres", "<builtin>.ope", "os.path.exist"], "os.path.split": [], "os.path.exists": [], "contextlib.suppress": [], "os.makedirs": [], "<builtin>.open": [], "grab.document.Document.status": [], "grab.document.Document.json": [], "grab.document.Document.url_details": ["urllib.parse.urlspli", "typing.cas"], "typing.cast": [], "urllib.parse.urlsplit": [], "grab.document.Document.query_param": ["urllib.parse.parse_q", "grab.document.Document.url_detail"], "urllib.parse.parse_qs": [], "grab.document.Document.browse": ["grab.document.Document.sav", "tempfile.mkstem", "webbrowser.ope"], "tempfile.mkstemp": [], "webbrowser.open": [], "grab.document.Document.__getstate__": ["<builtin>.typ", "<builtin>.hasatt", "<builtin>.getatt"], "<builtin>.type": [], "<builtin>.getattr": [], "<builtin>.hasattr": [], "grab.document.Document.__setstate__": ["<builtin>.setatt"], "<builtin>.setattr": [], "grab.document.Document.text_search": ["grab.document.Document.unicode_bod", "<builtin>.isinstanc"], "grab.document.Document.unicode_body": ["unicodec.decode_conten"], "grab.document.Document.text_assert": ["grab.document.Document.text_searc", "<builtin>.st"], "<builtin>.str": [], "grab.document.Document.text_assert_any": ["grab.document.Document.text_searc", "<builtin>.an", "<builtin>.ma"], "<builtin>.any": [], "<builtin>.map": [], "grab.document.Document.rex_text": ["grab.document.Document.rex_searc"], "grab.document.Document.rex_search": ["re.compil", "grab.document.Document.unicode_bod", "<builtin>.isinstanc"], "re.compile": [], "grab.document.Document.rex_assert": ["grab.document.Document.rex_searc"], "grab.document.Document.pyquery": ["pyquery.PyQuer"], "pyquery.PyQuery": [], "unicodec.decode_content": [], "grab.document.Document.body": [], "grab.document.Document.tree": ["grab.document.Document.build_html_tre", "grab.document.Document.build_xml_tre"], "grab.document.Document.build_xml_tree": ["grab.document.Document._build_do", "grab.document.Document.unicode_bod"], "grab.document.Document.build_html_tree": ["grab.document.Document._build_do", "<builtin>.st", "grab.document.Document.unicode_bod", "<builtin>.isinstanc"], "grab.document.Document.wrap_io": ["io.StringI", "io.BytesI", "<builtin>.isinstanc"], "io.BytesIO": [], "io.StringIO": [], "grab.document.Document._build_dom": ["lxml.html.HTMLParse", "lxml.etree.pars", "<builtin>.hasatt", "grab.document.Document.wrap_i", "lxml.etree.XMLParse"], "lxml.html.HTMLParser": [], "lxml.etree.parse": [], "lxml.etree.XMLParser": [], "grab.document.Document.choose_form": ["grab.document.Document.selec", "typing.cas"], "grab.document.Document.form": ["grab.document.Document.choose_for", "<builtin>.sorte", "typing.cas", "<builtin>.le", "<builtin>.lis", "<builtin>.enumerat"], "<builtin>.len": [], "<builtin>.enumerate": [], "grab.document.Document.form.<lambda1>": [], "<builtin>.sorted": [], "grab.document.Document.get_cached_form": ["<builtin>.isinstanc", "<builtin>.ValueErro"], "grab.document.Document.set_input": ["grab.document.Document.choose_form_by_elemen", "<builtin>.getatt", "<builtin>.isinstanc"], "grab.document.Document.choose_form_by_element": ["grab.document.Document.selec"], "grab.document.Document.set_input_by_id": ["grab.document.Document.choose_form_by_elemen", "grab.document.Document.set_inpu", "selection.XpathSelecto"], "grab.document.Document.set_input_by_number": ["grab.document.Document.set_inpu", "selection.XpathSelecto"], "grab.document.Document.set_input_by_xpath": ["grab.document.Document.selec", "grab.document.Document.set_inpu"], "grab.document.Document.process_extra_post": [], "grab.document.Document.clean_submit_controls": ["<builtin>.sorte", "<builtin>.se"], "<builtin>.set": [], "grab.document.Document.get_form_request": ["grab.document.normalize_pair", "grab.document.Document.form_field", "grab.document.Document.process_extra_pos", "grab.document.Document.clean_submit_control", "urllib.parse.urljoi", "<builtin>.lis"], "grab.document.Document.form_fields": ["grab.document.Document.build_fields_to_remov", "grab.document.Document.process_form_field", "<builtin>.getatt", "<builtin>.dic"], "urllib.parse.urljoin": [], "grab.document.Document.build_fields_to_remove": ["<builtin>.se", "<builtin>.getatt"], "grab.document.Document.process_form_fields": ["<builtin>.le", "<builtin>.lis", "<builtin>.isinstanc"], "<builtin>.dict": [], "grab.errors": [], "grab.errors.OriginalExceptionGrabError.__init__": ["<builtin>.le", "<builtin>.supe"], "<builtin>.super": [], "grab.errors.raise_feature_is_deprecated": [], "tests.util": ["logging.getLogge", "functools.lru_cach", "os.path.dirnam", "contextlib.contextmanage", "os.path.realpat"], "os.path.realpath": [], "os.path.dirname": [], "functools.lru_cache": [], "tests.util.load_test_config": ["<builtin>.ope", "copy.deepcop", "json.loa", "<builtin>.Exceptio"], "json.load": [], "<builtin>.Exception": [], "contextlib.contextmanager": [], "tests.util.temp_dir": ["shutil.rmtre", "tempfile.mkdtem"], "tempfile.mkdtemp": [], "shutil.rmtree": [], "tests.util.temp_file": ["platform.syste", "os.unlin", "tempfile.mkstem", "os.clos"], "os.close": [], "os.unlink": [], "platform.system": [], "tests.util.BaseTestCase.setUpClass": ["tests.util.start_serve"], "tests.util.start_server": ["test_server.TestServe"], "tests.util.BaseTestCase.setUp": [], "tests.util.BaseTestCase.tearDownClass": [], "test_server.TestServer": [], "grab.request": [], "grab.request.HttpRequest.__init__": ["grab.request.HttpRequest._process_timeout_para", "<builtin>.ValueErro"], "grab.request.HttpRequest._process_timeout_param": ["grab.util.timeout.Timeout.__init_", "<builtin>.floa", "<builtin>.isinstanc"], "grab.request.HttpRequest.get_full_url": [], "grab.util.timeout.Timeout.__init__": [], "<builtin>.float": [], "grab.request.HttpRequest.compile_request_data": ["<builtin>.ValueErro", "typing.cas", "<builtin>.le", "urllib3.filepost.encode_multipart_formdat", "urllib.parse.urlencod", "copy.cop", "grab.util.structures.merge_with_dic"], "copy.copy": [], "urllib.parse.urlencode": [], "urllib3.filepost.encode_multipart_formdata": [], "grab.util.structures.merge_with_dict": [], "grab.util.timeout": [], "grab.util.timeout.UndefinedParam": ["<builtin>.objec"], "grab.util.timeout.Timeout.__repr__": ["<builtin>.typ"], "grab.util.structures": [], "grab.util": [], "grab.base": ["typing.TypeVa"], "typing.TypeVar": [], "grab.base.BaseRequest": ["<builtin>.se"], "grab.base.BaseRequest.__repr__": [], "grab.base.BaseRequest.create_from_mapping": ["<builtin>.TypeErro"], "<builtin>.TypeError": [], "grab.base.BaseExtension.__set_name__": [], "grab.base.BaseExtension": ["abc.abstractmetho"], "abc.abstractmethod": [], "grab.base.BaseExtension.reset": [], "grab.base.Retry.__init__": [], "grab.base.BaseClient": ["abc.abstractmetho"], "grab.base.BaseClient.request_class": [], "grab.base.BaseClient.default_transport_class": [], "grab.base.BaseClient.__init__": [], "grab.base.BaseClient.process_request_result": [], "grab.base.BaseClient.request": ["grab.base.BaseClient.process_request_resul", "typing.cas", "<builtin>.an", "<builtin>.al", "grab.base.Retry.__init_"], "<builtin>.all": [], "grab.base.BaseClient.clone": ["copy.deepcop"], "grab.base.BaseTransport": ["abc.abstractmetho", "contextlib.contextmanage"], "grab.base.BaseTransport.reset": [], "grab.base.BaseTransport.prepare_response": [], "grab.base.BaseTransport.wrap_transport_error": [], "grab.base.BaseTransport.request": [], "grab.base.BaseTransport.resolve_entity": ["<builtin>.issubclas", "<builtin>.TypeErro", "<builtin>.isinstanc"], "<builtin>.issubclass": [], "grab": [], "grab.client": [], "grab.client.HttpClient": ["grab.extensions.RedirectExtension.__init_"], "grab.extensions.RedirectExtension.__init__": ["http.cookiejar.CookieJa"], "grab.client.HttpClient.request": ["<builtin>.supe", "<builtin>.isinstanc"], "grab.client.HttpClient.process_request_result": ["<builtin>.al"], "grab.util.types.resolve_entity": ["typing.cas", "inspect.isclas", "<builtin>.issubclas", "<builtin>.TypeErro", "<builtin>.isinstanc"], "grab.util.types": ["typing.TypeVa"], "inspect.isclass": [], "grab.extensions": [], "http.cookiejar.CookieJar": [], "grab.extensions.RedirectExtension.find_redirect_url": ["typing.cas"], "grab.extensions.RedirectExtension.process_init_retry": [], "grab.extensions.RedirectExtension.reset": [], "grab.extensions.RedirectExtension.process_retry": ["grab.extensions.RedirectExtension.find_redirect_ur", "urllib.parse.urljoi"], "grab.extensions.CookiesExtension.__init__": ["http.cookiejar.CookieJa"], "grab.extensions.CookiesExtension.set_cookie": [], "grab.extensions.CookiesExtension.clear": [], "grab.extensions.CookiesExtension.clone": ["grab.util.cookies.build_ja", "<builtin>.lis"], "grab.util.cookies.build_jar": ["http.cookiejar.CookieJa"], "grab.extensions.CookiesExtension.update": ["urllib.parse.urlspli", "grab.util.cookies.create_cooki"], "grab.util.cookies.create_cookie": ["<builtin>.st", "http.cookiejar.Cooki", "copy.cop"], "grab.extensions.CookiesExtension.__getstate__": ["<builtin>.lis"], "grab.extensions.CookiesExtension.__setstate__": ["grab.util.cookies.build_ja", "<builtin>.setatt"], "grab.extensions.CookiesExtension.process_request_pre": ["grab.extensions.CookiesExtension.updat", "grab.util.cookies.build_cookie_heade", "<builtin>.ValueErro"], "grab.util.cookies.build_cookie_header": ["grab.util.cookies.MockRequest.get_new_header", "grab.util.cookies.MockRequest.__init_", "<builtin>.dic", "typing.cas"], "grab.extensions.CookiesExtension.process_response_post": [], "grab.extensions.CookiesExtension.reset": ["grab.extensions.CookiesExtension.clea"], "grab.util.cookies": [], "grab.util.cookies.MockRequest.__init__": ["urllib.parse.urlpars"], "urllib.parse.urlparse": [], "grab.util.cookies.MockRequest.get_type": [], "grab.util.cookies.MockRequest.get_host": ["urllib.parse.urlpars"], "grab.util.cookies.MockRequest.get_origin_req_host": ["grab.util.cookies.MockRequest.get_hos"], "grab.util.cookies.MockRequest.get_full_url": ["urllib.parse.urlunpars", "urllib.parse.urlpars"], "urllib.parse.urlunparse": [], "grab.util.cookies.MockRequest.is_unverifiable": [], "grab.util.cookies.MockRequest.has_header": [], "grab.util.cookies.MockRequest.get_header": [], "grab.util.cookies.MockRequest.add_header": ["<builtin>.NotImplementedErro"], "<builtin>.NotImplementedError": [], "grab.util.cookies.MockRequest.add_unredirected_header": [], "grab.util.cookies.MockRequest.get_new_headers": [], "grab.util.cookies.MockRequest.unverifiable": ["grab.util.cookies.MockRequest.is_unverifiabl"], "grab.util.cookies.MockRequest.origin_req_host": ["grab.util.cookies.MockRequest.get_origin_req_hos"], "grab.util.cookies.MockRequest.host": ["grab.util.cookies.MockRequest.get_hos"], "grab.util.cookies.MockResponse.__init__": [], "grab.util.cookies.MockResponse.info": [], "http.cookiejar.Cookie": [], "grab.util.cookies.extract_response_cookies": ["http.cookiejar.CookieJa", "grab.util.cookies.MockRequest.__init_", "typing.cas", "grab.util.cookies.MockResponse.__init_", "<builtin>.lis", "<builtin>.dic"], "grab.transport": ["logging.getLogge"], "grab.transport.Urllib3Transport.__init__": ["grab.transport.Urllib3Transport.rese", "logging.getLogge", "grab.transport.Urllib3Transport.build_poo", "<builtin>.supe"], "grab.transport.Urllib3Transport.build_pool": ["certifi.wher", "urllib3.PoolManage"], "grab.transport.Urllib3Transport.reset": [], "grab.transport.Urllib3Transport.__getstate__": [], "grab.transport.Urllib3Transport.__setstate__": ["<builtin>.setatt", "grab.transport.Urllib3Transport.build_poo"], "certifi.where": [], "urllib3.PoolManager": [], "grab.transport.Urllib3Transport": ["contextlib.contextmanage"], "grab.transport.Urllib3Transport.wrap_transport_error": ["grab.errors.OriginalExceptionGrabError.__init_"], "grab.transport.Urllib3Transport.select_pool_for_request": ["certifi.wher", "urllib3.make_header", "urllib3.contrib.socks.SOCKSProxyManage", "urllib3.ProxyManage"], "urllib3.make_headers": [], "urllib3.contrib.socks.SOCKSProxyManager": [], "urllib3.ProxyManager": [], "grab.transport.Urllib3Transport.log_request": [], "grab.transport.Urllib3Transport.request": ["grab.transport.Urllib3Transport.select_pool_for_reques", "<builtin>.st", "urllib3.util.retry.Retr", "time.tim", "urllib3.util.timeout.Timeou", "grab.transport.Urllib3Transport.wrap_transport_erro", "grab.errors.OriginalExceptionGrabError.__init_", "grab.transport.Urllib3Transport.log_reques"], "urllib3.util.retry.Retry": [], "urllib3.util.timeout.Timeout": [], "time.time": [], "grab.transport.Urllib3Transport.read_with_timeout": ["<builtin>.le", "time.tim", "grab.errors.OriginalExceptionGrabError.__init_"], "grab.transport.Urllib3Transport.get_response_header_items": ["typing.cas"], "grab.transport.Urllib3Transport.prepare_response": ["grab.util.cookies.extract_response_cookie", "grab.transport.Urllib3Transport.read_with_timeou", "grab.document.Document.__init_", "grab.transport.Urllib3Transport.get_response_header_item"], "grab.grab": [], "grab.grab.Grab": ["grab.extensions.CookiesExtension.__init_"], "tests.test_grab_request": [], "tests.test_grab_request.GrabRequestTestCase.setUp": [], "tests.test_grab_request.GrabRequestTestCase.test_get_method": ["test_server.Respons", "grab.client.reques", "unittest.TestCase.assertEqua"], "tests.test_grab_request.GrabRequestTestCase.test_delete_method": ["test_server.Respons", "grab.client.reques", "unittest.TestCase.assertEqua"], "tests.test_grab_request.GrabRequestTestCase.test_put_method": ["test_server.Respons", "grab.client.reques", "unittest.TestCase.assertEqua"], "tests.test_grab_request.GrabRequestTestCase.test_head_with_invalid_bytes": ["test_server.Respons", "grab.client.reques"], "tests.test_grab_request.GrabRequestTestCase.test_head_with_invalid_bytes.callback": [], "tests.test_server": [], "tests.test_server.RawTestCase.setUp": [], "tests.test_server.RawTestCase.test_response": ["test_server.Respons", "urllib.request.urlope", "unittest.TestCase.assertEqua"], "tests.test_server.RawTestCase.test_response.callback": [], "urllib.request.urlopen": [], "tests.test_server.RawTestCase.test_sequential_responses": ["test_server.Respons", "urllib.request.urlope", "unittest.TestCase.assertEqua"], "tests.test_server.RawTestCase.test_sequential_responses.callback1": [], "tests.test_server.RawTestCase.test_sequential_responses.callback2": [], "tests.test_grab_pickle": [], "tests.test_grab_pickle.TestGrab.setUp": [], "tests.test_grab_pickle.TestGrab.test_pickle_grab": ["pickle.dump"], "pickle.dumps": [], "tests.test_grab_redirect": [], "tests.test_grab_redirect.build_location_callback": [], "tests.test_grab_redirect.build_location_callback.callback": ["typing.cas"], "tests.test_grab_redirect.GrabRedirectTestCase.setUp": [], "tests.test_grab_redirect.GrabRedirectTestCase.test_redirect_limit": ["grab.client.reques", "unittest.TestCase.assertRaise", "test_server.Respons", "unittest.TestCase.assertTru", "tests.test_grab_redirect.build_location_callbac"], "tests.test_grab_redirect.GrabRedirectTestCase.test_redirect_limit.<lambda1>": ["grab.client.reques"], "unittest.TestCase.assertRaises": [], "tests.test_grab_redirect.GrabRedirectTestCase.test_redirect_utf_location": ["test_server.Respons", "unittest.TestCase.assertRaise", "grab.client.reques"], "tests.test_grab_redirect.GrabRedirectTestCase.test_redirect_utf_location.callback": [], "tests.test_proxylist": [], "tests.test_proxylist.ProxyListTestCase.setUp": [], "tests.test_proxylist.ProxyListTestCase.generate_plist_file": ["<builtin>.ope"], "tests.test_proxylist.ProxyListTestCase.test_file_proxy_source": ["tests.test_proxylist.ProxyListTestCase.generate_plist_fil", "proxylist.ProxyList.from_local_fil", "unittest.TestCase.assertEqua", "tests.util.temp_fil"], "proxylist.ProxyList.from_local_file": [], "tests.test_proxylist.ProxyListTestCase.test_web_proxy_source": ["test_server.Respons", "proxylist.ProxyList.from_network_fil", "unittest.TestCase.assertEqua"], "proxylist.ProxyList.from_network_file": [], "tests.test_proxylist.ProxyListTestCase.test_get_next_proxy": ["tests.test_proxylist.ProxyListTestCase.generate_plist_fil", "proxylist.ProxyList.from_local_fil", "unittest.TestCase.assertEqua", "tests.util.temp_fil"], "tests.test_grab_response": [], "tests.test_grab_response.TestResponse.setUp": [], "tests.test_grab_response.TestResponse.test_save": ["grab.client.reques", "test_server.Respons", "<builtin>.ope", "tests.util.temp_di", "unittest.TestCase.assertEqua"], "tests.test_grab_response.TestResponse.test_custom_charset": ["test_server.Respons", "unittest.TestCase.assertTru", "grab.client.reques"], "tests.test_grab_response.TestResponse.test_xml_declaration": ["test_server.Respons", "unittest.TestCase.assertTru", "grab.client.reques"], "tests.test_spider_misc": [], "tests.test_spider_misc.MiscTest.setUp": [], "tests.test_spider_misc.MiscTest.test_null_grab_bug": ["test_server.Respons", "grab.spider.base.Spider.__init_", "grab.spider.base.Spider.ru", "unittest.TestCase.assertEqua"], "tests.test_spider_misc.MiscTest.test_null_grab_bug.SimpleSpider.task_generator": ["grab.spider.task.Task.__init_"], "grab.spider.task.Task.__init__": ["grab.spider.task.Task.check_init_kwarg", "grab.request.HttpRequest.__init_", "<builtin>.setatt", "grab.spider.task.Task.process_delay_optio", "<builtin>.TypeErro", "<builtin>.isinstanc"], "tests.test_spider_misc.MiscTest.test_null_grab_bug.SimpleSpider.task_one": ["grab.spider.task.Task.__init_"], "tests.test_spider_misc.MiscTest.test_null_grab_bug.SimpleSpider.task_two": [], "grab.spider.base.Spider.__init__": ["grab.spider.service.network.NetworkServiceThreaded.__init_", "tests.test_spider_error.SpiderErrorTestCase.test_stat_error_name_threaded_urllib3.SimpleSpider.task_generato", "tests.test_spider_queue.SpiderMemoryQueueTestCase.test_schedule.TestSpider.task_generato", "grab.spider.service.parser.ParserService.__init_", "tests.test_spider_misc.MiscTest.test_null_grab_bug.SimpleSpider.task_generato", "tests.test_spider.BasicSpiderTestCase.testz_generator.TestSpider.task_generato", "<builtin>.in", "grab.spider.queue_backend.memory.MemoryTaskQueue.__init_", "tests.test_spider_task.TestSpiderTestCase.test_task_generator_no_yield.TestSpider.task_generato", "procstat.Sta", "queue.Queu", "tests.test_spider_error.SpiderErrorTestCase.test_redirect_with_invalid_url.TestSpider.task_generato", "<builtin>.isinstanc", "tests.test_spider_redirect.BasicSpiderTestCase.test_redirect_with_invalid_byte.TestSpider.task_generato", "grab.spider.service.task_generator.TaskGeneratorService.__init_", "tests.test_spider_error.SpiderErrorTestCase.test_generator_with_invalid_url.SomeSpider.task_generato", "grab.spider.base.Spider.task_generato", "tests.test_spider_queue.SpiderMongodbQueueTestCase.test_schedule.TestSpider.task_generato", "grab.spider.service.task_dispatcher.TaskDispatcherService.__init_"], "grab.spider.base.Spider.run": ["tests.test_spider.BasicSpiderTestCase.test_handler_result_invalid.TestSpider.prepar", "tests.test_spider_multiprocess.BasicSpiderTestCase.SimpleSpider.prepar", "tests.test_spider.BasicSpiderTestCase.test_fallback_handler_by_default_name.TestSpider.prepar", "tests.test_spider.BasicSpiderTestCase.test_handler_result_none.TestSpider.prepar", "time.tim", "grab.spider.base.Spider.shutdown_service", "tests.test_spider_stat.BasicSpiderTestCase.test_render_stats.TestSpider.prepar", "tests.test_spider.BasicSpiderTestCase.test_fallback_handler_by_fallback_name.TestSpider.prepar", "grab.spider.base.Spider.is_idle_confirme", "tests.test_spider_stat.BasicSpiderTestCase.test_counters_and_collections.TestSpider.prepar", "grab.spider.base.Spider.process_initial_url", "tests.test_spider_error.SpiderErrorTestCase.test_stat_error_name_threaded_urllib3.SimpleSpider.prepar", "grab.spider.base.Spider.prepar"], "grab.spider": [], "grab.spider.base": ["secrets.SystemRando", "logging.getLogge"], "secrets.SystemRandom": [], "queue.Queue": [], "procstat.Stat": [], "grab.spider.queue_backend.memory.MemoryTaskQueue.__init__": ["queue.PriorityQueu", "<builtin>.supe"], "<builtin>.int": [], "grab.spider.service.network.NetworkServiceThreaded.__init__": ["grab.spider.service.base.BaseService.register_worker", "grab.spider.service.base.BaseService.create_worke", "<builtin>.rang", "<builtin>.supe"], "grab.spider.service.task_dispatcher.TaskDispatcherService.__init__": ["grab.spider.service.base.BaseService.register_worker", "queue.Queu", "grab.spider.service.base.BaseService.create_worke", "<builtin>.supe"], "grab.spider.service.parser.ParserService.__init__": ["queue.Queu", "<builtin>.rang", "grab.spider.service.base.BaseService.create_worke", "<builtin>.supe", "grab.spider.service.base.BaseService.register_worker"], "tests.test_spider_task.TestSpiderTestCase.test_task_generator_no_yield.TestSpider.task_generator": [], "tests.test_spider_error.SpiderErrorTestCase.test_stat_error_name_threaded_urllib3.SimpleSpider.task_generator": ["grab.spider.task.Task.__init_", "grab.request.HttpRequest.__init_"], "tests.test_spider_redirect.BasicSpiderTestCase.test_redirect_with_invalid_byte.TestSpider.task_generator": ["grab.spider.task.Task.__init_"], "tests.test_spider.BasicSpiderTestCase.testz_generator.TestSpider.task_generator": ["grab.spider.task.Task.__init_", "<builtin>.rang"], "tests.test_spider_queue.SpiderMemoryQueueTestCase.test_schedule.TestSpider.task_generator": ["grab.spider.task.Task.__init_"], "tests.test_spider_error.SpiderErrorTestCase.test_generator_with_invalid_url.SomeSpider.task_generator": ["grab.spider.task.Task.__init_"], "grab.spider.base.Spider.task_generator": [], "tests.test_spider_queue.SpiderMongodbQueueTestCase.test_schedule.TestSpider.task_generator": ["grab.spider.task.Task.__init_"], "tests.test_spider_error.SpiderErrorTestCase.test_redirect_with_invalid_url.TestSpider.task_generator": ["grab.spider.task.Task.__init_"], "grab.spider.service.task_generator.TaskGeneratorService.__init__": ["grab.spider.service.base.BaseService.register_worker", "grab.spider.service.base.BaseService.create_worke", "<builtin>.ma", "<builtin>.supe"], "grab.spider.base.Spider.collect_runtime_event": [], "grab.spider.base.Spider.setup_queue": [], "grab.spider.base.Spider.add_task": ["grab.spider.base.Spider.collect_runtime_even", "traceback.format_stac", "grab.spider.base.Spider.generate_task_priorit"], "grab.spider.base.Spider.generate_task_priority": [], "traceback.format_stack": [], "grab.spider.base.Spider.stop": [], "grab.spider.base.Spider.load_proxylist": ["grab.spider.task.Task.__init_", "proxylist.ProxyList.from_network_fil", "proxylist.ProxyList.from_local_fil", "proxylist.ProxyLis", "<builtin>.isinstanc"], "proxylist.ProxyList": [], "grab.spider.base.Spider.render_stats": ["datetime.datetime.utcno", "grab.util.metrics.format_traffic_valu", "<builtin>.sorte", "time.tim", "<builtin>.le", "<builtin>.divmo"], "grab.spider.base.Spider.render_stats.<lambda1>": [], "grab.spider.base.Spider.render_stats.<lambda2>": [], "grab.util.metrics.format_traffic_value": ["grab.util.metrics.in_uni"], "<builtin>.divmod": [], "datetime.datetime.utcnow": [], "grab.spider.base.Spider.prepare": [], "grab.spider.base.Spider.shutdown": [], "grab.spider.base.Spider.create_grab_instance": [], "grab.spider.base.Spider.check_task_limits": [], "grab.spider.base.Spider.process_initial_urls": ["grab.spider.task.Task.__init_", "grab.request.HttpRequest.__init_", "grab.spider.base.Spider.add_tas"], "grab.spider.base.Spider.get_task_from_queue": [], "grab.spider.base.Spider.is_valid_network_response_code": [], "grab.spider.base.Spider.process_parser_error": ["traceback.format_exceptio", "<builtin>.st", "grab.spider.base.Spider.collect_runtime_even"], "traceback.format_exception": [], "grab.spider.base.Spider.find_task_handler": ["typing.cas", "<builtin>.getatt"], "grab.spider.base.Spider.log_network_result_stats": [], "grab.spider.base.Spider.process_grab_proxy": ["grab.spider.base.Spider.change_active_prox", "<builtin>.Exceptio"], "grab.spider.base.Spider.change_active_proxy": ["typing.cas"], "grab.spider.base.Spider.get_task_queue": [], "grab.spider.base.Spider.is_idle_estimated": ["grab.spider.service.base.BaseService.is_bus", "grab.spider.service.base.BaseService.is_aliv"], "grab.spider.service.base.BaseService.is_alive": ["grab.spider.service.base.BaseService.iterate_worker", "<builtin>.an"], "grab.spider.service.base.BaseService.is_busy": ["grab.spider.service.base.BaseService.iterate_worker", "<builtin>.an"], "grab.spider.base.Spider.is_idle_confirmed": ["grab.spider.base.Spider.is_idle_estimate"], "tests.test_spider.BasicSpiderTestCase.test_handler_result_invalid.TestSpider.prepare": [], "tests.test_spider_multiprocess.BasicSpiderTestCase.SimpleSpider.prepare": [], "tests.test_spider.BasicSpiderTestCase.test_fallback_handler_by_default_name.TestSpider.prepare": [], "tests.test_spider.BasicSpiderTestCase.test_handler_result_none.TestSpider.prepare": [], "tests.test_spider_stat.BasicSpiderTestCase.test_render_stats.TestSpider.prepare": [], "tests.test_spider.BasicSpiderTestCase.test_fallback_handler_by_fallback_name.TestSpider.prepare": [], "tests.test_spider_stat.BasicSpiderTestCase.test_counters_and_collections.TestSpider.prepare": [], "tests.test_spider_error.SpiderErrorTestCase.test_stat_error_name_threaded_urllib3.SimpleSpider.prepare": [], "grab.spider.base.Spider.shutdown_services": ["tests.test_spider_queue.BaseSpiderQueueTestCase.test_queue_length.CustomSpider.shutdow", "tests.test_spider_multiprocess.BasicSpiderTestCase.SimpleSpider.shutdow", "time.tim", "grab.spider.base.Spider.shutdow", "<builtin>.an", "time.slee"], "time.sleep": [], "tests.test_spider_queue.BaseSpiderQueueTestCase.test_queue_length.CustomSpider.shutdown": [], "tests.test_spider_multiprocess.BasicSpiderTestCase.SimpleSpider.shutdown": [], "grab.spider.base.Spider.log_failed_network_result": ["<builtin>.isinstanc"], "grab.spider.base.Spider.log_rejected_task": ["grab.spider.base.Spider.collect_runtime_even"], "grab.spider.base.Spider.get_fallback_handler": ["typing.cas", "<builtin>.hasatt", "<builtin>.getatt"], "grab.spider.base.Spider.srv_process_service_result": ["grab.spider.base.Spider.srv_process_network_resul", "grab.spider.base.Spider.process_parser_erro", "<builtin>.getatt", "grab.spider.base.Spider.find_task_handle", "grab.spider.base.Spider.add_tas", "<builtin>.isinstanc"], "grab.spider.base.Spider.srv_process_network_result": ["grab.spider.base.Spider.log_failed_network_resul", "grab.spider.base.Spider.log_network_result_stat", "grab.spider.base.Spider.is_valid_network_response_cod", "grab.spider.base.Spider.add_tas"], "grab.spider.base.Spider.srv_process_task": ["grab.spider.base.Spider.get_fallback_handle", "grab.client.HttpClient.reques", "grab.spider.base.Spider.log_rejected_tas", "grab.spider.base.Spider.create_grab_instanc", "tests.test_spider.BasicSpiderTestCase.test_check_task_limits_invalid_value.TestSpider.check_task_limit", "grab.spider.base.Spider.check_task_limit", "grab.spider.base.Spider.process_grab_prox"], "tests.test_spider.BasicSpiderTestCase.test_check_task_limits_invalid_value.TestSpider.check_task_limits": [], "grab.spider.service.task_generator": [], "<builtin>.max": [], "grab.spider.service.base.BaseService.create_worker": ["grab.spider.service.base.ServiceWorker.__init_"], "grab.spider.service.base.BaseService.register_workers": ["<builtin>.lis"], "grab.spider.service.task_generator.TaskGeneratorService.worker_callback": ["grab.spider.base.Spider.get_task_queu", "<builtin>.nex", "<builtin>.rang", "time.slee", "<builtin>.ma"], "<builtin>.range": [], "<builtin>.next": [], "grab.spider.task": [], "grab.spider.task.Task.check_init_kwargs": [], "grab.spider.task.Task.process_delay_option": ["datetime.datetime.utcno", "datetime.timedelt"], "grab.spider.task.Task.get": ["<builtin>.getatt"], "datetime.timedelta": [], "grab.spider.task.Task.clone": ["grab.spider.task.Task.__init_", "copy.deepcop", "grab.spider.task.Task.process_delay_optio", "<builtin>.setatt"], "grab.spider.task.Task.__repr__": [], "grab.spider.task.Task.__lt__": [], "grab.spider.task.Task.__eq__": ["<builtin>.isinstanc"], "grab.spider.queue_backend.base": [], "grab.spider.queue_backend.base.BaseTaskQueue.__init__": [], "grab.spider.queue_backend.base.BaseTaskQueue.random_queue_name": ["<builtin>.st", "uuid.uuid"], "uuid.uuid4": [], "grab.spider.queue_backend.base.BaseTaskQueue.put": [], "grab.spider.queue_backend.base.BaseTaskQueue.get": [], "grab.spider.queue_backend.base.BaseTaskQueue": ["abc.abstractmetho"], "grab.spider.queue_backend.base.BaseTaskQueue.size": [], "grab.spider.queue_backend.base.BaseTaskQueue.clear": [], "grab.spider.queue_backend.base.BaseTaskQueue.close": [], "grab.spider.interface": [], "grab.spider.service.base": ["logging.getLogge"], "grab.spider.service.base.ServiceWorker.__init__": ["grab.spider.service.base.ServiceWorker.build_thread_nam", "grab.spider.service.base.ServiceWorker.worker_callback_wrappe", "threading.Threa", "threading.Even"], "grab.spider.service.base.ServiceWorker.worker_callback_wrapper": [], "threading.Thread": [], "grab.spider.service.base.ServiceWorker.build_thread_name": ["<builtin>.hasatt"], "threading.Event": [], "grab.spider.service.base.ServiceWorker.worker_callback_wrapper.wrapper": ["grab.spider.service.parser.ParserService.supervisor_callbac", "grab.spider.service.task_generator.TaskGeneratorService.worker_callbac", "typing.cas", "sys.exc_inf", "grab.spider.service.parser.ParserService.worker_callbac", "grab.spider.service.task_dispatcher.TaskDispatcherService.worker_callbac"], "grab.spider.service.parser.ParserService.supervisor_callback": ["grab.spider.service.parser.ParserService.check_pool_healt", "time.slee"], "grab.spider.service.parser.ParserService.worker_callback": ["grab.spider.base.Spider.find_task_handle", "grab.spider.service.parser.ParserService.execute_task_handle"], "grab.spider.service.task_dispatcher.TaskDispatcherService.worker_callback": ["grab.spider.base.Spider.srv_process_service_resul"], "sys.exc_info": [], "grab.spider.service.base.ServiceWorker.start": [], "grab.spider.service.base.ServiceWorker.stop": [], "grab.spider.service.base.ServiceWorker.process_pause_signal": [], "grab.spider.service.base.ServiceWorker.pause": ["grab.spider.service.base.ServiceWorker.is_aliv"], "grab.spider.service.base.ServiceWorker.is_alive": [], "grab.spider.service.base.ServiceWorker.resume": [], "grab.spider.service.base.BaseService.__init__": [], "grab.spider.service.base.BaseService.iterate_workers": ["<builtin>.isinstanc"], "grab.spider.service.base.BaseService.start": ["grab.spider.service.base.BaseService.iterate_worker"], "grab.spider.service.base.BaseService.stop": ["grab.spider.service.base.BaseService.iterate_worker"], "grab.spider.service.base.BaseService.pause": ["grab.spider.service.base.BaseService.iterate_worker"], "grab.spider.service.base.BaseService.resume": ["grab.spider.service.base.BaseService.iterate_worker"], "grab.spider.queue_backend": [], "grab.spider.queue_backend.memory": [], "queue.PriorityQueue": [], "grab.spider.queue_backend.memory.MemoryTaskQueue.put": ["fastrq.priorityqueue.PriorityQueue.pu"], "fastrq.priorityqueue.PriorityQueue.put": [], "grab.spider.queue_backend.memory.MemoryTaskQueue.get": ["fastrq.priorityqueue.PriorityQueue.ge", "<builtin>.enumerat", "datetime.datetime.utcno", "grab.spider.queue_backend.memory.MemoryTaskQueue.pu"], "fastrq.priorityqueue.PriorityQueue.get": [], "grab.spider.queue_backend.memory.MemoryTaskQueue.size": ["fastrq.priorityqueue.PriorityQueue.qsiz", "<builtin>.le"], "fastrq.priorityqueue.PriorityQueue.qsize": [], "grab.spider.queue_backend.memory.MemoryTaskQueue.clear": ["contextlib.suppres", "fastrq.priorityqueue.PriorityQueue.ge"], "grab.spider.queue_backend.memory.MemoryTaskQueue.close": [], "grab.spider.service.parser": [], "grab.spider.service.parser.ParserService.check_pool_health": ["grab.spider.service.base.BaseService.create_worke", "grab.spider.service.base.ServiceWorker.star"], "grab.spider.service.parser.ParserService.execute_task_handler": [], "grab.spider.service.task_dispatcher": [], "grab.spider.service.task_dispatcher.TaskDispatcherService.start": ["grab.spider.service.base.ServiceWorker.star"], "grab.spider.service.network": [], "grab.spider.service.network.BaseNetworkService": ["abc.abstractmetho"], "grab.spider.service.network.BaseNetworkService.get_active_threads_number": [], "grab.spider.service.network.NetworkServiceThreaded.get_active_threads_number": ["grab.spider.service.base.BaseService.iterate_worker", "<builtin>.su"], "<builtin>.sum": [], "grab.spider.service.network.NetworkServiceThreaded.worker_callback": ["grab.spider.base.Spider.get_task_from_queu", "grab.spider.base.Spider.srv_process_tas", "time.slee"], "grab.util.metrics": [], "grab.util.metrics.in_unit": ["<builtin>.roun", "<builtin>.floa"], "<builtin>.round": [], "grab.spider.service": [], "grab.spider.errors": [], "tests.test_grab_get_request": [], "tests.test_grab_get_request.GrabSimpleTestCase.setUp": [], "tests.test_grab_get_request.GrabSimpleTestCase.test_get": ["test_server.Respons", "unittest.TestCase.assertTru", "grab.client.reques"], "tests.test_grab_get_request.GrabSimpleTestCase.test_body_content": ["test_server.Respons", "grab.client.reques", "unittest.TestCase.assertEqua"], "tests.test_grab_get_request.GrabSimpleTestCase.test_status_code": ["test_server.Respons", "grab.client.reques", "unittest.TestCase.assertEqua"], "tests.test_grab_get_request.GrabSimpleTestCase.test_parsing_response_headers": ["test_server.Respons", "unittest.TestCase.assertTru", "grab.client.reques"], "tests.test_grab_functions": [], "tests.test_grab_functions.RequestFuncTestCase.test_request_custom_grab": ["unittest.TestCase.assertTru", "grab.client.reques", "<builtin>.isinstanc"], "tests.test_grab_functions.RequestFuncTestCase.test_request_custom_grab.DummyHttpClient.request": ["grab.document.Document.__init_"], "tests.test_grab_proxy": [], "tests.test_grab_proxy.TestProxy.setUpClass": ["test_server.TestServe", "<builtin>.rang", "<builtin>.supe"], "tests.test_grab_proxy.TestProxy.tearDownClass": ["<builtin>.supe"], "tests.test_grab_proxy.TestProxy.setUp": ["<builtin>.supe"], "tests.test_grab_proxy.TestProxy.test_proxy_option": ["test_server.Respons", "grab.client.reques", "unittest.TestCase.assertEqua"], "tests.test_ext_form": [], "tests.test_ext_form.TestHtmlForms.setUp": ["grab.document.Document.__init_"], "tests.test_ext_form.TestHtmlForms.test_choose_form1": ["grab.document.Document.choose_for", "unittest.TestCase.assertRaise", "grab.document.Document.get_cached_for", "unittest.TestCase.assertEqua"], "tests.test_ext_form.TestHtmlForms.test_choose_form2": ["grab.document.Document.choose_for", "grab.document.Document.__init_", "grab.document.Document.get_cached_for", "unittest.TestCase.assertEqua"], "tests.test_ext_form.TestHtmlForms.test_choose_form3": ["grab.document.Document.choose_for", "grab.document.Document.__init_", "grab.document.Document.get_cached_for", "unittest.TestCase.assertEqua"], "tests.test_ext_form.TestHtmlForms.test_choose_form4": ["grab.document.Document.choose_for", "grab.document.Document.__init_", "grab.document.Document.get_cached_for", "unittest.TestCase.assertEqua"], "tests.test_ext_form.TestHtmlForms.assert_equal_qs": ["urllib.parse.parse_qs", "<builtin>.se", "unittest.TestCase.assertEqua"], "urllib.parse.parse_qsl": [], "tests.test_ext_form.TestHtmlForms.test_submit": ["test_server.Respons", "tests.test_ext_form.TestHtmlForms.assert_equal_q", "grab.client.reques"], "tests.test_ext_form.TestHtmlForms.test_submit_remove_from_post_argument": ["test_server.Respons", "tests.test_ext_form.TestHtmlForms.assert_equal_q", "grab.client.reques"], "tests.test_ext_form.TestHtmlForms.test_set_methods1": ["test_server.Respons", "unittest.TestCase.assertRaise", "grab.client.reques", "unittest.TestCase.assertEqua"], "tests.test_ext_form.TestHtmlForms.test_set_methods1.<lambda1>": [], "tests.test_ext_form.TestHtmlForms.test_set_methods2": ["test_server.Respons", "grab.client.reques", "unittest.TestCase.assertEqua"], "tests.test_ext_form.TestHtmlForms.test_set_methods3": ["test_server.Respons", "grab.client.reques", "unittest.TestCase.assertEqua"], "tests.test_ext_form.TestHtmlForms.test_html_without_forms": ["test_server.Respons", "unittest.TestCase.assertRaise", "grab.client.reques"], "tests.test_ext_form.TestHtmlForms.test_html_without_forms.<lambda1>": [], "tests.test_ext_form.TestHtmlForms.test_disabled_radio": ["test_server.Respons", "grab.client.reques"], "tests.test_ext_form.TestJustAnotherChunkHtmlForms.setUp": ["grab.document.Document.__init_"], "tests.test_ext_form.TestJustAnotherChunkHtmlForms.test_set_input_by_xpath_regex": ["test_server.Respons", "grab.client.reques", "unittest.TestCase.assertEqua"], "tests.test_ext_form.TestJustAnotherChunkHtmlForms.test_unicode_textarea_form": ["test_server.Respons", "unittest.TestCase.assertTru", "grab.client.reques"], "tests.test_ext_form.TestJustAnotherChunkHtmlForms.test_field_disabled": ["grab.document.Document.__init_", "<builtin>.se", "grab.document.Document.form_field", "unittest.TestCase.assertEqua"], "tests.test_ext_form.TestJustAnotherChunkHtmlForms.test_checkbox_checked_but_disabled": ["grab.document.Document.__init_", "unittest.TestCase.assertTru", "grab.document.Document.form_field"], "tests.test_ext_form.TestJustAnotherChunkHtmlForms.test_checkbox_no_checked": ["grab.document.Document.__init_", "unittest.TestCase.assertTru", "grab.document.Document.form_field"], "tests.test_ext_form.TestJustAnotherChunkHtmlForms.test_checkbox_one_checked": ["grab.document.Document.__init_", "grab.document.Document.form_field", "unittest.TestCase.assertEqua"], "tests.test_ext_form.TestJustAnotherChunkHtmlForms.test_checkbox_multi_checked": ["grab.document.Document.__init_", "grab.document.Document.form_field", "unittest.TestCase.assertEqua"], "tests.test_ext_form.TestJustAnotherChunkHtmlForms.test_select_disabled": ["grab.document.Document.__init_", "unittest.TestCase.assertTru", "grab.document.Document.form_field"], "tests.test_ext_form.TestJustAnotherChunkHtmlForms.test_select_not_multiple": ["grab.document.Document.__init_", "grab.document.Document.form_field", "unittest.TestCase.assertEqua"], "tests.test_ext_form.TestJustAnotherChunkHtmlForms.test_select_multiple_no_options": ["grab.document.Document.__init_", "unittest.TestCase.assertTru", "grab.document.Document.form_field"], "tests.test_ext_form.TestJustAnotherChunkHtmlForms.test_select_multiple_one_selected": ["grab.document.Document.__init_", "grab.document.Document.form_field", "unittest.TestCase.assertEqua"], "tests.test_ext_form.TestJustAnotherChunkHtmlForms.test_select_multiple_multi_selected": ["grab.document.Document.__init_", "grab.document.Document.form_field", "unittest.TestCase.assertEqua"], "tests.test_request": [], "tests.test_request.HttpRequestTestCase.test_constructor_timeout_not_specified": ["unittest.TestCase.assertTru", "grab.request.HttpRequest.__init_", "<builtin>.isinstanc"], "tests.test_request.HttpRequestTestCase.test_constructor_timeout_not_specified_default_values": ["grab.request.HttpRequest.__init_", "unittest.TestCase.assertEqua"], "tests.test_request.HttpRequestTestCase.test_constructor_timeout_integer": ["grab.request.HttpRequest.__init_", "unittest.TestCase.assertEqua"], "tests.test_request.HttpRequestTestCase.test_constructor_timeout_object": ["grab.util.timeout.Timeout.__init_", "grab.request.HttpRequest.__init_", "unittest.TestCase.assertEqua"], "tests.test_ext_lxml": [], "tests.test_ext_lxml.LXMLExtensionTest.setUpClass": ["<builtin>.supe"], "tests.test_ext_lxml.LXMLExtensionTest.tearDownClass": ["<builtin>.supe"], "tests.test_ext_lxml.LXMLExtensionTest.setUp": ["grab.document.Document.__init_", "lxml.html.fromstrin"], "lxml.html.fromstring": [], "tests.test_ext_lxml.LXMLExtensionTest.test_lxml_text_content_fail": ["typing.cas", "unittest.TestCase.assertEqua"], "tests.test_ext_lxml.LXMLExtensionTest.test_lxml_xpath": ["typing.cas", "unittest.TestCase.assertEqua"], "tests.test_ext_lxml.LXMLExtensionTest.test_xpath": ["grab.document.Document.selec", "unittest.TestCase.assertRaise", "unittest.TestCase.assertEqua"], "tests.test_ext_lxml.LXMLExtensionTest.test_xpath.<lambda1>": ["grab.document.Document.selec"], "tests.test_ext_lxml.LXMLExtensionTest.test_xpath_text": ["grab.document.Document.selec", "unittest.TestCase.assertRaise", "unittest.TestCase.assertEqua"], "tests.test_ext_lxml.LXMLExtensionTest.test_xpath_text.<lambda1>": ["grab.document.Document.selec"], "tests.test_ext_lxml.LXMLExtensionTest.test_xpath_text.<lambda2>": ["grab.document.Document.selec"], "tests.test_ext_lxml.LXMLExtensionTest.test_xpath_number": ["grab.document.Document.selec", "unittest.TestCase.assertRaise", "unittest.TestCase.assertEqua"], "tests.test_ext_lxml.LXMLExtensionTest.test_xpath_number.<lambda1>": ["grab.document.Document.selec"], "tests.test_ext_lxml.LXMLExtensionTest.test_xpath_list": ["grab.document.Document.selec", "unittest.TestCase.assertEqua"], "tests.test_ext_lxml.LXMLExtensionTest.test_css_list": ["unittest.TestCase.assertEqua"], "tests.test_ext_lxml.LXMLExtensionTest.test_xpath_exists": ["grab.document.Document.selec", "unittest.TestCase.assertTru", "unittest.TestCase.assertFals"], "tests.test_ext_lxml.LXMLExtensionTest.test_cdata_issue": ["test_server.Respons", "typing.cas", "grab.client.reques", "unittest.TestCase.assertEqua"], "tests.test_ext_lxml.LXMLExtensionTest.test_xml_declaration": ["test_server.Respons", "grab.client.reques", "unittest.TestCase.assertEqua"], "tests.test_ext_lxml.LXMLExtensionTest.test_empty_document": ["test_server.Respons", "grab.client.reques"], "tests.test_ext_pyquery": [], "tests.test_ext_pyquery.ExtensionPyqueryTestCase.setUp": [], "tests.test_ext_pyquery.ExtensionPyqueryTestCase.test_pyquery_handler": ["test_server.Respons", "grab.client.reques", "unittest.TestCase.assertEqua"], "tests.test_ext_pyquery.ExtensionPyqueryTestCase.test_national_utf_symbol": ["test_server.Respons", "grab.client.reques", "unittest.TestCase.assertEqua"], "tests.test_grab_document": [], "tests.test_grab_document.GrabDocumentTestCase.setUp": [], "tests.test_grab_document.GrabDocumentTestCase.test_document_copy_works": ["test_server.Respons", "grab.client.reques", "unittest.TestCase.assertEqua"], "tests.test_grab_document.GrabDocumentTestCase.test_normalize_pairs_dict": ["grab.document.normalize_pair", "unittest.TestCase.assertEqua"], "tests.test_grab_document.GrabDocumentTestCase.test_normalize_pairs_list": ["grab.document.normalize_pair", "unittest.TestCase.assertEqua"], "tests.test_spider_redirect": [], "tests.test_spider_redirect.BasicSpiderTestCase.setUp": [], "tests.test_spider_redirect.BasicSpiderTestCase.test_redirect_with_invalid_byte": ["grab.spider.base.Spider.ru", "<builtin>.le", "test_server.Respons", "grab.spider.base.Spider.__init_", "unittest.TestCase.assertTru", "unittest.TestCase.assertEqua"], "tests.test_spider_redirect.BasicSpiderTestCase.test_redirect_with_invalid_byte.callback": [], "tests.test_spider_redirect.BasicSpiderTestCase.test_redirect_with_invalid_byte.TestSpider.task_page": [], "tests.test_spider_task": [], "tests.test_spider_task.SimpleSpider.task_baz": [], "tests.test_spider_task.TestSpiderTestCase.setUp": [], "tests.test_spider_task.TestSpiderTestCase.test_task_priority": ["unittest.TestCase.assertRaise", "grab.spider.task.Task.__init_", "grab.spider.base.Spider.__init_", "unittest.TestCase.assertTru", "grab.spider.base.Spider.add_tas", "unittest.TestCase.assertEqua"], "tests.test_spider_task.TestSpiderTestCase.test_task_priority.<lambda1>": ["grab.spider.base.Spider.__init_"], "tests.test_spider_task.TestSpiderTestCase.test_task_clone": ["grab.spider.base.Spider.__init_", "grab.spider.base.Spider.add_tas", "grab.spider.task.Task.__init_", "grab.spider.task.Task.clon"], "tests.test_spider_task.TestSpiderTestCase.test_task_clone_with_url_param": ["grab.spider.task.Task.__init_", "grab.spider.task.Task.clon", "unittest.TestCase.assertEqua"], "tests.test_spider_task.TestSpiderTestCase.test_task_useragent": ["grab.spider.task.Task.clon", "grab.spider.base.Spider.ru", "grab.request.HttpRequest.__init_", "grab.spider.task.Task.__init_", "test_server.Respons", "grab.spider.base.Spider.__init_", "grab.spider.base.Spider.add_tas", "unittest.TestCase.assertEqua"], "tests.test_spider_task.TestSpiderTestCase.test_task_nohandler_error": ["unittest.TestCase.assertRaise", "grab.spider.task.Task.__init_", "test_server.Respons", "grab.spider.base.Spider.__init_", "grab.spider.base.Spider.add_tas"], "tests.test_spider_task.TestSpiderTestCase.test_task_raw": ["grab.spider.base.Spider.ru", "grab.spider.task.Task.__init_", "<builtin>.le", "test_server.Respons", "grab.spider.base.Spider.__init_", "grab.spider.base.Spider.add_tas", "unittest.TestCase.assertEqua"], "tests.test_spider_task.TestSpiderTestCase.test_task_raw.TestSpider.task_page": ["grab.spider.base.Spider.collect_runtime_even", "<builtin>.st"], "tests.test_spider_task.TestSpiderTestCase.test_task_callback": ["tests.test_spider_task.TestSpiderTestCase.test_task_callback.FuncWithState.__init_", "grab.spider.base.Spider.ru", "<builtin>.sorte", "grab.spider.task.Task.__init_", "test_server.Respons", "grab.spider.base.Spider.__init_", "grab.spider.base.Spider.add_tas", "unittest.TestCase.assertEqua"], "tests.test_spider_task.TestSpiderTestCase.test_task_callback.TestSpider.task_page": [], "tests.test_spider_task.TestSpiderTestCase.test_task_callback.FuncWithState.__init__": [], "tests.test_spider_task.TestSpiderTestCase.test_task_callback.FuncWithState.__call__": [], "tests.test_spider_task.TestSpiderTestCase.test_task_invalid_name": ["unittest.TestCase.assertRaise"], "tests.test_spider_task.TestSpiderTestCase.test_task_constructor_invalid_args": ["grab.spider.task.Task.__init_", "unittest.TestCase.assertRaise", "grab.request.HttpRequest.__init_"], "tests.test_spider_task.TestSpiderTestCase.test_task_comparison": ["grab.spider.task.Task.__init_", "unittest.TestCase.assertTru"], "tests.test_spider_task.TestSpiderTestCase.test_task_get_fallback_handler": ["grab.spider.task.Task.__init_", "grab.spider.base.Spider.__init_", "grab.spider.base.Spider.get_fallback_handle", "unittest.TestCase.assertEqua"], "tests.test_spider_task.TestSpiderTestCase.test_task_get_fallback_handler.TestSpider.do_smth": [], "tests.test_spider_task.TestSpiderTestCase.test_task_get_fallback_handler.TestSpider.task_bar_fallback": [], "tests.test_spider_task.TestSpiderTestCase.test_add_task_invalid_url_no_error": ["grab.spider.base.Spider.__init_", "grab.spider.base.Spider.add_tas", "grab.spider.task.Task.__init_", "unittest.TestCase.assertEqua"], "tests.test_spider_task.TestSpiderTestCase.test_add_task_invalid_url_raise_error": ["unittest.TestCase.assertRaise", "grab.spider.task.Task.__init_", "grab.spider.base.Spider.__init_", "grab.spider.base.Spider.add_tas", "unittest.TestCase.assertEqua"], "tests.test_spider_task.TestSpiderTestCase.test_worker_restored": ["grab.spider.base.Spider.ru", "grab.spider.task.Task.__init_", "<builtin>.rang", "test_server.Respons", "grab.spider.base.Spider.__init_", "unittest.TestCase.assertTru", "grab.spider.base.Spider.add_tas"], "tests.test_spider_task.TestSpiderTestCase.test_worker_restored.TestSpider.task_page": [], "tests.test_spider_task.TestSpiderTestCase.test_task_clone_post_request": ["grab.spider.base.Spider.ru", "grab.request.HttpRequest.__init_", "grab.spider.task.Task.__init_", "test_server.Respons", "grab.spider.base.Spider.__init_", "grab.spider.base.Spider.add_tas", "unittest.TestCase.assertEqua"], "tests.test_spider_task.TestSpiderTestCase.test_task_clone_post_request.TestSpider.task_foo": ["grab.spider.task.Task.ge", "grab.spider.task.Task.clon"], "tests.test_spider_task.TestSpiderTestCase.test_response_not_valid": ["grab.spider.base.Spider.ru", "grab.spider.task.Task.__init_", "test_server.Respons", "grab.spider.base.Spider.__init_", "grab.spider.base.Spider.add_tas", "unittest.TestCase.assertEqua"], "tests.test_spider_task.TestSpiderTestCase.test_response_not_valid.SomeSimpleSpider.task_page": [], "tests.test_spider_task.TestSpiderTestCase.test_task_generator_no_yield": ["grab.spider.base.Spider.ru", "grab.spider.task.Task.__init_", "test_server.Respons", "grab.spider.base.Spider.__init_", "grab.spider.base.Spider.add_tas", "unittest.TestCase.assertEqua"], "tests.test_spider_task.TestSpiderTestCase.test_task_generator_no_yield.TestSpider.task_page": [], "tests.test_spider_task.TestSpiderTestCase.test_initial_urls": ["test_server.Respons", "grab.spider.base.Spider.__init_", "grab.spider.base.Spider.ru", "unittest.TestCase.assertEqua"], "tests.test_spider_task.TestSpiderTestCase.test_initial_urls.TestSpider.task_initial": [], "tests.test_spider_task.TestSpiderTestCase.test_constructor_positional_args_name_ok": ["grab.spider.task.Task.__init_", "unittest.TestCase.assertTru", "grab.request.HttpRequest.__init_"], "tests.test_grab_url_processing": [], "tests.test_grab_url_processing.GrabUrlProcessingTestCase.setUp": [], "tests.test_grab_url_processing.GrabUrlProcessingTestCase.test_nonascii_path": ["test_server.Respons", "grab.client.reques", "unittest.TestCase.assertEqua"], "tests.test_grab_url_processing.GrabUrlProcessingTestCase.test_nonascii_query": ["test_server.Respons", "grab.client.reques", "unittest.TestCase.assertEqua"], "tests.test_grab_url_processing.GrabUrlProcessingTestCase.test_null_byte_url": ["test_server.Respons", "grab.client.reques", "unittest.TestCase.assertEqua"], "tests.test_grab_url_processing.GrabUrlProcessingTestCase.test_urllib3_idna_error": ["<builtin>.st", "unittest.TestCase.assertRaise", "grab.client.reques", "unittest.TestCase.assertTru"], "tests.test_grab_response_body_processing": [], "tests.test_grab_response_body_processing.CustomDocument.get_bytes_body": [], "tests.test_grab_response_body_processing.GrabSimpleTestCase.setUp": [], "tests.test_grab_response_body_processing.GrabSimpleTestCase.test_body": ["test_server.Respons", "grab.client.HttpClient.reques", "unittest.TestCase.assertEqua"], "tests.test_grab_response_body_processing.GrabSimpleTestCase.test_external_set_document_body": ["grab.client.HttpClient.reques", "unittest.TestCase.assertRaise"], "tests.test_grab_response_body_processing.GrabSimpleTestCase.test_empty_response": ["test_server.Respons", "grab.client.HttpClient.reques", "unittest.TestCase.assertTru"], "tests.test_grab_response_body_processing.GrabSimpleTestCase.test_doc_tree_notags_document": ["grab.document.Document.selec", "grab.document.Document.__init_", "unittest.TestCase.assertEqua"], "tests.test_grab_response_body_processing.GrabSimpleTestCase.test_github_html_processing": ["grab.client.HttpClient.reques", "unittest.TestCase.assertTru", "os.path.joi", "urllib.parse.urljoi", "test_server.Respons", "<builtin>.ope", "<builtin>.lis"], "os.path.join": [], "tests.test_grab_response_body_processing.GrabSimpleTestCase.test_explicit_custom_charset": ["grab.document.Document.selec", "grab.document.Document.__init_", "unittest.TestCase.assertEqua"], "tests.test_grab_response_body_processing.GrabSimpleTestCase.test_json": ["test_server.Respons", "grab.client.HttpClient.reques", "unittest.TestCase.assertEqua"], "tests.test_spider_stat": [], "tests.test_spider_stat.BasicSpiderTestCase.setUp": [], "tests.test_spider_stat.BasicSpiderTestCase.test_counters_and_collections": ["grab.spider.base.Spider.ru", "grab.spider.task.Task.__init_", "<builtin>.le", "test_server.Respons", "grab.spider.base.Spider.__init_", "grab.spider.base.Spider.add_tas", "unittest.TestCase.assertEqua"], "tests.test_spider_stat.BasicSpiderTestCase.test_counters_and_collections.TestSpider.task_page_valid": [], "tests.test_spider_stat.BasicSpiderTestCase.test_counters_and_collections.TestSpider.task_page_fail": ["<builtin>.Exceptio"], "tests.test_spider_stat.BasicSpiderTestCase.test_render_stats": ["grab.spider.base.Spider.ru", "grab.spider.task.Task.__init_", "test_server.Respons", "grab.spider.base.Spider.__init_", "grab.spider.base.Spider.render_stat", "grab.spider.base.Spider.add_tas"], "tests.test_spider_stat.BasicSpiderTestCase.test_render_stats.TestSpider.task_page": [], "tests.test_grab_error": [], "tests.test_grab_error.GrabErrorTestCase.test_original_exceptions_urllib2": ["unittest.TestCase.assertTru", "grab.client.reques", "<builtin>.isinstanc"], "tests.test_urllib3": [], "tests.test_urllib3.GrabApiTestCase.setUp": [], "tests.test_urllib3.GrabApiTestCase.test_urllib3_idna_error": ["unittest.TestCase.assertRaise", "urllib3.PoolManage"], "tests.test_urllib3.GrabApiTestCase.test_invalid_url": ["unittest.TestCase.assertRaise", "grab.client.reques"], "tests.test_spider_queue": ["pytest.mark.ski", "pytest.mark.skipi"], "pytest.mark.skip": [], "pytest.mark.skipif": [], "tests.test_spider_queue.SimpleSpider.task_page": ["grab.spider.base.Spider.collect_runtime_even", "<builtin>.st"], "tests.test_spider_queue.BaseSpiderQueueTestCase": ["abc.abstractmetho"], "tests.test_spider_queue.BaseSpiderQueueTestCase.build_task_queue": [], "tests.test_spider_queue.BaseSpiderQueueTestCase.test_basic_priority": ["grab.spider.base.Spider.ru", "<builtin>.sorte", "grab.spider.task.Task.__init_", "tests.test_spider_queue.BaseSpiderQueueTestCase.build_task_queu", "test_server.Respons", "grab.spider.base.Spider.__init_", "grab.spider.base.Spider.add_tas", "unittest.TestCase.assertEqua"], "tests.test_spider_queue.BaseSpiderQueueTestCase.test_basic_priority.<lambda1>": [], "tests.test_spider_queue.BaseSpiderQueueTestCase.test_queue_length": ["grab.spider.base.Spider.ru", "tests.test_spider_queue.BaseSpiderQueueTestCase.test_queue_length.CustomSpider.__init_", "grab.spider.task.Task.__init_", "<builtin>.rang", "tests.test_spider_queue.BaseSpiderQueueTestCase.build_task_queu", "test_server.Respons", "grab.spider.base.Spider.add_tas", "unittest.TestCase.assertEqua"], "tests.test_spider_queue.BaseSpiderQueueTestCase.test_queue_length.CustomSpider.__init__": ["<builtin>.supe"], "tests.test_spider_queue.BaseSpiderQueueTestCase.test_task_queue_render_stats": ["grab.spider.base.Spider.__init_", "grab.spider.base.Spider.render_stat"], "tests.test_spider_queue.BaseSpiderQueueTestCase.test_clear": ["grab.spider.task.Task.__init_", "<builtin>.rang", "tests.test_spider_queue.BaseSpiderQueueTestCase.build_task_queu", "grab.spider.base.Spider.__init_", "grab.spider.base.Spider.add_tas", "unittest.TestCase.assertEqua"], "tests.test_spider_queue.SpiderMemoryQueueTestCase.build_task_queue": ["grab.spider.queue_backend.memory.MemoryTaskQueue.__init_"], "tests.test_spider_queue.SpiderMemoryQueueTestCase.test_schedule": ["test_server.Respons", "grab.spider.base.Spider.__init_", "grab.spider.base.Spider.ru", "unittest.TestCase.assertEqua"], "tests.test_spider_queue.SpiderMemoryQueueTestCase.test_schedule.TestSpider.task_page": ["grab.spider.base.Spider.collect_runtime_even"], "tests.test_spider_queue.SpiderMemoryQueueTestCase.test_schedule_list_clear": ["typing.cas", "grab.spider.task.Task.__init_", "<builtin>.le", "<builtin>.rang", "grab.spider.base.Spider.__init_", "grab.spider.base.Spider.add_tas", "unittest.TestCase.assertEqua"], "tests.test_spider_queue.SpiderMongodbQueueTestCase.build_task_queue": ["tests.util.load_test_confi", "grab.spider.queue_backend.mongodb.MongodbTaskQueue.__init_"], "grab.spider.queue_backend.mongodb.MongodbTaskQueue.__init__": ["pymongo.MongoClien", "grab.spider.queue_backend.base.BaseTaskQueue.random_queue_nam", "<builtin>.supe"], "tests.test_spider_queue.SpiderMongodbQueueTestCase.test_schedule": ["grab.spider.base.Spider.ru", "typing.cas", "unittest.TestCase.assertEqua", "test_server.Respons", "grab.spider.base.Spider.__init_", "tests.test_spider_queue.SpiderMongodbQueueTestCase.build_task_queu"], "tests.test_spider_queue.SpiderMongodbQueueTestCase.test_schedule.TestSpider.task_page": ["grab.spider.base.Spider.collect_runtime_even"], "tests.test_spider_queue.SpiderMongodbQueueTestCase.test_clear_collection": ["grab.spider.base.Spider.__init_", "tests.test_spider_queue.SpiderMongodbQueueTestCase.build_task_queu"], "tests.test_spider_queue.SpiderRedisQueueTestCase.build_task_queue": ["grab.spider.queue_backend.redis.RedisTaskQueue.__init_", "tests.util.load_test_confi"], "grab.spider.queue_backend.redis.RedisTaskQueue.__init__": ["logging.debu", "grab.spider.queue_backend.redis.CustomPriorityQueue.__init_", "grab.spider.queue_backend.base.BaseTaskQueue.random_queue_nam", "<builtin>.supe"], "tests.test_spider_queue.SpiderRedisQueueTestCase.test_delay_error": ["tests.test_spider_queue.SpiderRedisQueueTestCase.build_task_queu", "grab.spider.base.Spider.__init_", "unittest.TestCase.assertRaise", "grab.spider.task.Task.__init_"], "grab.spider.queue_backend.redis": ["secrets.SystemRando"], "grab.spider.queue_backend.redis.CustomPriorityQueue.__init__": ["<builtin>.supe"], "grab.spider.queue_backend.redis.CustomPriorityQueue.connect": ["redis.Redi"], "redis.Redis": [], "grab.spider.queue_backend.redis.CustomPriorityQueue.clear": ["fastrq.priorityqueue.PriorityQueue._redis.delet"], "fastrq.priorityqueue.PriorityQueue._redis.delete": [], "logging.debug": [], "grab.spider.queue_backend.redis.RedisTaskQueue.put": ["fastrq.priorityqueue.PriorityQueue.pus", "time.tim", "pickle.dump"], "fastrq.priorityqueue.PriorityQueue.push": [], "grab.spider.queue_backend.redis.RedisTaskQueue.get": ["pickle.load", "typing.cas", "fastrq.priorityqueue.PriorityQueue.po", "queue.Empt"], "fastrq.priorityqueue.PriorityQueue.pop": [], "queue.Empty": [], "pickle.loads": [], "grab.spider.queue_backend.redis.RedisTaskQueue.size": ["<builtin>.le"], "grab.spider.queue_backend.redis.RedisTaskQueue.clear": ["grab.spider.queue_backend.redis.CustomPriorityQueue.clea"], "grab.spider.queue_backend.redis.RedisTaskQueue.close": [], "grab.spider.queue_backend.mongodb": ["logging.getLogge"], "pymongo.MongoClient": [], "grab.spider.queue_backend.mongodb.MongodbTaskQueue.size": [], "grab.spider.queue_backend.mongodb.MongodbTaskQueue.put": ["bson.Binar", "datetime.datetime.utcno", "pickle.dump"], "bson.Binary": [], "grab.spider.queue_backend.mongodb.MongodbTaskQueue.get": ["pickle.load", "typing.cas", "queue.Empt"], "grab.spider.queue_backend.mongodb.MongodbTaskQueue.clear": [], "grab.spider.queue_backend.mongodb.MongodbTaskQueue.close": [], "tests.test_ext_rex": [], "tests.test_ext_rex.ExtensionRexTestCase.setUp": ["grab.document.Document.__init_"], "tests.test_ext_rex.ExtensionRexTestCase.test_rex1": ["re.compil", "grab.document.Document.rex_searc", "unittest.TestCase.assertEqua"], "tests.test_ext_rex.ExtensionRexTestCase.test_rex2": ["re.compil", "grab.document.Document.rex_searc", "unittest.TestCase.assertEqua"], "tests.test_ext_rex.ExtensionRexTestCase.test_rex3": ["re.compil", "unittest.TestCase.assertRaise"], "tests.test_ext_rex.ExtensionRexTestCase.test_rex3.<lambda1>": ["grab.document.Document.rex_searc"], "tests.test_ext_rex.ExtensionRexTestCase.test_rex4": ["re.compil", "grab.document.Document.rex_searc", "unittest.TestCase.assertEqua"], "tests.test_ext_rex.ExtensionRexTestCase.test_rex5": ["re.compil", "unittest.TestCase.assertRaise"], "tests.test_ext_rex.ExtensionRexTestCase.test_rex5.<lambda1>": ["grab.document.Document.rex_searc"], "tests.test_ext_rex.ExtensionRexTestCase.test_assert_rex": ["re.compil", "grab.document.Document.rex_asser"], "tests.test_ext_rex.ExtensionRexTestCase.test_assert_rex_text": ["grab.document.Document.rex_tex", "unittest.TestCase.assertEqua"], "tests.test_grab_cookies": [], "tests.test_grab_cookies.TestCookies.setUp": [], "tests.test_grab_cookies.TestCookies.test_parsing_response_cookies": ["test_server.Respons", "unittest.TestCase.assertTru", "grab.client.reques", "<builtin>.an"], "tests.test_grab_cookies.TestCookies.test_multiple_cookies": ["test_server.Respons", "grab.client.reques", "unittest.TestCase.assertEqua"], "tests.test_grab_cookies.TestCookies.test_session": ["grab.extensions.CookiesExtension.clea", "grab.client.HttpClient.reques", "unittest.TestCase.assertFals", "<builtin>.an", "test_server.Respons", "unittest.TestCase.assertTru", "unittest.TestCase.assertEqua"], "tests.test_grab_cookies.TestCookies.test_redirect_session": ["test_server.Respons", "grab.client.HttpClient.reques", "unittest.TestCase.assertTru", "<builtin>.an"], "tests.test_grab_cookies.TestCookies.test_path": ["test_server.Respons", "grab.client.HttpClient.reques", "unittest.TestCase.assertEqua", "<builtin>.le"], "tests.test_grab_cookies.TestCookies.test_unicode_cookie": ["test_server.Respons", "grab.client.reques"], "tests.test_grab_cookies.TestCookies.test_unicode_cookie.callback": [], "tests.test_grab_post_request": [], "tests.test_grab_post_request.TestPostFeature.setUp": [], "tests.test_grab_post_request.TestPostFeature.test_post": ["test_server.Respons", "grab.client.reques", "unittest.TestCase.assertEqua"], "tests.test_grab_post_request.TestPostFeature.test_multipart_post": ["test_server.Respons", "unittest.TestCase.assertTru", "grab.client.reques"], "tests.test_grab_post_request.TestPostFeature.test_put": ["test_server.Respons", "grab.client.reques", "unittest.TestCase.assertEqua"], "tests.test_grab_post_request.TestPostFeature.test_patch": ["test_server.Respons", "grab.client.reques", "unittest.TestCase.assertEqua"], "tests.test_grab_post_request.TestPostFeature.test_empty_post": ["test_server.Respons", "grab.client.reques", "unittest.TestCase.assertEqua"], "tests.test_spider": [], "tests.test_spider.SimpleSpider.task_baz": ["grab.spider.base.Spider.collect_runtime_even"], "tests.test_spider.BasicSpiderTestCase.setUp": [], "tests.test_spider.BasicSpiderTestCase.test_spider": ["grab.spider.base.Spider.ru", "grab.spider.task.Task.__init_", "test_server.Respons", "grab.spider.base.Spider.__init_", "grab.spider.base.Spider.add_tas", "unittest.TestCase.assertEqua"], "tests.test_spider.BasicSpiderTestCase.test_network_limit": ["grab.spider.base.Spider.ru", "grab.util.timeout.Timeout.__init_", "grab.request.HttpRequest.__init_", "grab.spider.task.Task.__init_", "test_server.Respons", "grab.spider.base.Spider.__init_", "grab.spider.base.Spider.add_tas", "unittest.TestCase.assertEqua"], "tests.test_spider.BasicSpiderTestCase.test_task_limit": ["grab.spider.base.Spider.ru", "grab.util.timeout.Timeout.__init_", "grab.request.HttpRequest.__init_", "grab.spider.task.Task.__init_", "test_server.Respons", "grab.spider.base.Spider.__init_", "grab.spider.base.Spider.add_tas", "unittest.TestCase.assertEqua"], "tests.test_spider.BasicSpiderTestCase.test_task_retry": ["grab.spider.base.Spider.ru", "grab.spider.task.Task.__init_", "test_server.Respons", "grab.spider.base.Spider.__init_", "grab.spider.base.Spider.add_tas", "unittest.TestCase.assertEqua"], "tests.test_spider.BasicSpiderTestCase.testz_generator": ["test_server.Respons", "grab.spider.base.Spider.__init_", "grab.spider.base.Spider.ru", "unittest.TestCase.assertEqua"], "tests.test_spider.BasicSpiderTestCase.testz_generator.TestSpider.task_page": [], "tests.test_spider.BasicSpiderTestCase.test_handler_result_none": ["tests.test_spider.BasicSpiderTestCase.test_handler_result_none.TestSpider.__init_", "grab.spider.base.Spider.ru", "grab.spider.task.Task.__init_", "test_server.Respons", "grab.spider.base.Spider.add_tas"], "tests.test_spider.BasicSpiderTestCase.test_handler_result_none.TestSpider.__init__": ["<builtin>.supe"], "tests.test_spider.BasicSpiderTestCase.test_handler_result_none.TestSpider.task_page": [], "tests.test_spider.BasicSpiderTestCase.test_fallback_handler_by_default_name": ["grab.spider.base.Spider.ru", "grab.spider.task.Task.__init_", "test_server.Respons", "tests.test_spider.BasicSpiderTestCase.test_fallback_handler_by_default_name.TestSpider.__init_", "grab.spider.base.Spider.add_tas", "unittest.TestCase.assertEqua"], "tests.test_spider.BasicSpiderTestCase.test_fallback_handler_by_default_name.TestSpider.__init__": ["<builtin>.supe"], "tests.test_spider.BasicSpiderTestCase.test_fallback_handler_by_default_name.TestSpider.task_page": [], "tests.test_spider.BasicSpiderTestCase.test_fallback_handler_by_default_name.TestSpider.task_page_fallback": [], "tests.test_spider.BasicSpiderTestCase.test_fallback_handler_by_fallback_name": ["grab.spider.base.Spider.ru", "tests.test_spider.BasicSpiderTestCase.test_fallback_handler_by_fallback_name.TestSpider.__init_", "grab.spider.task.Task.__init_", "test_server.Respons", "grab.spider.base.Spider.add_tas", "unittest.TestCase.assertEqua"], "tests.test_spider.BasicSpiderTestCase.test_fallback_handler_by_fallback_name.TestSpider.__init__": ["<builtin>.supe"], "tests.test_spider.BasicSpiderTestCase.test_fallback_handler_by_fallback_name.TestSpider.task_page": [], "tests.test_spider.BasicSpiderTestCase.test_fallback_handler_by_fallback_name.TestSpider.fallback_zz": [], "tests.test_spider.BasicSpiderTestCase.test_check_task_limits_invalid_value": ["grab.spider.base.Spider.__init_", "grab.spider.base.Spider.add_tas", "unittest.TestCase.assertRaise", "grab.spider.task.Task.__init_"], "tests.test_spider.BasicSpiderTestCase.test_check_task_limits_invalid_value.TestSpider.task_page": [], "tests.test_spider.BasicSpiderTestCase.test_handler_result_invalid": ["unittest.TestCase.assertRaise", "grab.spider.task.Task.__init_", "test_server.Respons", "tests.test_spider.BasicSpiderTestCase.test_handler_result_invalid.TestSpider.__init_", "grab.spider.base.Spider.add_tas"], "tests.test_spider.BasicSpiderTestCase.test_handler_result_invalid.TestSpider.__init__": ["<builtin>.supe"], "tests.test_spider.BasicSpiderTestCase.test_handler_result_invalid.TestSpider.task_page": [], "tests.test_spider.BasicSpiderTestCase.test_task_queue_clear": ["grab.spider.base.Spider.ru", "grab.spider.task.Task.__init_", "<builtin>.rang", "test_server.Respons", "grab.spider.base.Spider.__init_", "grab.spider.base.Spider.add_tas", "unittest.TestCase.assertEqua"], "tests.test_spider.BasicSpiderTestCase.test_task_queue_clear.TestSpider.task_page": ["grab.spider.base.Spider.sto"], "tests.test_spider.BasicSpiderTestCase.test_fatal_error": ["unittest.TestCase.assertRaise", "grab.spider.task.Task.__init_", "test_server.Respons", "grab.spider.base.Spider.__init_", "grab.spider.base.Spider.add_tas"], "tests.test_spider.BasicSpiderTestCase.test_fatal_error.TestSpider.task_page": [], "tests.test_spider_error": [], "tests.test_spider_error.SpiderErrorTestCase.setUp": [], "tests.test_spider_error.SpiderErrorTestCase.test_generator_with_invalid_url": ["grab.spider.base.Spider.__init_", "grab.spider.base.Spider.ru"], "tests.test_spider_error.SpiderErrorTestCase.test_redirect_with_invalid_url": ["test_server.Respons", "tests.test_spider_error.SpiderErrorTestCase.test_redirect_with_invalid_url.TestSpider.__init_", "grab.spider.base.Spider.ru"], "tests.test_spider_error.SpiderErrorTestCase.test_redirect_with_invalid_url.TestSpider.__init__": ["<builtin>.supe"], "tests.test_spider_error.SpiderErrorTestCase.test_redirect_with_invalid_url.TestSpider.task_page": [], "tests.test_spider_error.SpiderErrorTestCase.test_stat_error_name_threaded_urllib3": ["test_server.Respons", "grab.spider.base.Spider.__init_", "unittest.TestCase.assertTru", "grab.spider.base.Spider.ru"], "tests.test_spider_error.SpiderErrorTestCase.test_stat_error_name_threaded_urllib3.SimpleSpider.task_page": [], "tests.test_spider_multiprocess": [], "tests.test_spider_multiprocess.BasicSpiderTestCase.SimpleSpider.__init__": ["<builtin>.supe"], "tests.test_spider_multiprocess.BasicSpiderTestCase.SimpleSpider.task_page": ["grab.spider.task.Task.__init_"], "tests.test_spider_multiprocess.BasicSpiderTestCase.SimpleSpider.task_page2": [], "tests.test_spider_multiprocess.BasicSpiderTestCase.setUp": [], "tests.test_spider_multiprocess.BasicSpiderTestCase.test_spider_nonmp_changes": ["grab.spider.base.Spider.ru", "grab.spider.task.Task.__init_", "tests.test_spider_multiprocess.BasicSpiderTestCase.SimpleSpider.__init_", "test_server.Respons", "grab.spider.base.Spider.add_tas", "unittest.TestCase.assertEqua"], "tests.test_ext_text": [], "tests.test_ext_text.TextExtensionTest.setUp": ["grab.document.Document.__init_"], "tests.test_ext_text.TextExtensionTest.test_search": ["grab.document.Document.text_searc", "unittest.TestCase.assertTru", "unittest.TestCase.assertFals"], "tests.test_ext_text.TextExtensionTest.test_assert_substring": ["grab.document.Document.text_asser", "unittest.TestCase.assertRaise"], "tests.test_ext_text.TextExtensionTest.test_assert_substrings": ["unittest.TestCase.assertRaise", "grab.document.Document.text_assert_an"], "tests.test_grab_xml_processing": [], "tests.test_grab_xml_processing.GrabXMLProcessingTestCase.setUp": [], "tests.test_grab_xml_processing.GrabXMLProcessingTestCase.test_xml_with_declaration": ["test_server.Respons", "unittest.TestCase.assertTru", "grab.client.reques"], "tests.test_grab_xml_processing.GrabXMLProcessingTestCase.test_declaration_bug": ["grab.document.Document.selec", "grab.document.Document.rex_searc", "grab.document.Document.text_searc", "grab.document.Document.__init_", "unittest.TestCase.assertTru", "unittest.TestCase.assertEqua"], "tests.test_xml_security": [], "tests.test_xml_security.GrabSimpleTestCase.setUp": [], "tests.test_xml_security.GrabSimpleTestCase.test_lxml_security_bug": ["lxml.etree.pars", "typing.cas", "io.BytesI", "os.path.joi", "<builtin>.ope", "tests.util.temp_di", "unittest.TestCase.assertEqua"], "tests.test_grab_charset_issue": [], "tests.test_grab_charset_issue.LXMLExtensionTest.setUp": [], "tests.test_grab_charset_issue.LXMLExtensionTest.test_dash_issue": ["grab.client.reques", "unittest.TestCase.assertFals", "<builtin>.ch", "test_server.Respons", "unittest.TestCase.assertTru"], "tests.test_grab_charset_issue.LXMLExtensionTest.test_invalid_charset": ["test_server.Respons", "grab.client.reques"], "tests.test_util_types": [], "tests.test_util_types.ResolveHttpClientEntityTestCase.test_resolve_entity_default": ["unittest.TestCase.assertTru", "grab.util.types.resolve_entit", "<builtin>.isinstanc"], "tests.test_util_types.ResolveHttpClientEntityTestCase.test_resolve_entity_none_nodefault": ["unittest.TestCase.assertRaise", "grab.util.types.resolve_entit"], "tests.test_util_types.ResolveHttpClientEntityTestCase.test_resolve_entity_instance": ["unittest.TestCase.assertTru", "grab.util.types.resolve_entit", "<builtin>.isinstanc"], "tests.test_util_types.ResolveHttpClientEntityTestCase.test_resolve_entity_class": ["unittest.TestCase.assertTru", "grab.util.types.resolve_entit", "<builtin>.isinstanc"], "tests.test_util_types.ResolveTransportEntityTestCase.test_resolve_transport_entity_default": ["unittest.TestCase.assertTru", "<builtin>.isinstanc"], "tests.test_util_types.ResolveTransportEntityTestCase.test_resolve_transport_entity_none_nodefault": ["unittest.TestCase.assertRaise"], "tests.test_util_types.ResolveTransportEntityTestCase.test_resolve_transport_entity_instance": ["unittest.TestCase.assertTru", "<builtin>.isinstanc", "grab.transport.Urllib3Transport.__init_"], "tests.test_util_types.ResolveTransportEntityTestCase.test_resolve_transport_entity_class": ["unittest.TestCase.assertTru", "<builtin>.isinstanc"], "tests.test_grab_upload_file": [], "tests.test_grab_timeout": [], "tests.test_grab_timeout.GrabTimeoutCase.setUp": [], "tests.test_grab_timeout.GrabTimeoutCase.test_timeout_raises": ["test_server.Respons", "unittest.TestCase.assertRaise", "grab.client.reques"], "tests.test_grab_timeout.GrabTimeoutCase.test_timeout_enough_to_complete": ["test_server.Respons", "grab.client.reques"], "tests.test_grab_transport": [], "tests.test_grab_transport.TestTransportTestCase.test_default_transport": ["unittest.TestCase.assertTru", "<builtin>.isinstanc"], "tests.test_grab_api": [], "tests.test_grab_api.GrabApiTestCase.setUp": [], "tests.test_grab_api.GrabApiTestCase.test_clone": ["test_server.Respons", "grab.client.HttpClient.reques", "unittest.TestCase.assertTru"], "tests.test_grab_api.GrabApiTestCase.test_empty_clone": [], "tests.test_grab_api.GrabApiTestCase.test_document": ["grab.document.Document.__init_", "unittest.TestCase.assertTru"], "tests.test_grab_api.GrabApiTestCase.test_document_invalid_input": ["unittest.TestCase.assertRaise"], "tests.test_spider_proxy": [], "tests.test_spider_proxy.SimpleSpider.task_baz": ["grab.spider.base.Spider.collect_runtime_even", "<builtin>.st", "<builtin>.in"], "tests.test_spider_proxy.TestSpiderProxyCase.setUpClass": ["test_server.TestServe", "<builtin>.rang", "<builtin>.supe"], "tests.test_spider_proxy.TestSpiderProxyCase.tearDownClass": ["<builtin>.supe"], "tests.test_spider_proxy.TestSpiderProxyCase.setUp": ["<builtin>.supe"], "tests.test_spider_proxy.TestSpiderProxyCase.test_setup_proxylist5": ["grab.spider.base.Spider.__init_", "<builtin>.st", "grab.spider.base.Spider.ru", "tests.util.temp_fil", "grab.spider.base.Spider.load_proxylis", "<builtin>.se", "grab.request.HttpRequest.__init_", "grab.spider.task.Task.__init_", "<builtin>.le", "<builtin>.rang", "test_server.Respons", "<builtin>.ope", "grab.spider.base.Spider.add_tas", "unittest.TestCase.assertEqua"], "grab.response": [], "grab.util.html": ["re.compil"], "grab.util.html.find_base_url": ["html.unescap"], "html.unescape": []}