{".DyPyBench.temp.project41.celery.contrib.pytest": ["collections.abc.Mapping.get"], ".DyPyBench.temp.project41.celery.contrib.pytest.pytest_configure": ["_pytest.config.Config.addinivalue_line"], ".DyPyBench.temp.project41.celery.states": ["builtins.len", "builtins.range", "builtins.zip", "builtins.dict", "builtins.frozenset", "builtins.frozenset", "builtins.frozenset", "builtins.frozenset", "builtins.frozenset"], ".DyPyBench.temp.project41.celery.utils.term": ["builtins.range", "platform.system", "collections.abc.Mapping.get", "collections.abc.Mapping.get", "str.startswith"], ".DyPyBench.temp.project41.celery.utils.log": ["collections.abc.Mapping.get", "kombu.log.get_logger", "celery.utils.log.get_logger", "celery.utils.log.get_logger", "celery.utils.term.colored", "_thread._local"], ".DyPyBench.temp.project41.celery.utils.log.get_logger": ["kombu.log.get_logger", "celery.utils.log._using_logger_parent"], ".DyPyBench.temp.project41.celery.utils.log._using_logger_parent": ["celery.utils.log.logger_isa"], ".DyPyBench.temp.project41.celery.utils.log.logger_isa": ["builtins.set", "builtins.range", "set.add"], ".DyPyBench.temp.project41.celery.utils.term.colored.__init__": ["dict.get", "dict.get"], ".DyPyBench.temp.project41.celery.utils.functional": ["celery.utils.log.get_logger"], ".DyPyBench.temp.project41.celery.utils.imports": ["collections.abc.Mapping.get"], ".DyPyBench.temp.project41.celery.utils.text": ["str.strip", "re.compile", "functools.partial"], ".DyPyBench.temp.project41.celery.utils.nodenames": ["kombu.entity.Exchange", "kombu.utils.functional.memoize", "kombu.utils.functional.memoize.<locals>._memoize", "functools.partial"], ".DyPyBench.temp.project41.celery.utils.threads": ["collections.abc.Mapping.get", "builtins.property"], ".DyPyBench.temp.project41.celery._state": ["_weakrefset.WeakSet", "builtins.set", "celery._state._TLS", "celery.utils.threads._LocalStack", "collections.abc.Mapping.get", "collections.abc.Mapping.get", "celery.local.celery.local", "celery.local.celery.local", "collections.abc.Mapping.get", "celery._state.disable_trace"], ".DyPyBench.temp.project41.celery.utils.threads._LocalStack.__init__": ["celery.utils.threads.Local"], ".DyPyBench.temp.project41.celery.utils.threads.Local.__init__": ["object.__setattr__", "object.__setattr__"], ".DyPyBench.temp.project41.celery.platforms": ["celery.local.try_import", "celery.local.try_import", "celery.local.try_import", "celery.local.try_import", "celery.local.try_import", "builtins.getattr", "builtins.getattr", "builtins.getattr", "builtins.getattr", "platform.system", "str.startswith", "builtins.getattr", "builtins.hasattr", "celery.platforms.Signals", "collections.abc.Mapping.get"], ".DyPyBench.temp.project41.celery.utils.iso8601": ["re.compile", "re.compile"], ".DyPyBench.temp.project41.celery.utils.time": ["collections.abc.Mapping.get", "builtins.range", "builtins.zip", "builtins.dict", "datetime.timedelta", "celery.utils.time._Zone"], ".DyPyBench.temp.project41.celery.utils.dispatch.signal": ["celery.utils.log.get_logger", "celery.utils.dispatch.signal._make_id", "builtins.object"], ".DyPyBench.temp.project41.celery.utils.dispatch.signal._make_id": ["builtins.isinstance", "builtins.isinstance", "builtins.hasattr", "builtins.id"], ".DyPyBench.temp.project41.celery.signals": ["celery.utils.dispatch.signal.Signal", "celery.utils.dispatch.signal.Signal", "celery.utils.dispatch.signal.Signal", "celery.utils.dispatch.signal.Signal", "celery.utils.dispatch.signal.Signal", "celery.utils.dispatch.signal.Signal", "celery.utils.dispatch.signal.Signal", "celery.utils.dispatch.signal.Signal", "celery.utils.dispatch.signal.Signal", "celery.utils.dispatch.signal.Signal", "celery.utils.dispatch.signal.Signal", "celery.utils.dispatch.signal.Signal", "celery.utils.dispatch.signal.Signal", "celery.utils.dispatch.signal.Signal", "celery.utils.dispatch.signal.Signal", "celery.utils.dispatch.signal.Signal", "celery.utils.dispatch.signal.Signal", "celery.utils.dispatch.signal.Signal", "celery.utils.dispatch.signal.Signal", "celery.utils.dispatch.signal.Signal", "celery.utils.dispatch.signal.Signal", "celery.utils.dispatch.signal.Signal", "celery.utils.dispatch.signal.Signal", "celery.utils.dispatch.signal.Signal", "celery.utils.dispatch.signal.Signal", "celery.utils.dispatch.signal.Signal", "celery.utils.dispatch.signal.Signal", "celery.utils.dispatch.signal.Signal", "celery.utils.dispatch.signal.Signal", "celery.utils.dispatch.signal.Signal", "celery.utils.dispatch.signal.Signal", "celery.utils.dispatch.signal.Signal", "celery.utils.dispatch.signal.Signal"], ".DyPyBench.temp.project41.celery.utils.dispatch.signal.Signal.__init__": ["builtins.set", "_thread.allocate_lock"], ".DyPyBench.temp.project41.celery.utils.abstract": ["builtins.frozenset", "builtins.frozenset", "builtins.frozenset"], ".DyPyBench.temp.project41.celery.utils.collections": ["builtins.hasattr", "abc.ABCMeta.register", "abc.ABCMeta.register", "abc.ABCMeta.register"], ".DyPyBench.temp.project41.celery.app.builtins": ["celery.utils.log.get_logger"], ".DyPyBench.temp.project41.celery._state.connect_on_app_finalize": ["set.add"], ".DyPyBench.temp.project41.celery.app.annotations": ["celery.utils.functional.firstmethod", "celery.utils.functional.firstmethod"], ".DyPyBench.temp.project41.celery.app.defaults": ["str.strip", "collections.namedtuple", "builtins.set", "celery.app.defaults.Option", "celery.app.defaults.Option", "celery.app.defaults.Option", "celery.app.defaults.Option", "celery.app.defaults.Option", "celery.app.defaults.Option", "celery.app.defaults.Option", "celery.app.defaults.Option", "celery.app.defaults.Option", "celery.app.defaults.Option", "celery.app.defaults.Option", "celery.app.defaults.Option", "celery.app.defaults.Namespace", "celery.app.defaults.Option", "celery.app.defaults.Option", "celery.app.defaults.Option", "celery.app.defaults.Option", "celery.app.defaults.Option", "celery.app.defaults.Option", "celery.app.defaults.Option", "celery.app.defaults.Option", "celery.app.defaults.Option", "celery.app.defaults.Option", "celery.app.defaults.Option", "celery.app.defaults.Option", "celery.app.defaults.Option", "celery.app.defaults.Option", "celery.app.defaults.Option", "celery.app.defaults.Option", "celery.app.defaults.Option", "celery.app.defaults.Option", "celery.app.defaults.Option", "celery.app.defaults.Option", "celery.app.defaults.Option", "celery.app.defaults.Namespace", "celery.app.defaults.old_ns", "celery.app.defaults.Option", "celery.app.defaults.Option", "celery.app.defaults.Namespace", "celery.app.defaults.Option", "celery.app.defaults.Option", "celery.app.defaults.Option", "celery.app.defaults.Option", "celery.app.defaults.Option", "celery.app.defaults.Option", "celery.app.defaults.Option", "celery.app.defaults.Option", "celery.app.defaults.Option", "celery.app.defaults.Option", "celery.app.defaults.Option", "celery.app.defaults.Namespace", "celery.app.defaults.Option", "celery.app.defaults.Option", "celery.app.defaults.Option", "celery.app.defaults.Option", "celery.app.defaults.Option", "celery.app.defaults.Option", "celery.app.defaults.Namespace", "celery.app.defaults.Option", "celery.app.defaults.Option", "celery.app.defaults.Option", "celery.app.defaults.Option", "celery.app.defaults.Option", "celery.app.defaults.Option", "celery.app.defaults.Option", "celery.app.defaults.Namespace", "celery.app.defaults.Option", "celery.app.defaults.Option", "celery.app.defaults.Option", "celery.app.defaults.Namespace", "celery.app.defaults.old_ns", "celery.app.defaults.Option", "celery.app.defaults.Namespace", "celery.app.defaults.old_ns", "celery.app.defaults.Option", "celery.app.defaults.Namespace", "celery.app.defaults.old_ns", "celery.app.defaults.Option", "celery.app.defaults.Namespace", "celery.app.defaults.Option", "celery.app.defaults.Option", "celery.app.defaults.Option", "celery.app.defaults.Option", "celery.app.defaults.Option", "celery.app.defaults.Namespace", "celery.app.defaults.old_ns", "celery.app.defaults.Option", "celery.app.defaults.Option", "celery.app.defaults.Option", "celery.app.defaults.Option", "celery.app.defaults.Option", "celery.app.defaults.Namespace", "celery.app.defaults.old_ns", "celery.app.defaults.Option", "celery.app.defaults.Option", "celery.app.defaults.Option", "celery.app.defaults.Option", "celery.app.defaults.Option", "celery.app.defaults.Option", "celery.app.defaults.Option", "celery.app.defaults.Option", "celery.app.defaults.Option", "celery.app.defaults.Option", "celery.app.defaults.Option", "celery.app.defaults.Namespace", "celery.app.defaults.old_ns", "celery.app.defaults.Option", "celery.app.defaults.Option", "celery.app.defaults.Option", "celery.app.defaults.Option", "celery.app.defaults.Option", "datetime.timedelta", "celery.app.defaults.Option", "celery.app.defaults.Option", "celery.app.defaults.Option", "celery.app.defaults.Option", "celery.app.defaults.Option", "celery.app.defaults.Option", "celery.app.defaults.Option", "celery.app.defaults.Option", "builtins.float", "celery.app.defaults.Option", "celery.app.defaults.Option", "celery.app.defaults.Option", "celery.app.defaults.Namespace", "celery.app.defaults.old_ns", "celery.app.defaults.Option", "celery.app.defaults.Option", "celery.app.defaults.Option", "celery.app.defaults.Option", "celery.app.defaults.Namespace", "celery.app.defaults.old_ns", "celery.app.defaults.Option", "celery.app.defaults.Option", "celery.app.defaults.Option", "celery.app.defaults.Option", "celery.app.defaults.Option", "celery.app.defaults.Namespace", "celery.app.defaults.Option", "celery.app.defaults.Option", "celery.app.defaults.Option", "celery.app.defaults.Option", "celery.app.defaults.Option", "celery.app.defaults.Namespace", "celery.app.defaults.Option", "celery.app.defaults.Option", "celery.app.defaults.Option", "celery.app.defaults.Option", "celery.app.defaults.Option", "celery.app.defaults.Option", "celery.app.defaults.Option", "celery.app.defaults.Option", "celery.app.defaults.Option", "celery.app.defaults.Option", "celery.app.defaults.Option", "celery.app.defaults.Option", "celery.app.defaults.Option", "celery.app.defaults.Option", "celery.app.defaults.Option", "celery.app.defaults.Option", "celery.app.defaults.Option", "celery.app.defaults.Option", "celery.app.defaults.Option", "celery.app.defaults.Option", "celery.app.defaults.Option", "celery.app.defaults.Option", "celery.app.defaults.Option", "celery.app.defaults.Option", "celery.app.defaults.Option", "celery.app.defaults.Option", "celery.app.defaults.Option", "celery.app.defaults.Option", "celery.app.defaults.Option", "celery.app.defaults.Option", "celery.app.defaults.Option", "celery.app.defaults.Option", "celery.app.defaults.Namespace", "celery.app.defaults.Option", "celery.app.defaults.Option", "celery.app.defaults.Option", "celery.app.defaults.Option", "celery.app.defaults.Option", "celery.app.defaults.Option", "celery.app.defaults.Option", "celery.app.defaults.Option", "celery.app.defaults.Option", "celery.app.defaults.Option", "celery.app.defaults.Option", "celery.app.defaults.Option", "celery.app.defaults.Option", "celery.app.defaults.Option", "celery.app.defaults.Option", "celery.app.defaults.Option", "celery.app.defaults.Option", "celery.app.defaults.Option", "celery.app.defaults.Option", "celery.app.defaults.Option", "celery.app.defaults.Option", "celery.app.defaults.Option", "celery.app.defaults.Option", "celery.app.defaults.Option", "celery.app.defaults.Option", "celery.app.defaults.Option", "celery.app.defaults.Option", "celery.app.defaults.Namespace", "celery.app.defaults.Namespace", "celery.app.defaults.flatten"], ".DyPyBench.temp.project41.celery.app.defaults.Option.__init__": ["dict.get", "dict.items", "builtins.setattr"], ".DyPyBench.temp.project41.celery.app.defaults.Namespace": ["dict.items", "str.format"], ".DyPyBench.temp.project41.celery.app.defaults.flatten": ["collections.deque", "deque.popleft", "dict.items", "builtins.isinstance", "celery.app.defaults._flatten_keys", "deque.append"]}