{".DyPyBench.temp.project30.graphene.utils.props": ["builtins.set"], ".DyPyBench.temp.project30.graphene.utils.subclass_with_meta.SubclassWithMeta.__init_subclass__": ["builtins.getattr", "builtins.dict", "dict.pop", "builtins.hasattr", "graphene.utils.subclass_with_meta.SubclassWithMeta.__init_subclass_with_meta__", "graphene.types.base.BaseType.__init_subclass_with_meta__", "graphene.types.scalars.Scalar.__init_subclass_with_meta__", "builtins.isinstance", "inspect.isclass", "graphene.utils.props.props", "builtins.delattr", "graphene.types.objecttype.ObjectType.__init_subclass_with_meta__", "graphene.relay.node.AbstractNode.__init_subclass_with_meta__", "graphene.types.union.Union.__init_subclass_with_meta__", "graphene.types.mutation.Mutation.__init_subclass_with_meta__", "graphene.types.inputobjecttype.InputObjectType.__init_subclass_with_meta__", "graphene.types.enum.Enum.__init_subclass_with_meta__", "graphene.tests.issues.test_720.MyInputClass.__init_subclass_with_meta__", "graphene.tests.issues.test_425.SpecialObjectType.__init_subclass_with_meta__", "graphene.tests.issues.test_425.SpecialInputObjectType.__init_subclass_with_meta__", "graphene.tests.issues.test_425.SpecialEnum.__init_subclass_with_meta__"], ".DyPyBench.temp.project30.graphene.types.scalars.Scalar.__init_subclass_with_meta__": ["graphene.types.scalars.ScalarOptions", "graphene.types.base.BaseType.__init_subclass_with_meta__"], ".DyPyBench.temp.project30.graphene.types.base.BaseOptions.__setattr__": ["object.__setattr__"], ".DyPyBench.temp.project30.graphene.types.base.BaseType.__init_subclass_with_meta__": ["graphene.utils.trim_docstring.trim_docstring", "graphene.types.base.BaseOptions.freeze", "graphene.utils.subclass_with_meta.SubclassWithMeta.__init_subclass_with_meta__"], ".DyPyBench.temp.project30.graphene.utils.trim_docstring.trim_docstring": ["inspect.cleandoc"], ".DyPyBench.temp.project30.graphene.types.enum": ["builtins.type"], ".DyPyBench.temp.project30.graphene.types.enum.EnumMeta.__new__": ["builtins.dict", "dict.pop", "enum.Enum", "builtins.dict", "type.__new__"], ".DyPyBench.temp.project30.graphene.utils.deprecated": ["builtins.type"], ".DyPyBench.temp.project30.graphene.utils.props.props": ["builtins.getattr", "mappingproxy.get"], ".DyPyBench.temp.project30.graphene.types.objecttype.ObjectTypeMeta.__new__": ["type.__new__", "dict.items", "dataclasses.make_dataclass", "builtins.isinstance", "dataclasses.field"], ".DyPyBench.temp.project30.graphene.types.objecttype.ObjectType.__init_subclass_with_meta__": ["graphene.types.objecttype.ObjectTypeOptions", "builtins.reversed", "graphene.types.utils.yank_fields_from_attrs", "dict.update", "graphene.types.base.BaseType.__init_subclass_with_meta__", "dict.update"], ".DyPyBench.temp.project30.graphene.types.utils.yank_fields_from_attrs": ["mappingproxy.items", "builtins.list", "graphene.types.utils.get_field_as", "builtins.sorted", "builtins.dict", "list.append"], ".DyPyBench.temp.project30.graphene.types.utils.get_field_as": ["builtins.isinstance", "builtins.isinstance", "graphene.types.mountedtype.MountedType.mounted"], ".DyPyBench.temp.project30.graphene.types.schema": ["graphql.utilities.get_introspection_query.get_introspection_query"], ".DyPyBench.temp.project30.graphene.relay.node.AbstractNode.__init_subclass_with_meta__": ["builtins.issubclass", "graphene.types.interface.InterfaceOptions", "graphene.relay.node.GlobalID", "graphene.types.interface.Interface.__init_subclass_with_meta__"], ".DyPyBench.temp.project30.graphene.relay.node.GlobalID.__init__": ["graphene.types.field.Field.__init__"], ".DyPyBench.temp.project30.graphene.types.field.Field.__init__": ["graphene.utils.orderedtype.OrderedType.__init__", "builtins.callable", "graphene.types.structures.NonNull", "builtins.isinstance", "builtins.isinstance", "graphene.types.argument.to_arguments", "builtins.isinstance"], ".DyPyBench.temp.project30.graphene.utils.orderedtype.OrderedType.__init__": ["graphene.utils.orderedtype.OrderedType.gen_counter"], ".DyPyBench.temp.project30.graphene.types.structures.NonNull.__init__": ["graphene.types.structures.Structure.__init__", "builtins.isinstance"], ".DyPyBench.temp.project30.graphene.types.structures.Structure.__init__": ["graphene.types.unmountedtype.UnmountedType.__init__", "builtins.isinstance"], ".DyPyBench.temp.project30.graphene.types.unmountedtype.UnmountedType.__init__": ["graphene.utils.orderedtype.OrderedType.__init__"], ".DyPyBench.temp.project30.graphene.types.argument.to_arguments": ["dict.items", "itertools.chain", "dict.items", "builtins.sorted", "builtins.isinstance", "builtins.isinstance", "graphene.types.mountedtype.MountedType.mounted", "builtins.isinstance", "builtins.isinstance"], ".DyPyBench.temp.project30.graphene.types.interface.Interface.__init_subclass_with_meta__": ["builtins.reversed", "graphene.types.utils.yank_fields_from_attrs", "dict.update", "dict.update", "graphene.types.base.BaseType.__init_subclass_with_meta__"], ".DyPyBench.temp.project30.graphene.relay.connection": ["graphene.types.scalars.Boolean", "graphene.types.scalars.Boolean", "graphene.types.scalars.String", "graphene.types.scalars.String"], ".DyPyBench.temp.project30.graphene.types.mountedtype.MountedType.mounted": ["builtins.isinstance", "graphene.types.scalars.Scalar.get_type", "graphene.types.field.Field", "graphene.types.structures.Structure.get_type", "graphene.types.argument.Argument"], ".DyPyBench.temp.project30.graphene.utils.orderedtype.OrderedType.__lt__": ["builtins.isinstance"], ".DyPyBench.temp.project30.graphene.utils.deprecated.deprecated": ["builtins.isinstance"], ".DyPyBench.temp.project30.graphene.utils.deprecated.decorator": ["inspect.isclass"], ".DyPyBench.temp.project30.graphene.__init__": ["graphene.pyutils.version.get_version"], ".DyPyBench.temp.project30.graphene.pyutils.version.get_version": ["graphene.pyutils.version.get_complete_version", "graphene.pyutils.version.get_main_version", "builtins.str"], ".DyPyBench.temp.project30.graphene.pyutils.version.get_complete_version": ["builtins.len"], ".DyPyBench.temp.project30.graphene.pyutils.version.get_main_version": ["graphene.pyutils.version.get_complete_version", "builtins.str"], ".DyPyBench.temp.project30.graphene.types.argument.Argument.__init__": ["graphene.utils.orderedtype.OrderedType.__init__", "graphene.types.structures.NonNull"], ".DyPyBench.temp.project30.graphene.types.schema.Schema.__init__": ["graphene.types.schema.TypeMap", "graphql.type.schema.GraphQLSchema"], ".DyPyBench.temp.project30.graphene.types.schema.TypeMap.__init__": ["graphene.types.schema.assert_valid_root_type", "graphene.types.schema.assert_valid_root_type", "graphene.types.schema.assert_valid_root_type", "graphene.types.schema.TypeMap.add_type", "graphene.types.schema.TypeMap.add_type"], ".DyPyBench.temp.project30.graphene.types.schema.assert_valid_root_type": ["inspect.isclass", "builtins.issubclass", "builtins.isinstance"], ".DyPyBench.temp.project30.graphene.types.schema.TypeMap.add_type": ["inspect.isfunction", "builtins.isinstance", "builtins.isinstance", "TypeMap.get", "builtins.issubclass", "graphene.types.schema.TypeMap.create_objecttype", "builtins.issubclass", "builtins.issubclass", "builtins.issubclass", "graphene.types.schema.TypeMap.create_scalar", "graphene.types.schema.TypeMap.add_type", "graphql.type.definition.GraphQLNonNull", "graphene.types.schema.TypeMap.create_inputobjecttype"], ".DyPyBench.temp.project30.graphene.types.schema.TypeMap.create_objecttype": ["functools.partial", "graphene.types.definitions.GrapheneObjectType"], ".DyPyBench.temp.project30.graphene.types.definitions.GrapheneGraphQLType.__init__": ["dict.pop", "graphql.type.definition.GraphQLObjectType.__init__", "graphql.type.definition.GraphQLScalarType.__init__", "graphql.type.definition.GraphQLInputObjectType.__init__"], ".DyPyBench.temp.project30.graphene.types.schema.TypeMap.create_fields_for_type": ["dict.items", "builtins.isinstance", "graphene.types.schema.TypeMap.add_type", "dict.items", "graphene.types.schema.TypeMap.add_type", "graphene.types.schema.TypeMap.get_name", "graphql.type.definition.GraphQLArgument", "graphene.types.schema.TypeMap.get_function_for_type", "graphene.types.field.Field.wrap_subscribe", "builtins.issubclass", "graphene.types.resolver.get_default_resolver", "functools.partial", "graphene.types.schema.TypeMap.get_function_for_type", "graphene.types.field.Field.wrap_resolve", "graphql.type.definition.GraphQLField", "graphene.types.schema.TypeMap.get_name"], ".DyPyBench.temp.project30.graphene.types.field.Field.type": ["graphene.types.utils.get_type"], ".DyPyBench.temp.project30.graphene.types.utils.get_type": ["builtins.isinstance", "inspect.isfunction", "builtins.isinstance"], ".DyPyBench.temp.project30.graphene.types.argument.Argument.type": ["graphene.types.utils.get_type"], ".DyPyBench.temp.project30.graphene.types.structures.Structure.of_type": ["graphene.types.utils.get_type"], ".DyPyBench.temp.project30.graphene.types.schema.TypeMap.get_name": ["graphene.utils.str_converters.to_camel_case"], ".DyPyBench.temp.project30.graphene.utils.str_converters.to_camel_case": ["str.split", "str.capitalize"], ".DyPyBench.temp.project30.graphene.types.schema.TypeMap.get_function_for_type": ["builtins.issubclass", "builtins.getattr", "graphene.utils.get_unbound_function.get_unbound_function"], ".DyPyBench.temp.project30.graphene.utils.get_unbound_function.get_unbound_function": ["builtins.getattr"], ".DyPyBench.temp.project30.graphene.types.schema.Schema.__getattr__": ["graphql.type.schema.GraphQLSchema.get_type", "builtins.AttributeError"], ".DyPyBench.temp.project30.graphene.types.union.Union.__init_subclass_with_meta__": ["builtins.isinstance", "builtins.len", "graphene.types.union.UnionOptions", "graphene.types.base.BaseType.__init_subclass_with_meta__"], ".DyPyBench.temp.project30.graphene.types.mutation.Mutation.__init_subclass_with_meta__": ["graphene.types.mutation.MutationOptions", "builtins.getattr", "builtins.reversed", "graphene.types.utils.yank_fields_from_attrs", "dict.update", "builtins.getattr", "graphene.utils.props.props", "builtins.getattr", "graphene.utils.get_unbound_function.get_unbound_function", "graphene.types.objecttype.ObjectType.__init_subclass_with_meta__"], ".DyPyBench.temp.project30.graphene.types.mutation.Mutation.Field": ["graphene.types.field.Field"], ".DyPyBench.temp.project30.graphene.types.inputobjecttype.InputObjectType.__init_subclass_with_meta__": ["graphene.types.inputobjecttype.InputObjectTypeOptions", "builtins.reversed", "graphene.types.utils.yank_fields_from_attrs", "dict.update", "builtins.type", "graphene.types.base.BaseType.__init_subclass_with_meta__", "dict.update"], ".DyPyBench.temp.project30.graphene.types.enum.Enum.__init_subclass_with_meta__": ["graphene.types.enum.EnumOptions", "dict.pop", "mappingproxy.items", "graphene.types.base.BaseType.__init_subclass_with_meta__", "builtins.setattr"], ".DyPyBench.temp.project30.graphene.types.schema.Schema.execute": ["graphene.types.schema.normalize_execute_kwargs", "graphql.graphql.graphql_sync"], ".DyPyBench.temp.project30.graphene.types.schema.TypeMap.create_scalar": ["builtins.getattr", "builtins.getattr", "builtins.getattr", "graphene.types.definitions.GrapheneScalarType"], ".DyPyBench.temp.project30.graphene.utils.subclass_with_meta.SubclassWithMeta_Meta.__repr__": ["builtins.repr"], ".DyPyBench.temp.project30.graphene.types.base.BaseOptions.__repr__": ["builtins.repr"], ".DyPyBench.temp.project30.graphene.relay.connection.IterableConnectionField.__init__": ["graphene.types.scalars.String", "dict.setdefault", "graphene.types.scalars.String", "dict.setdefault", "graphene.types.scalars.Int", "dict.setdefault", "graphene.types.scalars.Int", "dict.setdefault", "graphene.types.field.Field.__init__"], ".DyPyBench.temp.project30.graphene.relay.connection.IterableConnectionField.type": ["builtins.isinstance", "graphene.relay.node.is_node", "builtins.issubclass"], ".DyPyBench.temp.project30.graphene.relay.node.is_node": ["inspect.isclass", "builtins.issubclass"], ".DyPyBench.temp.project30.graphene.types.schema.TypeMap.create_inputobjecttype": ["functools.partial", "graphene.types.definitions.GrapheneInputObjectType"], ".DyPyBench.temp.project30.graphene.types.enum.EnumMeta.__call__": ["dict.pop", "dict.pop", "enum.Enum", "graphene.types.enum.EnumMeta.from_enum"], ".DyPyBench.temp.project30.graphene.types.enum.EnumMeta.from_enum": ["builtins.type", "builtins.type"]}