{".DyPyBench.temp.project45.furl.compat": ["builtins.list"], ".DyPyBench.temp.project45.furl.common": ["builtins.object"], ".DyPyBench.temp.project45.furl.furl.decorator": ["six.iteritems", "builtins.setattr"], ".DyPyBench.temp.project45.furl.__init__": ["dict.items", "dict.update"], ".DyPyBench.temp.project45.furl.furl.furl.__init__": ["furl.furl.URLPathCompositionInterface.__init__", "furl.furl.QueryCompositionInterface.__init__", "furl.furl.FragmentCompositionInterface.__init__"], ".DyPyBench.temp.project45.furl.furl.URLPathCompositionInterface.__init__": ["furl.furl.PathCompositionInterface.__init__"], ".DyPyBench.temp.project45.furl.furl.PathCompositionInterface.__init__": ["furl.furl.Path"], ".DyPyBench.temp.project45.furl.furl.Path.__init__": ["furl.furl.Path.load"], ".DyPyBench.temp.project45.furl.furl.Path.load": ["furl.furl.URLPathCompositionInterface._force_absolute", "furl.furl.quacks_like_a_path_with_segments", "furl.common.is_iterable_but_not_string", "furl.furl.Path._segments_from_path", "furl.furl.Path.<lambda>", "builtins.len", "list.pop", "furl.furl.FragmentPathCompositionInterface._force_absolute"], ".DyPyBench.temp.project45.furl.furl.URLPathCompositionInterface._force_absolute": ["builtins.bool"], ".DyPyBench.temp.project45.furl.furl.Path.__bool__": ["builtins.len"], ".DyPyBench.temp.project45.furl.furl.Path.isabsolute": ["furl.furl.URLPathCompositionInterface._force_absolute", "furl.furl.Path.<lambda>", "furl.furl.FragmentPathCompositionInterface._force_absolute"], ".DyPyBench.temp.project45.furl.furl.furl.__setattr__": ["furl.furl.PathCompositionInterface.__setattr__", "furl.furl.QueryCompositionInterface.__setattr__", "furl.furl.FragmentCompositionInterface.__setattr__", "object.__setattr__"], ".DyPyBench.temp.project45.furl.furl.QueryCompositionInterface.__init__": ["furl.furl.Query"], ".DyPyBench.temp.project45.furl.furl.Query.__init__": ["furl.omdict1D.omdict1D", "furl.furl.Query.load"], ".DyPyBench.temp.project45.furl.furl.Query.load": ["furl.furl.Query._items", "orderedmultidict.orderedmultidict.omdict.load"], ".DyPyBench.temp.project45.furl.furl.FragmentCompositionInterface.__init__": ["furl.furl.Fragment"], ".DyPyBench.temp.project45.furl.furl.quacks_like_a_path_with_segments": ["builtins.hasattr"], ".DyPyBench.temp.project45.furl.common.is_iterable_but_not_string": ["furl.common.callable_attr", "builtins.isinstance"], ".DyPyBench.temp.project45.furl.common.callable_attr": ["builtins.hasattr", "builtins.getattr", "builtins.callable"], ".DyPyBench.temp.project45.furl.furl.Path._segments_from_path": ["str.split", "furl.furl.is_valid_encoded_path_segment", "furl.furl.utf8", "list.append", "builtins.isinstance", "bytes.decode", "urllib.parse.unquote"], ".DyPyBench.temp.project45.furl.furl.is_valid_encoded_path_segment": ["Pattern.match"], ".DyPyBench.temp.project45.furl.furl.utf8": ["str.encode"], ".DyPyBench.temp.project45.furl.furl.Path.__str__": ["builtins.list", "furl.furl.Path._path_from_segments", "list.insert"], ".DyPyBench.temp.project45.furl.furl.Path._path_from_segments": ["furl.furl.attemptstr", "furl.furl.utf8", "urllib.parse.quote", "str.join"], ".DyPyBench.temp.project45.furl.furl.attemptstr": ["builtins.str"], ".DyPyBench.temp.project45.furl.furl.Path.__eq__": ["builtins.str"], ".DyPyBench.temp.project45.furl.furl.Path.__truediv__": ["copy.deepcopy", "furl.furl.Path.add"], ".DyPyBench.temp.project45.furl.furl.Path.add": ["furl.furl.quacks_like_a_path_with_segments", "furl.common.is_iterable_but_not_string", "furl.furl.Path._segments_from_path", "furl.furl.join_path_segments", "furl.furl.Path.load"], ".DyPyBench.temp.project45.furl.furl.join_path_segments": ["list.extend", "builtins.len", "list.pop", "list.extend"], ".DyPyBench.temp.project45.furl.furl.Path.normalize": ["builtins.str"], ".DyPyBench.temp.project45.furl.omdict1D.omdict1D._bin_update_items": ["furl.common.is_iterable_but_not_string", "list.append", "dict.get", "builtins.len", "orderedmultidict.orderedmultidict.omdict.values", "list.append"], ".DyPyBench.temp.project45.furl.omdict1D.omdict1D.add": ["furl.common.is_iterable_but_not_string", "builtins.list", "OrderedDict.setdefault", "orderedmultidict.itemlist.itemlist.append", "list.append"], ".DyPyBench.temp.project45.furl.furl.Query.add": ["furl.furl.Query._items"], ".DyPyBench.temp.project45.furl.furl.Query.__eq__": ["builtins.str"], ".DyPyBench.temp.project45.furl.furl.Query.__str__": ["furl.furl.Query.encode"], ".DyPyBench.temp.project45.furl.furl.Query.encode": ["furl.furl.create_quote_fn", "furl.furl.create_quote_fn", "orderedmultidict.orderedmultidict.omdict.iterallitems", "str.join", "furl.furl.attemptstr"], ".DyPyBench.temp.project45.furl.furl.Query._items": ["furl.common.callable_attr", "furl.common.callable_attr", "furl.common.callable_attr", "furl.common.callable_attr", "builtins.isinstance", "furl.furl.Query._extract_items_from_querystr", "dict.items", "builtins.list"], ".DyPyBench.temp.project45.furl.furl.Query._extract_items_from_querystr": ["str.split"], ".DyPyBench.temp.project45.furl.furl.Query.remove": ["furl.common.callable_attr", "furl.furl.non_string_iterable"], ".DyPyBench.temp.project45.furl.furl.non_string_iterable": ["furl.common.callable_attr"], ".DyPyBench.temp.project45.furl.furl.Query.set": ["orderedmultidict.orderedmultidict.omdict.updateall"], ".DyPyBench.temp.project45.furl.furl.QueryCompositionInterface.__setattr__": ["furl.furl.Query.load"], ".DyPyBench.temp.project45.furl.furl.Fragment.__init__": ["furl.furl.FragmentPathCompositionInterface.__init__", "furl.furl.QueryCompositionInterface.__init__", "furl.furl.Fragment.load"], ".DyPyBench.temp.project45.furl.furl.FragmentPathCompositionInterface.__init__": ["furl.furl.PathCompositionInterface.__init__"], ".DyPyBench.temp.project45.furl.furl.Fragment.__setattr__": ["furl.furl.PathCompositionInterface.__setattr__", "furl.furl.QueryCompositionInterface.__setattr__", "object.__setattr__"], ".DyPyBench.temp.project45.furl.furl.is_valid_encoded_query_key": ["Pattern.match"], ".DyPyBench.temp.project45.furl.furl.is_valid_encoded_query_value": ["Pattern.match"], ".DyPyBench.temp.project45.furl.furl.is_valid_port": ["builtins.str", "str.isdigit", "builtins.int"], ".DyPyBench.temp.project45.furl.furl.is_valid_scheme": ["Pattern.match"], ".DyPyBench.temp.project45.furl.furl.remove_path_segments": ["list.append", "list.append", "builtins.len", "builtins.list", "builtins.len", "builtins.len", "builtins.len", "list.append", "list.pop"], ".DyPyBench.temp.project45.furl.furl.urlsplit": ["furl.furl.get_scheme", "urllib.parse.urlsplit", "furl.furl.strip_scheme", "str.startswith", "urllib.parse.SplitResult"], ".DyPyBench.temp.project45.furl.furl.get_scheme": ["str.startswith", "str.split", "str.split", "str.split", "str.find", "builtins.max"], ".DyPyBench.temp.project45.furl.furl.strip_scheme": ["furl.furl.get_scheme", "builtins.len", "str.startswith"], ".DyPyBench.temp.project45.furl.omdict1D.omdict1D.__setitem__": ["furl.omdict1D.omdict1D._set"], ".DyPyBench.temp.project45.furl.omdict1D.omdict1D._set": ["furl.common.is_iterable_but_not_string", "orderedmultidict.orderedmultidict.omdict.setlist"], ".DyPyBench.temp.project45.furl.omdict1D.omdict1D.set": ["furl.omdict1D.omdict1D._set"]}