{".DyPyBench.temp.project32.pyquery.text": ["re.compile"], ".DyPyBench.temp.project32.pyquery.text.extract_text": ["pyquery.text.extract_text_array", "pyquery.text._merge_original_parts", "pyquery.text._squash_artifical_nl", "pyquery.text._strip_artifical_nl", "str.strip"], ".DyPyBench.temp.project32.pyquery.text.extract_text_array": ["builtins.callable", "list.append", "list.append", "lxml.etree._Element.getchildren", "pyquery.text.extract_text_array", "list.append", "list.extend", "list.append", "pyquery.text._squash_artifical_nl", "pyquery.text._strip_artifical_nl", "list.append"], ".DyPyBench.temp.project32.pyquery.text._squash_artifical_nl": ["list.append", "list.append"], ".DyPyBench.temp.project32.pyquery.text._strip_artifical_nl": ["builtins.enumerate", "builtins.isinstance", "builtins.enumerate", "builtins.isinstance"], ".DyPyBench.temp.project32.pyquery.text._merge_original_parts": ["builtins.isinstance", "list.append", "pyquery.text._merge_original_parts.<locals>.flush", "list.append", "pyquery.text._merge_original_parts.<locals>.flush"], ".DyPyBench.temp.project32.pyquery.text.flush": ["str.join", "pyquery.text.squash_html_whitespace", "str.strip", "list.append"], ".DyPyBench.temp.project32.pyquery.text.squash_html_whitespace": ["Pattern.sub"], ".DyPyBench.temp.project32.pyquery.cssselectpatch.XPathExpr.__str__": ["cssselect.xpath.XPathExpr.__str__"], ".DyPyBench.temp.project32.pyquery.cssselectpatch.JQueryTranslator.xpath_contains_function": ["cssselect.parser.Function.argument_types", "cssselect.xpath.GenericTranslator.xpath_literal", "pyquery.cssselectpatch.XPathExpr.add_post_condition"], ".DyPyBench.temp.project32.pyquery.cssselectpatch.JQueryTranslator.xpath_first_pseudo": ["pyquery.cssselectpatch.XPathExpr.add_post_condition"], ".DyPyBench.temp.project32.pyquery.cssselectpatch.JQueryTranslator.xpath_last_pseudo": ["pyquery.cssselectpatch.XPathExpr.add_post_condition"], ".DyPyBench.temp.project32.pyquery.cssselectpatch.JQueryTranslator.xpath_even_pseudo": ["pyquery.cssselectpatch.XPathExpr.add_post_condition"], ".DyPyBench.temp.project32.pyquery.cssselectpatch.XPathExpr.join": ["cssselect.xpath.XPathExpr.join"], ".DyPyBench.temp.project32.pyquery.cssselectpatch.JQueryTranslator.xpath_gt_function": ["cssselect.parser.Function.argument_types", "builtins.int", "pyquery.cssselectpatch.XPathExpr.add_post_condition"], ".DyPyBench.temp.project32.pyquery.cssselectpatch.JQueryTranslator.xpath_checkbox_pseudo": ["cssselect.xpath.XPathExpr.add_condition"], ".DyPyBench.temp.project32.pyquery.cssselectpatch.JQueryTranslator.xpath_radio_pseudo": ["cssselect.xpath.XPathExpr.add_condition"], ".DyPyBench.temp.project32.pyquery.cssselectpatch.JQueryTranslator.xpath_input_pseudo": ["cssselect.xpath.XPathExpr.add_condition"], ".DyPyBench.temp.project32.pyquery.cssselectpatch.JQueryTranslator.xpath_enabled_pseudo": ["pyquery.cssselectpatch.JQueryTranslator._format_disabled_xpath", "cssselect.xpath.XPathExpr.add_condition"], ".DyPyBench.temp.project32.pyquery.cssselectpatch.JQueryTranslator.xpath_checked_pseudo": ["cssselect.xpath.XPathExpr.add_condition"], ".DyPyBench.temp.project32.pyquery.openers.url_opener": ["pyquery.openers._urllib"], ".DyPyBench.temp.project32.pyquery.openers._urllib": ["dict.get", "pyquery.openers._query", "dict.get", "urllib.request.urlopen"], ".DyPyBench.temp.project32.pyquery.openers._query": ["dict.pop", "builtins.type", "urllib.parse.urlencode", "builtins.isinstance", "str.lower", "str.encode"]}