{".DyPyBench.temp.project27.fs.__init__": ["builtins.__import__", "pkg_resources.declare_namespace"], ".DyPyBench.temp.project27.fs.path": ["re.compile", "builtins.frozenset"], ".DyPyBench.temp.project27.fs.opener.__init__": ["builtins.__import__", "pkg_resources.declare_namespace"], ".DyPyBench.temp.project27.fs.opener.parse": ["collections.namedtuple", "re.compile"], ".DyPyBench.temp.project27.fs.opener.registry": ["fs.opener.registry.Registry"], ".DyPyBench.temp.project27.fs.opener.registry.Registry.install": ["builtins.isinstance", "fs.opener.appfs.AppFSOpener", "builtins.isinstance", "fs.opener.ftpfs.FTPOpener", "fs.opener.memoryfs.MemOpener", "fs.opener.osfs.OSFSOpener", "fs.opener.tarfs.TarOpener", "fs.opener.tempfs.TempOpener", "fs.opener.zipfs.ZipOpener"], ".DyPyBench.temp.project27.fs.walk": ["typing.TypeVar", "collections.namedtuple", "fs.walk.Walker"], ".DyPyBench.temp.project27.fs.walk.Walker.__init__": ["builtins.callable", "object.__init__"], ".DyPyBench.temp.project27.fs._url_tools": ["platform.system"], ".DyPyBench.temp.project27.fs.lrucache": ["typing.TypeVar", "typing.TypeVar"], ".DyPyBench.temp.project27.fs.glob": ["collections.namedtuple", "collections.namedtuple", "collections.namedtuple", "fs.lrucache.LRUCache"], ".DyPyBench.temp.project27.fs.lrucache.LRUCache.__init__": ["OrderedDict.__init__"], ".DyPyBench.temp.project27.fs.mode.Mode.validate": ["builtins.frozenset", "frozenset.issuperset"], ".DyPyBench.temp.project27.fs.mode.validate_openbin_mode": ["builtins.frozenset"], ".DyPyBench.temp.project27.fs.wildcard": ["fs.lrucache.LRUCache"], ".DyPyBench.temp.project27.fs.base": ["fs.base._new_name", "fs.base._new_name", "fs.base._new_name", "fs.base._new_name", "fs.base._new_name", "fs.base._new_name", "fs.base._new_name"], ".DyPyBench.temp.project27.fs.base._new_name": ["str.format", "builtins.getattr"], ".DyPyBench.temp.project27.fs.error_tools": ["platform.system", "dict.copy"], ".DyPyBench.temp.project27.fs.permissions": ["fs.permissions._PermProperty", "fs.permissions._PermProperty", "fs.permissions._PermProperty", "fs.permissions._PermProperty", "fs.permissions._PermProperty", "fs.permissions._PermProperty", "fs.permissions._PermProperty", "fs.permissions._PermProperty", "fs.permissions._PermProperty", "fs.permissions._PermProperty", "fs.permissions._PermProperty", "fs.permissions._PermProperty"], ".DyPyBench.temp.project27.fs.permissions._PermProperty.__init__": ["str.format"], ".DyPyBench.temp.project27.fs.osfs": ["logging.getLogger", "platform.system"], ".DyPyBench.temp.project27.fs.wrapfs": ["typing.TypeVar", "typing.TypeVar"], ".DyPyBench.temp.project27.fs.subfs": ["typing.TypeVar"], ".DyPyBench.temp.project27.fs.appfs._CopyInitMeta.__new__": ["dict.setdefault", "type.__new__"], ".DyPyBench.temp.project27.fs.memoryfs.MemoryFS.__init__": ["dict.copy", "fs.memoryfs.MemoryFS._make_dir_entry", "fs.base.FS.__init__"], ".DyPyBench.temp.project27.fs.memoryfs.MemoryFS._make_dir_entry": ["fs.memoryfs._DirEntry"], ".DyPyBench.temp.project27.fs.memoryfs._DirEntry.__init__": ["collections.OrderedDict", "threading.RLock", "time.time", "_io.BytesIO"], ".DyPyBench.temp.project27.fs.base.FS.__init__": ["threading.RLock", "object.__init__"], ".DyPyBench.temp.project27.fs.base.FS.__del__": ["fs.memoryfs.MemoryFS.close", "fs.base.FS.close"], ".DyPyBench.temp.project27.fs.memoryfs.MemoryFS.close": ["fs.base.FS.close"], ".DyPyBench.temp.project27.fs._ftp_parse": ["datetime.fromtimestamp", "re.compile", "re.compile"], ".DyPyBench.temp.project27.fs._tzcompat": ["datetime.timedelta", "fs._tzcompat.UTC"], ".DyPyBench.temp.project27.fs.memoryfs.MemoryFS.makedir": ["fs.base.FS.validatepath", "fs.path.split", "fs.memoryfs.MemoryFS._get_dir_entry", "fs.memoryfs._DirEntry.get_entry", "fs.memoryfs.MemoryFS._make_dir_entry", "fs.memoryfs._DirEntry.set_entry", "fs.base.FS.opendir"], ".DyPyBench.temp.project27.fs.base.FS.validatepath": ["fs.base.FS.check", "builtins.isinstance", "fs.base.FS.getmeta", "dict.get", "typing.cast", "builtins.set", "set.intersection", "dict.get", "typing.cast", "fs.path.normpath", "fs.path.abspath"], ".DyPyBench.temp.project27.fs.base.FS.check": ["fs.base.FS.isclosed"], ".DyPyBench.temp.project27.fs.base.FS.isclosed": ["builtins.getattr"], ".DyPyBench.temp.project27.fs.base.FS.getmeta": ["dict.copy"], ".DyPyBench.temp.project27.fs.path.normpath": ["Pattern.search", "str.rstrip"], ".DyPyBench.temp.project27.fs.path.abspath": ["str.startswith"], ".DyPyBench.temp.project27.fs.path.split": ["str.rsplit"], ".DyPyBench.temp.project27.fs.memoryfs.MemoryFS._get_dir_entry": ["fs.path.normpath", "fs.path.iteratepath", "fs.memoryfs._DirEntry.get_entry"], ".DyPyBench.temp.project27.fs.path.iteratepath": ["fs.path.normpath", "fs.path.relpath", "str.split"], ".DyPyBench.temp.project27.fs.path.relpath": ["str.lstrip"], ".DyPyBench.temp.project27.fs.memoryfs._DirEntry.get_entry": ["OrderedDict.get"], ".DyPyBench.temp.project27.fs.base.FS.opendir": ["fs.memoryfs.MemoryFS.getinfo", "fs.subfs.SubFS"], ".DyPyBench.temp.project27.fs.memoryfs.MemoryFS.getinfo": ["fs.base.FS.validatepath", "fs.memoryfs.MemoryFS._get_dir_entry", "fs.memoryfs._DirEntry.to_info", "fs.errors.ResourceNotFound"], ".DyPyBench.temp.project27.fs.memoryfs._DirEntry.to_info": ["fs.info.Info"], ".DyPyBench.temp.project27.fs.info.Info.__init__": ["dict.keys", "builtins.frozenset"], ".DyPyBench.temp.project27.fs.info.Info.is_dir": ["fs.info.Info.get", "typing.cast"], ".DyPyBench.temp.project27.fs.info.Info.get": ["dict.get"], ".DyPyBench.temp.project27.fs.subfs.SubFS.__init__": ["fs.wrapfs.WrapFS.__init__", "fs.path.normpath", "fs.path.abspath"], ".DyPyBench.temp.project27.fs.wrapfs.WrapFS.__init__": ["fs.base.FS.__init__"], ".DyPyBench.temp.project27.fs.base.FS.touch": ["time.time", "fs.base.FS.create"], ".DyPyBench.temp.project27.fs.base.FS.create": ["fs.base.FS.exists", "fs.base.FS.open", "contextlib.closing"], ".DyPyBench.temp.project27.fs.base.FS.exists": ["fs.memoryfs.MemoryFS.getinfo"], ".DyPyBench.temp.project27.fs.errors.ResourceError.__init__": ["fs.errors.FSError.__init__"], ".DyPyBench.temp.project27.fs.errors.FSError.__init__": ["Exception.__init__"], ".DyPyBench.temp.project27.fs.base.FS.open": ["fs.mode.validate_open_mode", "str.replace", "fs.memoryfs.MemoryFS.openbin", "fs.iotools.make_stream"], ".DyPyBench.temp.project27.fs.mode.validate_open_mode": ["fs.mode.Mode"], ".DyPyBench.temp.project27.fs.mode.Mode.__init__": ["fs.mode.Mode.validate"], ".DyPyBench.temp.project27.fs.memoryfs.MemoryFS.openbin": ["fs.mode.Mode", "fs.mode.Mode.validate_bin", "fs.base.FS.validatepath", "fs.path.split", "fs.memoryfs.MemoryFS._get_dir_entry", "fs.memoryfs.MemoryFS._make_dir_entry", "fs.memoryfs._DirEntry.set_entry", "fs.memoryfs._MemoryFile", "fs.memoryfs._DirEntry.add_open_file"], ".DyPyBench.temp.project27.fs.mode.Mode.validate_bin": ["fs.mode.Mode.validate"], ".DyPyBench.temp.project27.fs.mode.Mode.__contains__": ["builtins.isinstance"], ".DyPyBench.temp.project27.fs.memoryfs._MemoryFile.__init__": ["object.__init__", "fs.mode.Mode", "typing.cast", "time.time", "time.time", "BytesIO.seek", "BytesIO.truncate"], ".DyPyBench.temp.project27.fs.memoryfs._DirEntry.add_open_file": ["list.append"], ".DyPyBench.temp.project27.fs.memoryfs._MemoryFile.close": ["fs.memoryfs._DirEntry.remove_open_file", "_MemoryFile.close"], ".DyPyBench.temp.project27.fs.memoryfs._DirEntry.remove_open_file": ["list.remove"], ".DyPyBench.temp.project27.fs.ftpfs": ["typing.TypeVar"], ".DyPyBench.temp.project27.fs.base._method": ["str.format", "_warnings.warn", "fs.base.FS.writetext"], ".DyPyBench.temp.project27.fs.base.FS.writetext": ["builtins.isinstance", "fs.base.FS.open", "contextlib.closing", "TextIOWrapper.write"], ".DyPyBench.temp.project27.fs.memoryfs._MemoryFile.write": ["fs.memoryfs._MemoryFile._seek_lock", "fs.memoryfs._MemoryFile.on_modify", "BytesIO.write"], ".DyPyBench.temp.project27.fs.memoryfs._MemoryFile._seek_lock": ["BytesIO.seek", "BytesIO.tell"], ".DyPyBench.temp.project27.fs.memoryfs._MemoryFile.on_modify": ["time.time"], ".DyPyBench.temp.project27.fs.wrap": ["typing.TypeVar", "typing.TypeVar", "typing.TypeVar"], ".DyPyBench.temp.project27.fs.multifs": ["collections.namedtuple"]}