{".DyPyBench.temp.project58.src.structlog.contextvars": ["builtins.len"], ".DyPyBench.temp.project58.src.structlog._log_levels": ["dict.items", "structlog._log_levels._make_filtering_bound_logger", "structlog._log_levels._make_filtering_bound_logger", "structlog._log_levels._make_filtering_bound_logger", "structlog._log_levels._make_filtering_bound_logger", "structlog._log_levels._make_filtering_bound_logger", "structlog._log_levels._make_filtering_bound_logger"], ".DyPyBench.temp.project58.src.structlog._log_levels._make_filtering_bound_logger": ["dict.items", "structlog._log_levels._make_filtering_bound_logger.<locals>.make_method", "dict.get", "str.capitalize", "builtins.type"], ".DyPyBench.temp.project58.src.structlog.tracebacks": ["dataclasses.field"], ".DyPyBench.temp.project58.src.structlog.processors": ["structlog.processors.ExceptionRenderer", "structlog.tracebacks.ExceptionDictTransformer", "structlog.processors.ExceptionRenderer", "builtins.set"], ".DyPyBench.temp.project58.src.structlog.dev": ["structlog.dev.RichTracebackFormatter", "builtins.object"], ".DyPyBench.temp.project58.src.structlog._config": ["structlog.processors.StackInfoRenderer", "structlog.processors.TimeStamper", "collections.abc.Mapping.get", "collections.abc.Mapping.get", "builtins.hasattr", "EncodedFile.isatty", "structlog.dev.ConsoleRenderer", "typing.cast", "structlog._log_levels.make_filtering_bound_logger", "structlog._output.PrintLoggerFactory", "structlog._config._Configuration"], ".DyPyBench.temp.project58.src.structlog.processors.TimeStamper.__init__": ["structlog.processors._make_stamper"], ".DyPyBench.temp.project58.src.structlog.processors._make_stamper": ["str.upper"], ".DyPyBench.temp.project58.src.structlog.dev.ConsoleRenderer.__init__": ["structlog.dev.ConsoleRenderer.get_default_level_styles", "dict.keys", "builtins.max", "builtins.len", "builtins.len"], ".DyPyBench.temp.project58.src.structlog.stdlib": ["builtins.object", "logging.LogRecord", "dict.keys"], ".DyPyBench.temp.project58.src.structlog.threadlocal": ["structlog.threadlocal._determine_threadlocal", "typing.TypeVar", "_thread._local"], ".DyPyBench.temp.project58.src.structlog.__init__.__getattr__": ["builtins.AttributeError"]}