{".DyPyBench.temp.project11.delegator.chain": ["delegator._expand_args", "delegator.run", "delegator.Command.send", "pexpect.popen_spawn.PopenSpawn.sendeof"], ".DyPyBench.temp.project11.delegator._expand_args": ["builtins.isinstance", "shlex.shlex", "shlex.shlex.get_token", "list.append", "builtins.map", "builtins.list"], ".DyPyBench.temp.project11.delegator.run": ["delegator.Command", "delegator.Command.run"], ".DyPyBench.temp.project11.delegator.Command.__init__": ["object.__init__"], ".DyPyBench.temp.project11.delegator.Command._default_pexpect_kwargs": ["os._Environ.copy"], ".DyPyBench.temp.project11.delegator.Command.run": ["dict.copy", "pexpect.popen_spawn.PopenSpawn"], ".DyPyBench.temp.project11.delegator.Command._uses_subprocess": ["builtins.isinstance"], ".DyPyBench.temp.project11.delegator.Command._pexpect_out": ["pexpect.spawnbase.SpawnBase.read"], ".DyPyBench.temp.project11.delegator.Command.send": ["pexpect.popen_spawn.PopenSpawn.send"]}