{".DyPyBench.temp.project6.supervisor.xmlrpc": ["re.compile"], ".DyPyBench.temp.project6.supervisor.states": ["supervisor.states._names_by_code", "supervisor.states._names_by_code", "supervisor.states._names_by_code"], ".DyPyBench.temp.project6.supervisor.states._names_by_code": ["str.startswith", "builtins.getattr"], ".DyPyBench.temp.project6.supervisor.loggers": ["supervisor.loggers._levelNumbers"], ".DyPyBench.temp.project6.supervisor.loggers._levelNumbers": ["mappingproxy.items", "str.startswith"], ".DyPyBench.temp.project6.supervisor.datatypes": ["supervisor.datatypes.RangeCheckedConversion", "builtins.int", "supervisor.datatypes.SuffixMultiplier", "str.startswith", "builtins.getattr"], ".DyPyBench.temp.project6.supervisor.datatypes.SuffixMultiplier.__init__": ["dict.keys", "builtins.len", "builtins.len"], ".DyPyBench.temp.project6.supervisor.poller": ["supervisor.poller.implements_kqueue", "supervisor.poller.implements_poll"], ".DyPyBench.temp.project6.supervisor.poller.implements_kqueue": ["builtins.hasattr"], ".DyPyBench.temp.project6.supervisor.poller.implements_poll": ["builtins.hasattr"], ".DyPyBench.temp.project6.supervisor.options": ["supervisor.options._read_version_txt"], ".DyPyBench.temp.project6.supervisor.options._read_version_txt": ["posixpath.dirname", "posixpath.abspath", "posixpath.join", "io.open", "TextIOWrapper.read", "str.strip"], ".DyPyBench.temp.project6.supervisor.supervisorctl": ["builtins.property"]}