{".DyPyBench.temp.project50.gunicorn.__init__": ["builtins.str", "str.join"], ".DyPyBench.temp.project50.gunicorn.util": ["builtins.getattr", "str.split", "builtins.set", "str.startswith"], ".DyPyBench.temp.project50.gunicorn.arbiter": ["str.split", "builtins.getattr", "builtins.getattr", "str.lower", "builtins.property"], ".DyPyBench.temp.project50.gunicorn.reloader": ["re.compile", "str.startswith"], ".DyPyBench.temp.project50.gunicorn.config": ["gunicorn.config.SettingMeta", "collections.abc.Mapping.get", "builtins.int"], ".DyPyBench.temp.project50.gunicorn.config.SettingMeta.__new__": ["builtins.isinstance", "type.__new__", "builtins.len", "builtins.staticmethod", "type.__new__", "dict.get", "gunicorn.config.SettingMeta.fmt_desc", "list.append"], ".DyPyBench.temp.project50.gunicorn.config.SettingMeta.fmt_desc": ["textwrap.dedent", "str.strip", "builtins.setattr", "str.splitlines", "builtins.setattr"]}