{".DyPyBench.temp.project20.thefuck.const": ["thefuck.const._GenConst", "thefuck.const._GenConst", "thefuck.const._GenConst", "thefuck.const._GenConst", "thefuck.const._GenConst", "thefuck.const._GenConst", "thefuck.const._GenConst", "thefuck.const._GenConst", "thefuck.const._GenConst", "thefuck.const._GenConst"], ".DyPyBench.temp.project20.thefuck.system.unix": ["builtins.hasattr"], ".DyPyBench.temp.project20.thefuck.conf": ["thefuck.conf.Settings"], ".DyPyBench.temp.project20.thefuck.utils": ["io.open", "thefuck.utils.Cache"], ".DyPyBench.temp.project20.thefuck.shells.generic": ["collections.namedtuple"], ".DyPyBench.temp.project20.thefuck.shells.__init__": ["thefuck.shells._get_shell_from_env", "thefuck.shells._get_shell_from_proc"], ".DyPyBench.temp.project20.thefuck.shells.__init__._get_shell_from_env": ["collections.abc.Mapping.get"], ".DyPyBench.temp.project20.thefuck.shells.__init__._get_shell_from_proc": ["posix.getpid", "psutil.Process", "psutil.Process.name", "posixpath.splitext", "psutil.Process.parent", "thefuck.shells.bash.Bash"], ".DyPyBench.temp.project20.thefuck.entrypoints.not_configured": ["colorama.initialise.init"], ".DyPyBench.temp.project20.thefuck.utils.for_app": ["decorator.decorator"], ".DyPyBench.temp.project20.thefuck.specific.apt": ["thefuck.utils.which", "builtins.bool"], ".DyPyBench.temp.project20.thefuck.utils.wrapper": ["_pickle.dumps", "thefuck.utils.which"], ".DyPyBench.temp.project20.thefuck.utils.which": ["shutil.which"], ".DyPyBench.temp.project20.thefuck.specific.brew": ["thefuck.utils.which", "builtins.bool"], ".DyPyBench.temp.project20.thefuck.rules.brew_reinstall": ["re.compile", "re.compile"], ".DyPyBench.temp.project20.thefuck.rules.choco_install": ["thefuck.utils.which", "builtins.bool"], ".DyPyBench.temp.project20.thefuck.specific.dnf": ["thefuck.utils.which", "builtins.bool"], ".DyPyBench.temp.project20.thefuck.rules.dnf_no_such_command": ["re.compile"], ".DyPyBench.temp.project20.thefuck.rules.docker_not_command": ["thefuck.utils.which"], ".DyPyBench.temp.project20.thefuck.rules.fix_file": ["thefuck.rules.fix_file._make_pattern"], ".DyPyBench.temp.project20.thefuck.rules.fix_file._make_pattern": ["str.replace", "re.compile"], ".DyPyBench.temp.project20.thefuck.utils.default_settings": ["decorator.decorator"], ".DyPyBench.temp.project20.thefuck.rules.gem_unknown_command": ["thefuck.utils.which"], ".DyPyBench.temp.project20.thefuck.rules.go_unknown_command": ["thefuck.utils.which"], ".DyPyBench.temp.project20.thefuck.rules.gradle_no_task": ["re.compile"], ".DyPyBench.temp.project20.thefuck.rules.grunt_task_not_found": ["re.compile"], ".DyPyBench.temp.project20.thefuck.specific.nix": ["thefuck.utils.which", "builtins.bool"], ".DyPyBench.temp.project20.thefuck.rules.nixos_cmd_not_found": ["re.compile"], ".DyPyBench.temp.project20.thefuck.specific.npm": ["thefuck.utils.which", "builtins.bool"], ".DyPyBench.temp.project20.thefuck.rules.omnienv_no_such_command": ["thefuck.utils.which"], ".DyPyBench.temp.project20.thefuck.rules.pacman": ["thefuck.specific.archlinux.archlinux_env"], ".DyPyBench.temp.project20.thefuck.specific.archlinux.archlinux_env": ["thefuck.utils.which", "thefuck.utils.which", "thefuck.utils.which", "thefuck.utils.which"], ".DyPyBench.temp.project20.thefuck.rules.pacman_invalid_option": ["thefuck.specific.archlinux.archlinux_env"], ".DyPyBench.temp.project20.thefuck.rules.pacman_not_found": ["thefuck.specific.archlinux.archlinux_env"], ".DyPyBench.temp.project20.thefuck.rules.port_already_in_use": ["thefuck.utils.which", "builtins.bool"], ".DyPyBench.temp.project20.thefuck.rules.yarn_command_not_found": ["re.compile", "thefuck.utils.which"], ".DyPyBench.temp.project20.thefuck.rules.yarn_command_replaced": ["re.compile"], ".DyPyBench.temp.project20.thefuck.specific.yum": ["thefuck.utils.which", "builtins.bool"], ".DyPyBench.temp.project20.thefuck.rules.yum_invalid_operation": ["thefuck.utils.which"]}