{".DyPyBench.temp.project14.pydub.logging_utils": ["logging.getLogger"], ".DyPyBench.temp.project14.pydub.audio_segment": ["collections.namedtuple", "collections.namedtuple", "pydub.utils.get_encoder_name"], ".DyPyBench.temp.project14.pydub.utils.get_encoder_name": ["pydub.utils.which", "pydub.utils.which"], ".DyPyBench.temp.project14.pydub.utils.which": ["str.split", "posixpath.join", "genericpath.isfile", "posix.access"], ".DyPyBench.temp.project14.pydub.audio_segment.classproperty": ["builtins.isinstance", "builtins.classmethod", "pydub.audio_segment.ClassPropertyDescriptor"], ".DyPyBench.temp.project14.pydub.audio_segment.ClassPropertyDescriptor.setter": ["builtins.isinstance", "builtins.classmethod"], ".DyPyBench.temp.project14.pydub.utils.register_pydub_effect": ["builtins.isinstance", "builtins.setattr"], ".DyPyBench.temp.project14.pydub.utils.get_supported_decoders": ["pydub.utils.get_supported_codecs"], ".DyPyBench.temp.project14.pydub.utils.wrapper": ["pydub.utils.get_supported_codecs"], ".DyPyBench.temp.project14.pydub.utils.get_supported_codecs": ["pydub.utils.get_encoder_name", "subprocess.Popen", "subprocess.Popen.communicate", "bytes.decode", "re.compile", "builtins.set", "builtins.set", "str.split", "str.strip", "Pattern.match", "Match.groups", "set.add", "set.add"], ".DyPyBench.temp.project14.pydub.utils.db_to_float": ["builtins.float"], ".DyPyBench.temp.project14.pydub.utils.ratio_to_db": ["builtins.float", "math.log", "math.log"], ".DyPyBench.temp.project14.pydub.audio_segment.AudioSegment.from_file": ["pydub.utils.fsdecode", "pydub.utils._fd_or_path_or_tempfile", "pydub.audio_segment.AudioSegment.from_file.<locals>.is_format", "pydub.audio_segment.AudioSegment.from_file.<locals>.is_format", "dict.get", "pydub.utils.mediainfo_json", "str.lower", "dict.get", "pydub.audio_segment.AudioSegment._from_safe_wav", "BufferedReader.seek", "dict.get", "dict.get", "pydub.logging_utils.log_conversion", "subprocess.Popen", "subprocess.Popen.communicate", "builtins.len", "builtins.bytearray", "pydub.audio_segment.fix_wav_headers", "builtins.bytes", "pydub.audio_segment.AudioSegment", "BufferedReader.close"], ".DyPyBench.temp.project14.pydub.utils.fsdecode": ["builtins.isinstance", "os._fscodec.<locals>.fsdecode"], ".DyPyBench.temp.project14.pydub.utils._fd_or_path_or_tempfile": ["builtins.isinstance", "io.open", "builtins.isinstance", "builtins.isinstance", "io.open"], ".DyPyBench.temp.project14.pydub.audio_segment.AudioSegment.is_format": ["str.lower", "str.lower", "str.format", "str.endswith"], ".DyPyBench.temp.project14.pydub.utils.mediainfo_json": ["pydub.utils.get_prober_name", "pydub.utils.fsdecode", "subprocess.Popen", "subprocess.Popen.communicate", "bytes.decode", "bytes.decode", "json.loads", "pydub.utils.get_extra_info", "builtins.len", "re.match", "re.match", "re.match", "re.match", "Match.group", "pydub.utils.mediainfo_json.<locals>.set_property", "Match.group", "builtins.int", "pydub.utils.mediainfo_json.<locals>.set_property", "Match.group", "builtins.int", "pydub.utils.mediainfo_json.<locals>.set_property"], ".DyPyBench.temp.project14.pydub.utils.get_prober_name": ["pydub.utils.which", "pydub.utils.which"], ".DyPyBench.temp.project14.pydub.audio_segment.AudioSegment.from_mp3": ["pydub.audio_segment.AudioSegment.from_file"], ".DyPyBench.temp.project14.pydub.audio_segment.AudioSegment.from_wav": ["pydub.audio_segment.AudioSegment.from_file"], ".DyPyBench.temp.project14.pydub.audio_segment.AudioSegment._from_safe_wav": ["pydub.utils._fd_or_path_or_tempfile", "BufferedReader.seek", "pydub.audio_segment.AudioSegment", "BufferedReader.close"], ".DyPyBench.temp.project14.pydub.audio_segment.AudioSegment.__init__": ["dict.pop", "dict.pop", "dict.pop", "builtins.isinstance", "builtins.any", "dict.get", "builtins.isinstance", "BufferedReader.read", "pydub.audio_segment.read_wav_audio", "object.__init__", "dict.pop", "dict.items", "builtins.setattr"], ".DyPyBench.temp.project14.pydub.audio_segment.read_wav_audio": ["pydub.audio_segment.extract_wav_headers", "_struct.unpack_from", "_struct.unpack_from", "_struct.unpack_from", "_struct.unpack_from", "dynapyt.runtime.WavData"], ".DyPyBench.temp.project14.pydub.audio_segment.extract_wav_headers": ["builtins.len", "_struct.unpack_from", "dynapyt.runtime.WavSubChunk", "list.append"], ".DyPyBench.temp.project14.pydub.utils.get_extra_info": ["re.finditer", "Match.group", "Match.group", "re.split", "str.strip", "Match.group", "builtins.int"], ".DyPyBench.temp.project14.pydub.logging_utils.log_conversion": ["builtins.repr", "logging.Logger.debug"], ".DyPyBench.temp.project14.pydub.audio_segment.fix_wav_headers": ["pydub.audio_segment.extract_wav_headers", "builtins.len", "builtins.len", "_struct.pack", "builtins.len", "_struct.pack"], ".DyPyBench.temp.project14.pydub.audio_segment.AudioSegment.silent": ["builtins.int", "pydub.audio_segment.AudioSegment"], ".DyPyBench.temp.project14.pydub.silence.detect_silence": ["builtins.len", "pydub.utils.db_to_float", "builtins.range", "list.append"], ".DyPyBench.temp.project14.pydub.audio_segment.AudioSegment.__len__": ["pydub.audio_segment.AudioSegment.frame_count", "builtins.round"], ".DyPyBench.temp.project14.pydub.audio_segment.AudioSegment.frame_count": ["builtins.len", "builtins.float"], ".DyPyBench.temp.project14.pydub.audio_segment.AudioSegment.__getitem__": ["builtins.isinstance", "builtins.len", "builtins.min", "builtins.len", "builtins.min", "pydub.audio_segment.AudioSegment._parse_position", "pydub.audio_segment.AudioSegment._parse_position", "builtins.len", "pydub.audio_segment.AudioSegment._spawn"], ".DyPyBench.temp.project14.pydub.audio_segment.AudioSegment._parse_position": ["builtins.float", "pydub.audio_segment.AudioSegment.frame_count", "builtins.int"], ".DyPyBench.temp.project14.pydub.audio_segment.AudioSegment._spawn": ["builtins.isinstance", "builtins.isinstance", "builtins.hasattr", "dict.update", "pydub.audio_segment.AudioSegment"], ".DyPyBench.temp.project14.pydub.audio_segment.AudioSegment.rms": ["audioop.rms"]}