{".DyPyBench.temp.project15.jwt.utils": ["bytes.join", "re.compile", "re.compile"], ".DyPyBench.temp.project15.jwt.api_jws": ["jwt.api_jws.PyJWS"], ".DyPyBench.temp.project15.jwt.api_jws.PyJWS.__init__": ["jwt.algorithms.get_default_algorithms", "builtins.set", "dict.keys", "builtins.list", "jwt.api_jws.PyJWS._get_default_options"], ".DyPyBench.temp.project15.jwt.algorithms.get_default_algorithms": ["jwt.algorithms.NoneAlgorithm", "jwt.algorithms.HMACAlgorithm", "jwt.algorithms.HMACAlgorithm", "jwt.algorithms.HMACAlgorithm"], ".DyPyBench.temp.project15.jwt.api_jwt": ["jwt.api_jwt.PyJWT"], ".DyPyBench.temp.project15.jwt.api_jwt.PyJWT.__init__": ["jwt.api_jwt.PyJWT._get_default_options"], ".DyPyBench.temp.project15.jwt.algorithms.Algorithm.compute_hash_digest": ["builtins.getattr"], ".DyPyBench.temp.project15.jwt.algorithms.NoneAlgorithm.prepare_key": ["jwt.exceptions.InvalidKeyError"], ".DyPyBench.temp.project15.jwt.algorithms.HMACAlgorithm.prepare_key": ["jwt.utils.force_bytes", "jwt.utils.is_pem_format", "jwt.utils.is_ssh_key", "jwt.exceptions.InvalidKeyError"], ".DyPyBench.temp.project15.jwt.utils.force_bytes": ["builtins.isinstance", "builtins.isinstance", "builtins.TypeError", "str.encode"], ".DyPyBench.temp.project15.jwt.utils.is_pem_format": ["Pattern.search", "builtins.bool"], ".DyPyBench.temp.project15.jwt.utils.is_ssh_key": ["Pattern.match"], ".DyPyBench.temp.project15.jwt.algorithms.HMACAlgorithm.from_jwk": ["builtins.isinstance", "json.loads", "dict.get", "jwt.utils.base64url_decode", "jwt.exceptions.InvalidKeyError"], ".DyPyBench.temp.project15.jwt.utils.base64url_decode": ["jwt.utils.force_bytes", "builtins.len", "base64.urlsafe_b64decode"], ".DyPyBench.temp.project15.jwt.algorithms.HMACAlgorithm.sign": ["hmac.new", "hmac.HMAC.digest"], ".DyPyBench.temp.project15.jwt.algorithms.HMACAlgorithm.verify": ["jwt.algorithms.HMACAlgorithm.sign", "_hashlib.compare_digest"], ".DyPyBench.temp.project15.jwt.algorithms.HMACAlgorithm.to_jwk": ["jwt.utils.force_bytes", "jwt.utils.base64url_encode", "bytes.decode", "json.dumps"], ".DyPyBench.temp.project15.jwt.utils.base64url_encode": ["base64.urlsafe_b64encode", "bytes.replace"], ".DyPyBench.temp.project15.jwt.api_jws.PyJWS.register_algorithm": ["builtins.isinstance", "set.add", "builtins.ValueError", "builtins.TypeError"], ".DyPyBench.temp.project15.jwt.api_jws.PyJWS.get_algorithms": ["builtins.list"], ".DyPyBench.temp.project15.jwt.api_jws.PyJWS.unregister_algorithm": ["set.remove", "builtins.KeyError"], ".DyPyBench.temp.project15.jwt.api_jws.PyJWS.encode": ["json.dumps", "str.encode", "jwt.utils.base64url_encode", "list.append", "jwt.utils.base64url_encode", "list.append", "bytes.join", "jwt.api_jws.PyJWS.get_algorithm_by_name", "jwt.algorithms.HMACAlgorithm.prepare_key", "jwt.algorithms.HMACAlgorithm.sign", "jwt.utils.base64url_encode", "list.append", "bytes.join", "bytes.decode", "dict.get", "dict.get", "jwt.api_jws.PyJWS._validate_headers", "dict.update", "jwt.algorithms.NoneAlgorithm.prepare_key", "jwt.algorithms.NoneAlgorithm.sign"], ".DyPyBench.temp.project15.jwt.api_jws.PyJWS.decode": ["jwt.api_jws.PyJWS.decode_complete", "_warnings.warn"], ".DyPyBench.temp.project15.jwt.api_jws.PyJWS.decode_complete": ["jwt.api_jws.PyJWS._load", "dict.get", "jwt.api_jws.PyJWS._verify_signature", "jwt.exceptions.DecodeError", "bytes.rsplit", "bytes.join", "jwt.exceptions.DecodeError", "_warnings.warn"], ".DyPyBench.temp.project15.jwt.api_jws.PyJWS._load": ["builtins.isinstance", "str.encode", "builtins.isinstance", "bytes.rsplit", "bytes.split", "jwt.utils.base64url_decode", "json.loads", "builtins.isinstance", "jwt.utils.base64url_decode", "jwt.utils.base64url_decode", "jwt.exceptions.DecodeError", "jwt.exceptions.DecodeError", "jwt.exceptions.DecodeError", "jwt.exceptions.DecodeError", "jwt.exceptions.DecodeError", "jwt.exceptions.DecodeError", "jwt.exceptions.DecodeError"], ".DyPyBench.temp.project15.jwt.api_jws.PyJWS._verify_signature": ["jwt.api_jws.PyJWS.get_algorithm_by_name", "jwt.algorithms.HMACAlgorithm.prepare_key", "jwt.algorithms.HMACAlgorithm.verify", "jwt.exceptions.InvalidAlgorithmError", "jwt.algorithms.NoneAlgorithm.prepare_key", "jwt.algorithms.NoneAlgorithm.verify", "jwt.exceptions.InvalidSignatureError", "jwt.exceptions.InvalidAlgorithmError", "jwt.exceptions.InvalidAlgorithmError"], ".DyPyBench.temp.project15.jwt.api_jws.PyJWS.get_algorithm_by_name": ["builtins.NotImplementedError", "builtins.NotImplementedError"], ".DyPyBench.temp.project15.jwt.api_jws.PyJWS._validate_headers": ["jwt.api_jws.PyJWS._validate_kid"], ".DyPyBench.temp.project15.jwt.api_jws.PyJWS._validate_kid": ["builtins.isinstance", "jwt.exceptions.InvalidTokenError"], ".DyPyBench.temp.project15.jwt.api_jws.PyJWS.get_unverified_header": ["jwt.api_jws.PyJWS._load", "jwt.api_jws.PyJWS._validate_headers"], ".DyPyBench.temp.project15.jwt.api_jwt.PyJWT.decode": ["jwt.api_jwt.PyJWT.decode_complete", "_warnings.warn"], ".DyPyBench.temp.project15.jwt.api_jwt.PyJWT.decode_complete": ["builtins.dict", "dict.setdefault", "jwt.api_jws.PyJWS.decode_complete", "jwt.api_jwt.PyJWT._decode_payload", "jwt.api_jwt.PyJWT._validate_claims", "dict.setdefault", "dict.setdefault", "dict.setdefault", "dict.setdefault", "dict.setdefault", "jwt.exceptions.DecodeError", "_warnings.warn", "_warnings.warn", "tests.test_compressed_jwt.CompressedPyJWT._decode_payload"], ".DyPyBench.temp.project15.jwt.api_jwt.PyJWT._decode_payload": ["json.loads", "builtins.isinstance", "jwt.exceptions.DecodeError", "jwt.exceptions.DecodeError"], ".DyPyBench.temp.project15.jwt.api_jwt.PyJWT._validate_claims": ["builtins.isinstance", "jwt.api_jwt.PyJWT._validate_required_claims", "datetime.now", "datetime.timestamp", "jwt.api_jwt.PyJWT._validate_iss", "jwt.api_jwt.PyJWT._validate_aud", "builtins.isinstance", "builtins.TypeError", "jwt.api_jwt.PyJWT._validate_exp", "jwt.api_jwt.PyJWT._validate_iat", "jwt.api_jwt.PyJWT._validate_nbf"], ".DyPyBench.temp.project15.jwt.api_jwt.PyJWT._validate_aud": ["builtins.isinstance", "builtins.isinstance", "jwt.exceptions.InvalidAudienceError", "builtins.isinstance", "jwt.exceptions.InvalidAudienceError", "builtins.isinstance", "jwt.exceptions.InvalidAudienceError", "jwt.exceptions.InvalidAudienceError", "jwt.exceptions.MissingRequiredClaimError"], ".DyPyBench.temp.project15.jwt.api_jwt.PyJWT.encode": ["builtins.isinstance", "dict.copy", "dict.get", "builtins.isinstance", "jwt.api_jwt.PyJWT._encode_payload", "jwt.api_jws.PyJWS.encode", "datetime.utctimetuple", "calendar.timegm"], ".DyPyBench.temp.project15.jwt.api_jwt.PyJWT._encode_payload": ["json.dumps", "str.encode"], ".DyPyBench.temp.project15.jwt.api_jwt.PyJWT._validate_exp": ["builtins.int", "jwt.exceptions.DecodeError", "jwt.exceptions.ExpiredSignatureError"], ".DyPyBench.temp.project15.jwt.api_jwt.PyJWT._validate_iat": ["builtins.int", "jwt.exceptions.InvalidIssuedAtError"], ".DyPyBench.temp.project15.jwt.api_jwt.PyJWT._validate_nbf": ["builtins.int", "jwt.exceptions.DecodeError"], ".DyPyBench.temp.project15.jwt.api_jwt.PyJWT._validate_iss": ["jwt.exceptions.MissingRequiredClaimError", "jwt.exceptions.InvalidIssuerError"], ".DyPyBench.temp.project15.jwt.api_jwt.PyJWT._validate_required_claims": ["dict.get", "jwt.exceptions.MissingRequiredClaimError"], ".DyPyBench.temp.project15.jwt.utils.to_base64url_uint": ["jwt.utils.bytes_from_int", "builtins.len", "jwt.utils.base64url_encode", "builtins.ValueError"], ".DyPyBench.temp.project15.jwt.utils.bytes_from_int": ["int.to_bytes"], ".DyPyBench.temp.project15.jwt.utils.from_base64url_uint": ["jwt.utils.force_bytes", "jwt.utils.base64url_decode", "int.from_bytes"]}