{".DyPyBench.temp.project23.arrow.locales.Locale.__init_subclass__": ["str.lower", "str.replace"], ".DyPyBench.temp.project23.arrow.locales": ["dict.copy", "dict.copy"], ".DyPyBench.temp.project23.arrow.constants": ["datetime.timestamp", "datetime.toordinal"], ".DyPyBench.temp.project23.arrow.formatter": ["re.compile"], ".DyPyBench.temp.project23.arrow.parser": ["re.compile", "re.compile", "re.compile", "re.compile", "re.compile", "re.compile", "re.compile", "re.compile", "re.compile", "re.compile", "re.compile", "re.compile", "re.compile", "re.compile", "re.compile", "re.compile"], ".DyPyBench.temp.project23.arrow.arrow": ["arrow.arrow.Arrow.fromdatetime", "arrow.arrow.Arrow.fromdatetime"], ".DyPyBench.temp.project23.arrow.arrow.Arrow.fromdatetime": ["dateutil.tz.tz.tzutc", "builtins.getattr", "arrow.arrow.Arrow"], ".DyPyBench.temp.project23.arrow.arrow.Arrow.__init__": ["builtins.isinstance", "builtins.hasattr", "builtins.isinstance", "dict.get", "datetime.datetime"], ".DyPyBench.temp.project23.arrow.api": ["arrow.factory.ArrowFactory"]}