{".DyPyBench.temp.project36.zerorpc.gevent_zmq": ["logging.getLogger"], ".DyPyBench.temp.project36.zerorpc.events": ["logging.getLogger"], ".DyPyBench.temp.project36.zerorpc.channel": ["logging.getLogger"], ".DyPyBench.temp.project36.zerorpc.patterns": ["zerorpc.patterns.ReqStream", "zerorpc.patterns.ReqRep"], ".DyPyBench.temp.project36.zerorpc.decorators": ["zerorpc.patterns.ReqRep", "zerorpc.patterns.ReqStream"], ".DyPyBench.temp.project36.zerorpc.core": ["logging.getLogger"], ".DyPyBench.temp.project36.zerorpc.decorators.DecoratorBase.__init__": ["builtins.str", "builtins.getattr"], ".DyPyBench.temp.project36.zerorpc.events.Events.__init__": ["zerorpc.context.Context.get_instance", "zerorpc.gevent_zmq.Context.socket", "zerorpc.events.Sender", "zerorpc.events.Receiver"], ".DyPyBench.temp.project36.zerorpc.context.Context.get_instance": ["zerorpc.context.Context"], ".DyPyBench.temp.project36.zerorpc.context.Context.__init__": ["zmq.sugar.context.Context.__init__", "zerorpc.context.Context._reset_msgid"], ".DyPyBench.temp.project36.zerorpc.context.Context._reset_msgid": ["uuid.uuid4", "future.utils.tobytes", "random.Random.randrange", "random.Random.randrange"], ".DyPyBench.temp.project36.zerorpc.gevent_zmq.Context.socket": ["zerorpc.gevent_zmq.Socket"], ".DyPyBench.temp.project36.zerorpc.gevent_zmq.Socket.__init__": ["zmq.sugar.socket.Socket.__init__", "zmq.backend.cython.socket.Socket.get", "gevent._gevent_cevent.Event", "gevent._gevent_cevent.Event", "gevent._gevent_c_hub_local.get_hub", "gevent.libev.corecext.loop.io", "gevent.libev.corecext.io.start"], ".DyPyBench.temp.project36.zerorpc.events.Sender.__init__": ["gevent._gevent_cqueue.Channel", "gevent._gevent_cgreenlet.Greenlet.spawn"], ".DyPyBench.temp.project36.zerorpc.events.Receiver.__init__": ["gevent._gevent_cqueue.Channel", "gevent._gevent_cgreenlet.Greenlet.spawn"], ".DyPyBench.temp.project36.zerorpc.events.Events.bind": ["zerorpc.events.Events._resolve_endpoint", "zmq.sugar.socket.Socket.bind", "list.append", "logging.Logger.debug"], ".DyPyBench.temp.project36.zerorpc.events.Events._resolve_endpoint": ["zerorpc.context.Context.hook_resolve_endpoint", "builtins.isinstance"], ".DyPyBench.temp.project36.zerorpc.channel.ChannelMultiplexer.__init__": ["gevent._gevent_cqueue.Queue", "gevent._gevent_cgreenlet.Greenlet.spawn"], ".DyPyBench.temp.project36.zerorpc.events.Events.connect": ["zerorpc.events.Events._resolve_endpoint", "zerorpc.gevent_zmq.Socket.connect", "list.append", "logging.Logger.debug"], ".DyPyBench.temp.project36.zerorpc.gevent_zmq.Socket.connect": ["zmq.sugar.socket.Socket.connect"], ".DyPyBench.temp.project36.zerorpc.channel.ChannelMultiplexer.channel": ["gevent._gevent_cgreenlet.Greenlet.spawn", "zerorpc.channel.Channel"], ".DyPyBench.temp.project36.zerorpc.channel.Channel.__init__": ["gevent._gevent_cqueue.Queue", "logging.Logger.debug", "gevent._gevent_cqueue.Queue.put"], ".DyPyBench.temp.project36.zerorpc.heartbeat.HeartBeatOnChannel.__init__": ["gevent._gevent_cqueue.Channel", "gevent._gevent_cgreenlet.Greenlet.spawn", "greenlet._greenlet.getcurrent", "zerorpc.heartbeat.HeartBeatOnChannel._start_heartbeat"], ".DyPyBench.temp.project36.zerorpc.heartbeat.HeartBeatOnChannel._start_heartbeat": ["gevent._gevent_cgreenlet.Greenlet.spawn"], ".DyPyBench.temp.project36.zerorpc.channel.BufferedChannel.__init__": ["gevent._gevent_cevent.Event", "gevent._gevent_cqueue.Queue", "gevent._gevent_cgreenlet.Greenlet.spawn"], ".DyPyBench.temp.project36.zerorpc.channel_base.ChannelBase.emit": ["zerorpc.channel.BufferedChannel.new_event", "zerorpc.channel.BufferedChannel.emit_event", "zerorpc.channel.Channel.new_event", "zerorpc.channel.Channel.emit_event"], ".DyPyBench.temp.project36.zerorpc.channel.BufferedChannel.new_event": ["zerorpc.heartbeat.HeartBeatOnChannel.new_event"], ".DyPyBench.temp.project36.zerorpc.heartbeat.HeartBeatOnChannel.new_event": ["zerorpc.channel.Channel.new_event"], ".DyPyBench.temp.project36.zerorpc.channel.Channel.new_event": ["zerorpc.channel.ChannelMultiplexer.new_event", "logging.Logger.debug"], ".DyPyBench.temp.project36.zerorpc.channel.ChannelMultiplexer.new_event": ["zerorpc.events.Events.new_event"], ".DyPyBench.temp.project36.zerorpc.events.Events.new_event": ["zerorpc.events.Event"], ".DyPyBench.temp.project36.zerorpc.events.Event.__init__": ["zerorpc.context.Context.new_msgid"], ".DyPyBench.temp.project36.zerorpc.context.Context.new_msgid": ["str.format", "future.utils.tobytes"], ".DyPyBench.temp.project36.zerorpc.channel.BufferedChannel.emit_event": ["zerorpc.heartbeat.HeartBeatOnChannel.emit_event"], ".DyPyBench.temp.project36.zerorpc.heartbeat.HeartBeatOnChannel.emit_event": ["zerorpc.channel.Channel.emit_event"], ".DyPyBench.temp.project36.zerorpc.channel.Channel.emit_event": ["zerorpc.channel.ChannelMultiplexer.emit_event"], ".DyPyBench.temp.project36.zerorpc.channel.ChannelMultiplexer.emit_event": ["zerorpc.events.Events.emit_event"], ".DyPyBench.temp.project36.zerorpc.events.Events.emit_event": ["zerorpc.events.Event.pack", "<zerorpc.events.Sender object at 0x7f40de4ea740>", "builtins.list", "zerorpc.events.Event.pack", "list.extend", "<zerorpc.events.Sender object at 0x7f40de6b51b0>"], ".DyPyBench.temp.project36.zerorpc.events.Event.pack": ["msgpack._cmsgpack.Packer", "Packer.pack"], ".DyPyBench.temp.project36.zerorpc.events.Sender.__call__": ["gevent._gevent_cqueue.Channel.put"], ".DyPyBench.temp.project36.zerorpc.events.Receiver._recver": ["zerorpc.events.SequentialReceiver._recv", "gevent._gevent_cqueue.Channel.put"], ".DyPyBench.temp.project36.zerorpc.events.SequentialReceiver._recv": ["zerorpc.gevent_zmq.Socket.recv", "list.append"], ".DyPyBench.temp.project36.zerorpc.gevent_zmq.Socket.recv": ["zmq.backend.cython.socket.Socket.recv", "gevent._gevent_cevent.Event.clear", "gevent.hub.sleep", "gevent._gevent_cevent.Event.wait", "zmq.backend.cython.socket.Socket.get", "logging.Logger.error", "zerorpc.gevent_zmq.Socket._on_state_changed"], ".DyPyBench.temp.project36.zerorpc.channel.ChannelMultiplexer._channel_dispatcher": ["zerorpc.events.Events.recv", "dict.get", "gevent._gevent_cqueue.Queue.put", "dict.get"], ".DyPyBench.temp.project36.zerorpc.events.Events.recv": ["<zerorpc.events.Receiver object at 0x7f40de2e3fd0>", "<zerorpc.events.Receiver object at 0x7f40de525d20>", "builtins.len", "zerorpc.events.get_pyzmq_frame_buffer", "zerorpc.events.Event.unpack", "builtins.len"], ".DyPyBench.temp.project36.zerorpc.events.Receiver.__call__": ["gevent._gevent_cqueue.Channel.get"], ".DyPyBench.temp.project36.zerorpc.heartbeat.HeartBeatOnChannel._recver": ["zerorpc.channel.Channel.recv", "dict.get", "gevent._gevent_cqueue.Channel.put", "time.time", "zerorpc.heartbeat.HeartBeatOnChannel._start_heartbeat"], ".DyPyBench.temp.project36.zerorpc.channel.Channel.recv": ["gevent._gevent_cqueue.Queue.get"], ".DyPyBench.temp.project36.zerorpc.heartbeat.HeartBeatOnChannel._heartbeat": ["gevent.hub.sleep", "time.time", "time.time", "zerorpc.channel_base.ChannelBase.emit"], ".DyPyBench.temp.project36.zerorpc.channel.BufferedChannel._recver": ["zerorpc.heartbeat.HeartBeatOnChannel.recv", "gevent._gevent_cqueue.Queue.qsize", "gevent._gevent_cqueue.Queue.put"], ".DyPyBench.temp.project36.zerorpc.heartbeat.HeartBeatOnChannel.recv": ["gevent._gevent_cqueue.Channel.get"], ".DyPyBench.temp.project36.zerorpc.events.Sender._sender": ["zerorpc.events.SequentialSender._send"], ".DyPyBench.temp.project36.zerorpc.events.SequentialSender._send": ["builtins.len", "builtins.range", "zerorpc.gevent_zmq.Socket.send", "zerorpc.gevent_zmq.Socket.send"], ".DyPyBench.temp.project36.zerorpc.gevent_zmq.Socket.send": ["zmq.sugar.socket.Socket.send", "zerorpc.gevent_zmq.Socket._on_state_changed"], ".DyPyBench.temp.project36.zerorpc.gevent_zmq.Socket._on_state_changed": ["zmq.backend.cython.socket.Socket.get", "gevent._gevent_cevent.Event.set", "gevent._gevent_cevent.Event.set"], ".DyPyBench.temp.project36.zerorpc.channel.ChannelMultiplexer.recv": ["gevent._gevent_cqueue.Queue.get"], ".DyPyBench.temp.project36.zerorpc.events.Event.unpack": ["msgpack._cmsgpack.Unpacker", "Unpacker.feed", "Unpacker.unpack", "builtins.isinstance", "zerorpc.events.Event"], ".DyPyBench.temp.project36.zerorpc.channel.BufferedChannel.recv": ["gevent._gevent_cqueue.Queue.get"], ".DyPyBench.temp.project36.zerorpc.channel.BufferedChannel.close": ["gevent._gevent_cgreenlet.Greenlet.kill", "zerorpc.heartbeat.HeartBeatOnChannel.close"], ".DyPyBench.temp.project36.zerorpc.heartbeat.HeartBeatOnChannel.close": ["gevent._gevent_cgreenlet.Greenlet.kill", "gevent._gevent_cgreenlet.Greenlet.kill", "zerorpc.channel.Channel.close"], ".DyPyBench.temp.project36.zerorpc.channel.Channel.close": ["logging.Logger.debug"]}