{".DyPyBench.temp.project22.decouple": ["decouple.Undefined", "collections.OrderedDict", "decouple.AutoConfig", "configparser.RawConfigParser.read_file"], ".DyPyBench.temp.project22.decouple.AutoConfig.__call__": ["<MagicMock name=_caller_path id=140160700335584", "decouple.AutoConfig._load", "<decouple.Config object at 0x7f79b4c5acb0>", "<MagicMock name=_caller_path id=140160698262064>", "<decouple.Config object at 0x7f79b4a43f70>", "<MagicMock name=_caller_path id=140160698974704>", "<decouple.Config object at 0x7f79b49d9cc0>", "decouple.AutoConfig._caller_path", "<decouple.Config object at 0x7f79b4b35540>", "<decouple.Config object at 0x7f79b4be18a0>", "<decouple.Config object at 0x7f79b4a1d7e0>", "<decouple.Config object at 0x7f79b4ce7940>", "<decouple.Config object at 0x7f79b4cfece0>", "<MagicMock name=_caller_path id=140160698409280>", "<decouple.Config object at 0x7f79b49fc2b0>", "<MagicMock name=_caller_path id=140160699092272>", "<decouple.Config object at 0x7f79b4c21c90>"], ".DyPyBench.temp.project22.decouple.AutoConfig._load": ["posixpath.abspath", "decouple.AutoConfig._find_file", "posixpath.basename", "OrderedDict.get", "decouple.RepositoryEnv", "decouple.Config", "decouple.RepositoryIni", "decouple.RepositoryEmpty"], ".DyPyBench.temp.project22.decouple.AutoConfig._find_file": ["posixpath.join", "genericpath.isfile", "posixpath.dirname", "posixpath.abspath", "decouple.AutoConfig._find_file", "<MagicMock name=isfile id=140160697763008>", "<MagicMock name=isfile id=140160697776640>", "<MagicMock name=isfile id=140160698726960>"], ".DyPyBench.temp.project22.decouple.RepositoryEnv.__init__": ["io.open", "str.strip", "str.startswith", "str.split", "str.strip", "str.strip", "builtins.len", "<MagicMock name=open.__qualname__.__radd__().__iadd__() id=140160698283344", "<MagicMock name=open id=140160698458624>"], ".DyPyBench.temp.project22.decouple.Config.__call__": ["decouple.Config.get"], ".DyPyBench.temp.project22.decouple.Config.get": ["builtins.isinstance", "decouple.Config._cast_do_nothing", "decouple.Config._cast_boolean", "builtins.isinstance", "str.format", "decouple.UndefinedValueError"], ".DyPyBench.temp.project22.decouple.RepositoryIni.__init__": ["configparser.ConfigParser", "io.open", "decouple.<lambda>", "<MagicMock name=open.__qualname__.__radd__().__iadd__() id=140160698057488", "<MagicMock name=open id=140160696786496>"], ".DyPyBench.temp.project22.decouple.RepositoryIni.__contains__": ["configparser.RawConfigParser.has_option"], ".DyPyBench.temp.project22.decouple.RepositoryIni.__getitem__": ["configparser.RawConfigParser.get"], ".DyPyBench.temp.project22.decouple.AutoConfig._caller_path": ["sys._getframe", "posixpath.dirname"], ".DyPyBench.temp.project22.decouple.Config._cast_boolean": ["builtins.str", "decouple.strtobool", "builtins.bool"], ".DyPyBench.temp.project22.decouple.strtobool": ["builtins.isinstance", "str.lower", "builtins.ValueError"], ".DyPyBench.temp.project22.decouple.Choices.__init__": ["list.extend", "list.extend"], ".DyPyBench.temp.project22.decouple.Choices.__call__": ["builtins.str", "str.format", "builtins.ValueError", "builtins.int"], ".DyPyBench.temp.project22.decouple.Csv.__call__": ["shlex.shlex", "decouple.Csv.__call__.<locals>.<lambda>", "str.strip", "builtins.str", "builtins.int", "tests.test_helper_csv.test_csv.<locals>.<lambda>", "builtins.list"], ".DyPyBench.temp.project22.decouple.RepositorySecret.__init__": ["posix.listdir", "posixpath.join", "io.open", "TextIOWrapper.read"]}