{".DyPyBench.temp.project13.uvicorn.config": ["logging.getLogger"], ".DyPyBench.temp.project13.uvicorn.server": ["logging.getLogger"], ".DyPyBench.temp.project13.uvicorn._subprocess": ["multiprocessing.context.BaseContext.allow_connection_pickling", "multiprocessing.context.DefaultContext.get_context"], ".DyPyBench.temp.project13.uvicorn.supervisors.basereload": ["logging.getLogger"], ".DyPyBench.temp.project13.uvicorn.supervisors.multiprocess": ["logging.getLogger"], ".DyPyBench.temp.project13.uvicorn.main": ["dict.keys", "builtins.list", "click.types.Choice", "dict.keys", "builtins.list", "click.types.Choice", "dict.keys", "builtins.list", "click.types.Choice", "dict.keys", "builtins.list", "click.types.Choice", "dict.keys", "click.types.Choice", "click.types.Choice", "logging.getLogger"], ".DyPyBench.temp.project13.uvicorn.protocols.http.httptools_impl": ["re.compile", "re.compile", "builtins.range", "uvicorn.protocols.http.httptools_impl._get_status_line"], ".DyPyBench.temp.project13.uvicorn.protocols.http.httptools_impl._get_status_line": ["http.HTTPStatus", "str.encode", "builtins.str", "str.encode", "bytes.join"]}