{".DyPyBench.temp.project56.pickledb": ["builtins.TypeError"], ".DyPyBench.temp.project56.pickledb.load": ["pickledb.PickleDB"], ".DyPyBench.temp.project56.pickledb.PickleDB.__init__": ["pickledb.PickleDB.load", "pickledb.PickleDB.set_sigterm_handler"], ".DyPyBench.temp.project56.pickledb.PickleDB.load": ["posixpath.expanduser", "genericpath.exists"], ".DyPyBench.temp.project56.pickledb.PickleDB.set_sigterm_handler": ["signal.signal"], ".DyPyBench.temp.project56.pickledb.PickleDB.__getitem__": ["pickledb.PickleDB.get"], ".DyPyBench.temp.project56.pickledb.PickleDB.__setitem__": ["pickledb.PickleDB.set"], ".DyPyBench.temp.project56.pickledb.PickleDB.set": ["builtins.isinstance", "pickledb.PickleDB._autodumpdb"], ".DyPyBench.temp.project56.pickledb.PickleDB.__delitem__": ["pickledb.PickleDB.rem"], ".DyPyBench.temp.project56.pickledb.PickleDB.rem": ["pickledb.PickleDB._autodumpdb"], ".DyPyBench.temp.project56.pickledb.PickleDB.deldb": ["pickledb.PickleDB._autodumpdb"], ".DyPyBench.temp.project56.pickledb.PickleDB.dcreate": ["builtins.isinstance", "pickledb.PickleDB._autodumpdb"], ".DyPyBench.temp.project56.pickledb.PickleDB.lcreate": ["builtins.isinstance", "pickledb.PickleDB._autodumpdb"], ".DyPyBench.temp.project56.pickledb.PickleDB.getall": ["dict.keys"], ".DyPyBench.temp.project56.pickledb.PickleDB.append": ["pickledb.PickleDB._autodumpdb"], ".DyPyBench.temp.project56.pickledb.PickleDB.ladd": ["list.append", "pickledb.PickleDB._autodumpdb"], ".DyPyBench.temp.project56.pickledb.PickleDB.lremlist": ["builtins.len", "pickledb.PickleDB._autodumpdb"], ".DyPyBench.temp.project56.pickledb.PickleDB.dadd": ["pickledb.PickleDB._autodumpdb"], ".DyPyBench.temp.project56.pickledb.PickleDB.drem": ["pickledb.PickleDB._autodumpdb"]}